timeslot,revisionno,discomcode,BTPS,PRAGATI,RPH,DADRI_T,GT_OC,CSGS,GT_RLNG,PRG_RLNG,DVC,GT_LF,GT_CC,PRG_G_CC,GT_RLG_C,GT_LF_CC,PG_RLG_C,REGULATE,MTPS6,JHAJJAR,NJPC,CCGT_OC,CCGT_CC,CCGT_RCC,CCGT_ROC,CLPJHAJR,MEJIA7,MAITHON,SECI,RITHL_CC,RITHL_OC,RITHL_RC,RITHL_RO,NHPC,DADRI_T2,ANTA_GF,AURY_GF,FARAKKA,RIHAND1,RIHAND2,RIHAND3,SASAN,SNGRAULI,UNCHHAR1,UNCHHAR2,UNCHHAR3,KAHLGAN1,KAHLGAN2,DADRI_GF,ANTA_RF,AURY_RF,DADRI_RF,KOLDAM,TH_HPP,KTWR_HEP,SEWA2,DMSWSL,NAPP,RAPPB,MUNDRA,RAMPUR,RAPPC,TALA,ANTA_LF,AURY_LF,DADRI_LF,URI,URI2,CHAMERA1,CHAMERA2,CHAMERA3,DHAULIGNGA,DULHASTI,PARBATI3,SALAL,TANAKPUR,BSIUL,UNCHAHAR4,PRG_CCLF,PRG_OCLF,CCGTCCSPOT,CCGTOCSPOT,SNG_HYDRO,SHEP,GIREL,RUMS_DMRC,SEIPL,THPPL,NHPPL,ANTA_CRF,AURY_CRF,DADR_CRF,ALFANR_I,ALFANR_II,ALFANR_III,ERCPL_FTG,ERPCL_FTG2,AP41PL_BHDL,ASE4PL,KUDGI,SRIJAN_M,SITAC_BRPL,SITAC_BYPL,TANDA2,KSHNGNGA,SOLAPUR,MEJA,TWEPL,GBHHPL,THAR_BYPL,THAR_BRPL,ASEJ2PL_BYPL,ASEJ2PL_TPDDL
1,58EnBYPL2023/12/02,BYPL,0.0000,0.0000,0.0000,0.0000,6.8220,0.0000,0.0000,0.0000,70.6807,0.0000,9.5508,42.5855,0.0000,0.0000,12.0525,0.0000,22.9108,43.4874,0.0000,0.0000,57.6000,0.0000,0.0000,0.0000,104.7400,0.0000,0.0000,0.0000,0.0000,0.0000,0.0000,0.0000,164.1561,0.0000,0.0000,4.6076,0.0000,30.0050,50.3832,268.5112,61.1471,5.2222,10.7671,6.7031,8.8392,37.4701,0.0000,0.0000,0.0000,0.0000,0.0000,0.0000,0.0000,0.0000,0.0000,0.0000,0.0000,0.0000,0.0000,13.7312,0.0000,0.0000,0.0000,0.0000,10.0940,6.2865,0.0000,0.0000,0.0000,0.0000,4.1859,0.0000,0.5893,2.1158,0.0000,0.0000,0.0000,0.0000,231.7500,0.0000,0.0000,0.0000,0.0000,0.0000,0.0000,0.0000,0.0000,8.2677,13.8760,23.3832,0.0000,35.0000,0.0000,0.0000,300.0000,0.0000,200.0000,0.0000,0.0000,0.0000,83.3800,0.0000,0.0000,0.0000,0.0000,5.9492,0.0000,300.0000,0.0000,200.0000,0.0000
2,58EnBYPL2023/12/02,BYPL,0.0000,0.0000,0.0000,0.0000,6.8220,0.0000,0.0000,0.0000,70.6807,0.0000,9.5508,42.5855,0.0000,0.0000,12.0525,0.0000,22.9108,43.4874,0.0000,0.0000,57.6000,0.0000,0.0000,0.0000,104.7400,0.0000,0.0000,0.0000,0.0000,0.0000,0.0000,0.0000,164.1561,0.0000,0.0000,4.6076,0.0000,30.0050,50.3832,268.5112,61.1471,5.2222,10.7671,6.7031,8.8392,37.4701,0.0000,0.0000,0.0000,0.0000,0.0000,0.0000,0.0000,0.0000,0.0000,0.0000,0.0000,0.0000,0.0000,13.7312,0.0000,0.0000,0.0000,0.0000,10.0940,6.2865,0.0000,0.0000,0.0000,0.0000,4.1859,0.0000,0.5893,2.1158,0.0000,0.0000,0.0000,0.0000,231.7500,0.0000,0.0000,0.0000,0.0000,0.0000,0.0000,0.0000,0.0000,8.2677,13.8760,23.3832,0.0000,34.9200,0.0000,0.0000,300.0000,0.0000,200.0000,0.0000,0.0000,0.0000,83.2200,0.0000,0.0000,0.0000,0.0000,5.9492,0.0000,300.0000,0.0000,200.0000,0.0000
3,58EnBYPL2023/12/02,BYPL,0.0000,0.0000,0.0000,0.0000,6.8220,0.0000,0.0000,0.0000,70.6807,0.0000,9.5508,42.5855,0.0000,0.0000,12.0525,0.0000,22.9108,43.4874,0.0000,0.0000,57.6000,0.0000,0.0000,0.0000,104.7400,0.0000,0.0000,0.0000,0.0000,0.0000,0.0000,0.0000,164.1561,0.0000,0.0000,4.6076,0.0000,30.0050,50.3832,268.5112,61.1471,5.2222,10.7671,6.7031,8.8392,37.4701,0.0000,0.0000,0.0000,0.0000,0.0000,0.0000,0.0000,0.0000,0.0000,0.0000,0.0000,0.0000,0.0000,13.7312,0.0000,0.0000,0.0000,0.0000,2.2428,6.2865,0.0000,0.0000,0.0000,0.0000,0.0000,0.0000,3.8379,2.1158,0.0000,0.0000,0.0000,0.0000,231.7500,0.0000,0.0000,0.0000,0.0000,0.0000,0.0000,0.0000,0.0000,8.2677,13.8760,23.3832,0.0000,34.6600,0.0000,0.0000,300.0000,0.0000,200.0000,0.0000,0.0000,0.0000,83.0500,0.0000,0.0000,0.0000,0.0000,5.9492,0.0000,300.0000,0.0000,200.0000,0.0000
4,58EnBYPL2023/12/02,BYPL,0.0000,0.0000,0.0000,0.0000,6.8220,0.0000,0.0000,0.0000,70.6807,0.0000,9.5508,42.5855,0.0000,0.0000,12.0525,0.0000,22.9108,43.4874,0.0000,0.0000,57.6000,0.0000,0.0000,0.0000,104.7400,0.0000,0.0000,0.0000,0.0000,0.0000,0.0000,0.0000,164.1561,0.0000,0.0000,4.6076,0.0000,30.0050,50.3832,268.5112,61.1471,5.2222,10.7671,6.7031,8.8392,37.4701,0.0000,0.0000,0.0000,0.0000,0.0000,0.0000,0.0000,0.0000,0.0000,0.0000,0.0000,0.0000,0.0000,13.7312,0.0000,0.0000,0.0000,0.0000,1.4021,6.2865,0.0000,0.0000,0.0000,0.0000,0.0000,0.0000,18.0035,2.1158,0.0000,0.0000,0.0000,0.0000,231.7500,0.0000,0.0000,0.0000,0.0000,0.0000,0.0000,0.0000,0.0000,8.2677,13.8760,23.3832,0.0000,34.5100,0.0000,0.0000,300.0000,0.0000,200.0000,0.0000,0.0000,0.0000,82.9400,0.0000,0.0000,0.0000,0.0000,5.9492,0.0000,300.0000,0.0000,200.0000,0.0000
5,58EnBYPL2023/12/02,BYPL,0.0000,0.0000,0.0000,0.0000,6.8220,0.0000,0.0000,0.0000,70.6807,0.0000,9.5508,42.5855,0.0000,0.0000,12.0525,0.0000,22.9108,43.4874,0.0000,0.0000,57.6000,0.0000,0.0000,0.0000,104.7400,0.0000,0.0000,0.0000,0.0000,0.0000,0.0000,0.0000,164.1561,0.0000,0.0000,4.6076,0.0000,30.0050,50.3832,268.5112,61.1471,5.2222,10.7671,6.7031,8.8392,37.4701,0.0000,0.0000,0.0000,0.0000,0.0000,0.0000,0.0000,0.0000,0.0000,0.0000,0.0000,0.0000,0.0000,13.7312,0.0000,0.0000,0.0000,0.0000,1.4021,6.2865,0.0000,0.0000,0.0000,0.0000,0.0000,0.0000,18.0035,2.1158,0.0000,0.0000,0.0000,0.0000,231.7500,0.0000,0.0000,0.0000,0.0000,0.0000,0.0000,0.0000,0.0000,8.2677,13.8760,23.3832,0.0000,34.4000,0.0000,0.0000,300.0000,0.0000,200.0000,0.0000,0.0000,0.0000,82.7700,0.0000,0.0000,0.0000,0.0000,5.9492,0.0000,300.0000,0.0000,200.0000,0.0000
6,58EnBYPL2023/12/02,BYPL,0.0000,0.0000,0.0000,0.0000,6.8220,0.0000,0.0000,0.0000,70.6807,0.0000,9.5508,42.5855,0.0000,0.0000,12.0525,0.0000,22.9108,43.4874,0.0000,0.0000,57.6000,0.0000,0.0000,0.0000,104.7400,0.0000,0.0000,0.0000,0.0000,0.0000,0.0000,0.0000,164.1561,0.0000,0.0000,4.6076,0.0000,30.0050,50.3832,268.5112,61.1471,5.2222,10.7671,6.7031,8.8392,37.4701,0.0000,0.0000,0.0000,0.0000,0.0000,0.0000,0.0000,0.0000,0.0000,0.0000,0.0000,0.0000,0.0000,13.7312,0.0000,0.0000,0.0000,0.0000,1.4021,6.2865,0.0000,0.0000,0.0000,0.0000,0.0000,0.0000,18.0035,2.1158,0.0000,0.0000,0.0000,0.0000,231.7500,0.0000,0.0000,0.0000,0.0000,0.0000,0.0000,0.0000,0.0000,8.2677,13.8760,23.3832,0.0000,29.9500,0.0000,0.0000,300.0000,0.0000,200.0000,0.0000,0.0000,0.0000,82.5300,0.0000,0.0000,0.0000,0.0000,5.9492,0.0000,300.0000,0.0000,200.0000,0.0000
7,58EnBYPL2023/12/02,BYPL,0.0000,0.0000,0.0000,0.0000,6.8220,0.0000,0.0000,0.0000,70.6807,0.0000,9.5508,42.5855,0.0000,0.0000,12.0525,0.0000,22.9108,43.4874,0.0000,0.0000,57.6000,0.0000,0.0000,0.0000,104.7400,0.0000,0.0000,0.0000,0.0000,0.0000,0.0000,0.0000,164.1561,0.0000,0.0000,4.6076,0.0000,30.0050,50.3832,268.5112,61.1471,5.2222,10.7671,6.7031,8.8392,37.4701,0.0000,0.0000,0.0000,0.0000,0.0000,0.0000,0.0000,0.0000,0.0000,0.0000,0.0000,0.0000,0.0000,13.7312,0.0000,0.0000,0.0000,0.0000,1.4021,2.3927,0.0000,0.0000,0.0000,0.0000,0.0000,0.0000,18.0035,0.8128,0.0000,0.0000,0.0000,0.0000,231.7500,0.0000,0.0000,0.0000,0.0000,0.0000,0.0000,0.0000,0.0000,8.2677,13.8760,23.3832,0.0000,29.9300,0.0000,0.0000,300.0000,0.0000,200.0000,0.0000,0.0000,0.0000,82.3800,0.0000,0.0000,0.0000,0.0000,5.9492,0.0000,300.0000,0.0000,200.0000,0.0000
8,58EnBYPL2023/12/02,BYPL,0.0000,0.0000,0.0000,0.0000,6.8220,0.0000,0.0000,0.0000,70.6807,0.0000,9.5508,42.5855,0.0000,0.0000,12.0525,0.0000,22.9108,43.4874,0.0000,0.0000,57.6000,0.0000,0.0000,0.0000,104.7400,0.0000,0.0000,0.0000,0.0000,0.0000,0.0000,0.0000,164.1561,0.0000,0.0000,4.6076,0.0000,30.0050,50.3832,268.5112,61.1471,5.2222,10.7671,6.7031,8.8392,37.4701,0.0000,0.0000,0.0000,0.0000,0.0000,0.0000,0.0000,0.0000,0.0000,0.0000,0.0000,0.0000,0.0000,13.7312,0.0000,0.0000,0.0000,0.0000,1.4021,1.5367,0.0000,0.0000,0.0000,0.0000,0.0000,0.0000,2.3622,0.8128,0.0000,0.0000,0.0000,0.0000,231.7500,0.0000,0.0000,0.0000,0.0000,0.0000,0.0000,0.0000,0.0000,8.2677,13.8760,23.3832,0.0000,29.9500,0.0000,0.0000,300.0000,0.0000,200.0000,0.0000,0.0000,0.0000,82.2100,0.0000,0.0000,0.0000,0.0000,5.9492,0.0000,300.0000,0.0000,200.0000,0.0000
9,58EnBYPL2023/12/02,BYPL,0.0000,0.0000,0.0000,0.0000,6.8220,0.0000,0.0000,0.0000,70.6807,0.0000,9.5508,42.5855,0.0000,0.0000,12.0525,0.0000,22.9108,43.4874,0.0000,0.0000,57.6000,0.0000,0.0000,0.0000,104.7400,0.0000,0.0000,0.0000,0.0000,0.0000,0.0000,0.0000,164.1561,0.0000,0.0000,4.6076,0.0000,30.0050,50.3832,268.5112,61.1471,5.2222,10.7671,6.7031,8.8392,37.4701,0.0000,0.0000,0.0000,0.0000,0.0000,0.0000,0.0000,0.0000,0.0000,0.0000,0.0000,0.0000,0.0000,13.7312,0.0000,0.0000,0.0000,0.0000,1.4021,1.5367,0.0000,0.0000,0.0000,0.0000,0.0000,0.0000,0.5893,0.8128,0.0000,0.0000,0.0000,0.0000,231.7500,0.0000,0.0000,0.0000,0.0000,0.0000,0.0000,0.0000,0.0000,8.2677,13.8760,23.3832,0.0000,33.3400,0.0000,0.0000,300.0000,0.0000,200.0000,0.0000,0.0000,0.0000,81.9100,0.0000,0.0000,0.0000,0.0000,5.9492,0.0000,300.0000,0.0000,200.0000,0.0000
10,58EnBYPL2023/12/02,BYPL,0.0000,0.0000,0.0000,0.0000,6.8220,0.0000,0.0000,0.0000,70.6807,0.0000,9.5508,42.5855,0.0000,0.0000,12.0525,0.0000,22.9108,43.4874,0.0000,0.0000,57.6000,0.0000,0.0000,0.0000,104.7400,0.0000,0.0000,0.0000,0.0000,0.0000,0.0000,0.0000,164.1561,0.0000,0.0000,4.6076,0.0000,30.0050,50.3832,268.5112,61.1471,5.2222,10.7671,6.7031,8.8392,37.4701,0.0000,0.0000,0.0000,0.0000,0.0000,0.0000,0.0000,0.0000,0.0000,0.0000,0.0000,0.0000,0.0000,13.7312,0.0000,0.0000,0.0000,0.0000,1.4021,1.5367,0.0000,0.0000,0.0000,0.0000,0.0000,0.0000,0.5893,0.8128,0.0000,0.0000,0.0000,0.0000,231.7500,0.0000,0.0000,0.0000,0.0000,0.0000,0.0000,0.0000,0.0000,8.2677,13.8760,23.3832,0.0000,33.3400,0.0000,0.0000,300.0000,0.0000,200.0000,0.0000,0.0000,0.0000,81.3500,0.0000,0.0000,0.0000,0.0000,5.9492,0.0000,300.0000,0.0000,200.0000,0.0000
11,58EnBYPL2023/12/02,BYPL,0.0000,0.0000,0.0000,0.0000,6.8220,0.0000,0.0000,0.0000,70.6807,0.0000,9.5508,42.5855,0.0000,0.0000,12.0525,0.0000,22.9108,43.4874,0.0000,0.0000,57.6000,0.0000,0.0000,0.0000,104.7400,0.0000,0.0000,0.0000,0.0000,0.0000,0.0000,0.0000,164.1561,0.0000,0.0000,4.6076,0.0000,30.0050,50.3832,268.5112,61.1471,5.2222,10.7671,6.7031,8.8392,37.4701,0.0000,0.0000,0.0000,0.0000,0.0000,0.0000,0.0000,0.0000,0.0000,0.0000,0.0000,0.0000,0.0000,13.7312,0.0000,0.0000,0.0000,0.0000,1.4021,1.5367,0.0000,0.0000,0.0000,0.0000,0.0000,0.0000,0.5893,0.8128,0.0000,0.0000,0.0000,0.0000,231.7500,0.0000,0.0000,0.0000,0.0000,0.0000,0.0000,0.0000,0.0000,8.2677,13.8760,23.3832,0.0000,33.3400,0.0000,0.0000,300.0000,0.0000,200.0000,0.0000,0.0000,0.0000,83.3800,0.0000,0.0000,0.0000,0.0000,5.9492,0.0000,300.0000,0.0000,200.0000,0.0000
12,58EnBYPL2023/12/02,BYPL,0.0000,0.0000,0.0000,0.0000,6.8220,0.0000,0.0000,0.0000,70.6807,0.0000,9.5508,42.5855,0.0000,0.0000,12.0525,0.0000,22.9108,43.4874,0.0000,0.0000,57.6000,0.0000,0.0000,0.0000,104.7400,0.0000,0.0000,0.0000,0.0000,0.0000,0.0000,0.0000,164.1561,0.0000,0.0000,4.6076,0.0000,30.0050,50.3832,268.5112,61.1471,5.2222,10.7671,6.7031,8.8392,37.4701,0.0000,0.0000,0.0000,0.0000,0.0000,0.0000,0.0000,0.0000,0.0000,0.0000,0.0000,0.0000,0.0000,13.7312,0.0000,0.0000,0.0000,0.0000,1.4021,1.5367,0.0000,0.0000,0.0000,0.0000,0.0000,0.0000,0.5893,0.8128,0.0000,0.0000,0.0000,0.0000,231.7500,0.0000,0.0000,0.0000,0.0000,0.0000,0.0000,0.0000,0.0000,8.2677,13.8760,23.3832,0.0000,33.3400,0.0000,0.0000,300.0000,0.0000,200.0000,0.0000,0.0000,0.0000,83.2200,0.0000,0.0000,0.0000,0.0000,5.9492,0.0000,300.0000,0.0000,200.0000,0.0000
13,58EnBYPL2023/12/02,BYPL,0.0000,0.0000,0.0000,0.0000,6.8220,0.0000,0.0000,0.0000,70.6807,0.0000,9.5508,42.5855,0.0000,0.0000,12.0525,0.0000,22.9108,43.4874,0.0000,0.0000,57.6000,0.0000,0.0000,0.0000,104.7400,0.0000,0.0000,0.0000,0.0000,0.0000,0.0000,0.0000,164.1561,0.0000,0.0000,4.6076,0.0000,30.0050,50.3832,268.5112,61.1471,5.2222,10.7671,6.7031,8.8392,37.4701,0.0000,0.0000,0.0000,0.0000,0.0000,0.0000,0.0000,0.0000,0.0000,0.0000,0.0000,0.0000,0.0000,13.7312,0.0000,0.0000,0.0000,0.0000,1.4021,1.5367,0.0000,0.0000,0.0000,0.0000,0.0000,0.0000,0.5893,0.8128,0.0000,0.0000,0.0000,0.0000,231.7500,0.0000,0.0000,0.0000,0.0000,0.0000,0.0000,0.0000,0.0000,8.2677,13.8760,23.3832,0.0000,36.6600,0.0000,0.0000,300.0000,0.0000,200.0000,0.0000,0.0000,0.0000,83.0500,0.0000,0.0000,0.0000,0.0000,5.9492,0.0000,300.0000,0.0000,200.0000,0.0000
14,58EnBYPL2023/12/02,BYPL,0.0000,0.0000,0.0000,0.0000,6.8220,0.0000,0.0000,0.0000,70.6807,0.0000,9.5508,42.5855,0.0000,0.0000,12.0525,0.0000,22.9108,43.4874,0.0000,0.0000,57.6000,0.0000,0.0000,0.0000,104.7400,0.0000,0.0000,0.0000,0.0000,0.0000,0.0000,0.0000,164.1561,0.0000,0.0000,4.6076,0.0000,30.0050,50.3832,268.5112,61.1471,5.2222,10.7671,6.7031,8.8392,37.4701,0.0000,0.0000,0.0000,0.0000,0.0000,0.0000,0.0000,0.0000,0.0000,0.0000,0.0000,0.0000,0.0000,13.7312,0.0000,0.0000,0.0000,0.0000,1.4021,1.5367,0.0000,0.0000,0.0000,0.0000,0.0000,0.0000,0.5893,0.8128,0.0000,0.0000,0.0000,0.0000,231.7500,0.0000,0.0000,0.0000,0.0000,0.0000,0.0000,0.0000,0.0000,8.2677,13.8760,23.3832,0.0000,36.6600,0.0000,0.0000,300.0000,0.0000,200.0000,0.0000,0.0000,0.0000,82.9400,0.0000,0.0000,0.0000,0.0000,5.9492,0.0000,300.0000,0.0000,200.0000,0.0000
15,58EnBYPL2023/12/02,BYPL,0.0000,0.0000,0.0000,0.0000,6.8220,0.0000,0.0000,0.0000,70.6807,0.0000,9.5508,42.5855,0.0000,0.0000,12.0525,0.0000,22.9108,43.4874,0.0000,0.0000,57.6000,0.0000,0.0000,0.0000,104.7400,0.0000,0.0000,0.0000,0.0000,0.0000,0.0000,0.0000,164.1561,0.0000,0.0000,4.6076,0.0000,30.0050,50.3832,268.5112,61.1471,5.2222,10.7671,6.7031,8.8392,37.4701,0.0000,0.0000,0.0000,0.0000,0.0000,0.0000,0.0000,0.0000,0.0000,0.0000,0.0000,0.0000,0.0000,13.7312,0.0000,0.0000,0.0000,0.0000,1.4021,1.5367,0.0000,0.0000,0.0000,0.0000,0.0000,0.0000,0.5893,0.8128,0.0000,0.0000,0.0000,0.0000,231.7500,0.0000,0.0000,0.0000,0.0000,0.0000,0.0000,0.0000,0.0000,8.2677,13.8760,23.3832,0.0000,38.3400,0.0000,0.0000,300.0000,0.0000,200.0000,0.0000,0.0000,0.0000,82.7700,0.0000,0.0000,0.0000,0.0000,5.9492,0.0000,300.0000,0.0000,200.0000,0.0000
16,58EnBYPL2023/12/02,BYPL,0.0000,0.0000,0.0000,0.0000,6.8220,0.0000,0.0000,0.0000,70.6807,0.0000,9.5508,42.5855,0.0000,0.0000,12.0525,0.0000,22.9108,43.4874,0.0000,0.0000,57.6000,0.0000,0.0000,0.0000,104.7400,0.0000,0.0000,0.0000,0.0000,0.0000,0.0000,0.0000,164.1561,0.0000,0.0000,4.6076,0.0000,30.0050,50.3832,268.5112,61.1471,5.2222,10.7671,6.7031,8.8392,37.4701,0.0000,0.0000,0.0000,0.0000,0.0000,0.0000,0.0000,0.0000,0.0000,0.0000,0.0000,0.0000,0.0000,13.7312,0.0000,0.0000,0.0000,0.0000,1.4021,1.5367,0.0000,0.0000,0.0000,0.0000,0.0000,0.0000,0.5893,0.8128,0.0000,0.0000,0.0000,0.0000,231.7500,0.0000,0.0000,0.0000,0.0000,0.0000,0.0000,0.0000,0.0000,8.2677,13.8760,23.3832,0.0000,38.3400,0.0000,0.0000,300.0000,0.0000,200.0000,0.0000,0.0000,0.0000,82.5300,0.0000,0.0000,0.0000,0.0000,5.9492,0.0000,300.0000,0.0000,200.0000,0.0000
17,58EnBYPL2023/12/02,BYPL,0.0000,0.0000,0.0000,0.0000,6.8220,0.0000,0.0000,0.0000,70.6807,0.0000,9.5508,42.5855,0.0000,0.0000,12.0525,0.0000,22.9108,43.4874,0.0000,0.0000,57.6000,0.0000,0.0000,0.0000,104.7400,0.0000,0.0000,0.0000,0.0000,0.0000,0.0000,0.0000,164.1561,0.0000,0.0000,4.6076,0.0000,30.0050,50.3832,268.5112,61.1471,5.2222,10.7671,6.7031,8.8392,37.4701,0.0000,0.0000,0.0000,0.0000,0.0000,0.0000,0.0000,0.0000,0.0000,0.0000,0.0000,0.0000,0.0000,13.7312,0.0000,0.0000,0.0000,0.0000,10.0940,1.8796,0.0000,0.0000,0.0000,0.0000,0.0000,0.0000,0.5893,0.8128,0.0000,0.0000,0.0000,0.0000,231.7500,0.0000,0.0000,0.0000,0.0000,0.0000,0.0000,0.0000,0.0000,8.2677,13.8760,23.3832,0.0000,38.3400,0.0000,0.0000,300.0000,0.0000,200.0000,0.0000,0.0000,0.0000,71.8400,0.0000,0.0000,0.0000,0.0000,5.9492,0.0000,300.0000,0.0000,200.0000,0.0000
18,58EnBYPL2023/12/02,BYPL,0.0000,0.0000,0.0000,0.0000,6.8220,0.0000,0.0000,0.0000,70.6807,0.0000,9.5508,42.5855,0.0000,0.0000,12.0525,0.0000,22.9108,43.4874,0.0000,0.0000,57.6000,0.0000,0.0000,0.0000,104.7400,0.0000,0.0000,0.0000,0.0000,0.0000,0.0000,0.0000,164.1561,0.0000,0.0000,4.6076,0.0000,30.0050,50.3832,268.5112,61.1471,5.2222,10.7671,6.7031,8.8392,37.4701,0.0000,0.0000,0.0000,0.0000,0.0000,0.0000,0.0000,0.0000,0.0000,0.0000,0.0000,0.0000,0.0000,13.7312,0.0000,0.0000,0.0000,0.0000,10.0940,1.8796,0.0000,0.0000,0.0000,0.0000,0.0000,0.0000,0.5893,0.8128,0.0000,0.0000,0.0000,0.0000,231.7500,0.0000,0.0000,0.0000,0.0000,0.0000,0.0000,0.0000,0.0000,8.2677,13.8760,23.3832,0.0000,38.3400,0.0000,0.0000,300.0000,0.0000,200.0000,0.0000,0.0000,0.0000,70.5100,0.0000,0.0000,0.0000,0.0000,5.9492,0.0000,300.0000,0.0000,200.0000,0.0000
19,58EnBYPL2023/12/02,BYPL,0.0000,0.0000,0.0000,0.0000,6.8220,0.0000,0.0000,0.0000,70.6807,0.0000,9.5508,42.5855,0.0000,0.0000,12.0525,0.0000,22.9108,43.4874,4.8108,0.0000,57.6000,0.0000,0.0000,0.0000,104.7400,0.0000,0.0000,0.0000,0.0000,0.0000,0.0000,0.0000,164.1561,0.0000,0.0000,4.6076,0.0000,30.0050,50.3832,268.5112,61.1471,5.2222,10.7671,6.7031,8.8392,37.4701,0.0000,0.0000,0.0000,0.0000,0.0000,0.0000,0.0000,0.0000,0.0000,0.0000,0.0000,0.0000,0.0000,13.7312,0.0000,0.0000,0.0000,0.0000,2.2428,1.8796,0.0000,0.0000,2.4587,0.0000,4.1859,0.0000,0.5893,0.8128,0.0000,0.0000,0.0000,0.0000,231.7500,0.0000,0.0000,0.0000,0.0000,0.0000,0.0000,0.0000,0.0000,8.2677,13.8760,23.3832,0.0000,38.3400,0.0000,0.0000,300.0000,0.0000,200.0000,0.0000,0.0000,0.0000,69.5100,0.0000,0.0000,0.0000,0.0000,5.9492,0.0000,300.0000,0.0000,200.0000,0.0000
20,58EnBYPL2023/12/02,BYPL,0.0000,0.0000,0.0000,0.0000,6.8220,0.0000,0.0000,0.0000,70.6807,0.0000,9.5508,42.5855,0.0000,0.0000,12.0525,0.0000,22.9108,43.4874,4.8108,0.0000,57.6000,0.0000,0.0000,0.0000,104.7400,0.0000,0.0000,0.0000,0.0000,0.0000,0.0000,0.0000,164.1561,0.0000,0.0000,4.6076,0.0000,30.0050,50.3832,268.5112,61.1471,5.2222,10.7671,6.7031,8.8392,37.4701,0.0000,0.0000,0.0000,0.0000,0.0000,0.0000,0.0000,0.0000,0.0000,0.0000,0.0000,0.0000,0.0000,13.7312,0.0000,0.0000,0.0000,0.0000,1.4021,1.8796,0.0000,0.0000,2.4587,0.0000,4.1859,0.0000,0.5893,0.8128,0.0000,0.0000,0.0000,0.0000,231.7500,0.0000,0.0000,0.0000,0.0000,0.0000,0.0000,0.0000,0.0000,8.2677,13.8760,23.3832,0.0000,38.0800,0.0000,0.0000,300.0000,0.0000,200.0000,0.0000,0.0000,0.0000,67.8400,0.0000,0.0000,0.0000,0.0000,5.9492,0.0000,300.0000,0.0000,200.0000,0.0000
21,58EnBYPL2023/12/02,BYPL,0.0000,0.0000,0.0000,0.0000,6.8220,0.0000,0.0000,0.0000,70.6807,0.0000,9.5508,42.5855,0.0000,0.0000,12.0525,0.0000,22.9108,43.4874,4.8108,0.0000,57.6000,0.0000,0.0000,0.0000,104.7400,0.0000,0.0000,0.0000,0.0000,0.0000,0.0000,0.0000,164.1561,0.0000,0.0000,4.6076,0.0000,30.0050,50.3832,268.5112,61.1471,5.2222,10.7671,6.7031,8.8392,24.9784,0.0000,0.0000,0.0000,0.0000,0.0000,0.0000,0.0000,0.0000,0.0000,0.0000,0.0000,0.0000,0.0000,13.7312,0.0000,0.0000,0.0000,0.0000,1.4021,1.8796,0.0000,3.3452,2.4587,0.0000,4.1859,0.0000,3.2461,0.9754,0.0000,0.0000,0.0000,0.0000,231.7500,0.0000,0.0000,0.0000,0.0000,0.0000,0.0000,0.0000,0.0000,8.2677,13.8760,23.3832,0.0000,37.5900,0.0000,0.0000,300.0000,0.0000,200.0000,0.0000,0.0000,0.0000,64.7000,0.0000,0.0000,0.0000,0.0000,5.9492,0.0000,300.0000,0.0000,200.0000,0.0000
22,58EnBYPL2023/12/02,BYPL,0.0000,0.0000,0.0000,0.0000,6.8220,0.0000,0.0000,0.0000,70.6807,0.0000,9.5508,42.5855,0.0000,0.0000,12.0525,0.0000,22.9108,43.4874,9.6215,0.0000,57.6000,0.0000,0.0000,0.0000,104.7400,0.0000,0.0000,0.0000,0.0000,0.0000,0.0000,0.0000,164.1561,0.0000,0.0000,4.6076,0.0000,30.0050,50.3832,268.5112,61.1471,5.2222,10.7671,6.7031,8.8392,24.9784,0.0000,0.0000,0.0000,0.0000,0.0000,0.0000,0.0000,0.0000,0.0000,0.0000,0.0000,0.0000,0.0000,13.7312,0.0000,0.0000,0.0000,0.0000,1.4021,1.8796,0.0000,3.3452,2.4587,0.0000,4.1859,0.0000,3.2461,0.9754,0.0000,0.0000,0.0000,0.0000,231.7500,0.0000,0.0000,0.0000,0.0000,0.0000,0.0000,0.0000,0.0000,8.2677,13.8760,23.3832,0.0000,37.1200,0.0000,0.0000,300.0000,0.0000,200.0000,0.0000,0.0000,0.0000,61.5800,0.0000,0.0000,0.0000,0.0000,5.9492,0.0000,300.0000,0.0000,200.0000,0.0000
23,58EnBYPL2023/12/02,BYPL,0.0000,0.0000,0.0000,0.0000,6.8220,0.0000,0.0000,0.0000,70.6807,0.0000,9.5508,42.5855,0.0000,0.0000,12.0525,0.0000,22.9108,43.4874,14.4323,0.0000,57.6000,0.0000,0.0000,0.0000,104.7400,0.0000,0.0000,0.0000,0.0000,0.0000,0.0000,0.0000,164.1561,0.0000,0.0000,4.6076,0.0000,30.0050,50.3832,268.5112,61.1471,5.2222,10.7671,6.7031,8.8392,24.9784,0.0000,0.0000,0.0000,0.0000,0.0000,0.0000,0.0000,0.0000,0.0000,0.0000,0.0000,0.0000,0.0000,13.7312,0.0000,0.0000,0.0000,0.0000,1.4021,1.7094,0.0000,3.3452,2.4587,0.0000,4.1859,0.0000,3.2461,2.1158,0.0000,0.0000,0.0000,0.0000,231.7500,0.0000,0.0000,0.0000,0.0000,0.0000,0.0000,0.0000,0.0000,8.2677,13.8760,23.3832,0.0000,32.4500,0.0000,0.0000,300.0000,0.0000,200.0000,0.0000,0.0000,0.0000,60.4400,0.0000,0.0000,0.0000,0.0000,5.9492,0.0000,300.0000,0.0000,200.0000,0.0000
24,58EnBYPL2023/12/02,BYPL,0.0000,0.0000,0.0000,0.0000,6.8220,0.0000,0.0000,0.0000,70.6807,0.0000,9.5508,42.5855,0.0000,0.0000,12.0525,0.0000,22.9108,43.4874,19.2430,0.0000,57.6000,0.0000,0.0000,0.0000,104.7400,0.0000,0.0000,0.0000,0.0000,0.0000,0.0000,0.0000,164.1561,0.0000,0.0000,4.6076,0.0000,30.0050,50.3832,268.5112,61.1471,5.2222,10.7671,6.7031,8.8392,24.9784,0.0000,0.0000,0.0000,0.0000,0.0000,0.0000,0.0000,1.3208,0.0000,0.0000,0.0000,0.0000,0.0000,13.7312,0.0000,0.0000,0.0000,0.0000,1.4021,1.7094,0.0000,3.3452,4.9174,2.0142,8.3718,0.9703,3.2461,2.1158,0.0000,0.0000,0.0000,0.0000,231.7500,0.0000,0.0000,0.0000,0.0000,0.0000,0.0000,0.0000,0.0000,8.2677,13.8760,23.3832,0.0000,32.3700,0.0000,0.0000,300.0000,0.0000,200.0000,0.0000,0.0000,0.0000,59.4700,0.0000,0.0000,0.0000,0.0000,5.9492,0.0000,300.0000,0.0000,200.0000,0.0000
25,58EnBYPL2023/12/02,BYPL,0.0000,0.0000,0.0000,0.0000,6.8220,0.0000,0.0000,0.0000,70.6807,0.0000,9.5508,42.5855,0.0000,0.0000,12.0525,0.0000,22.9108,43.4874,24.0538,0.0000,57.6000,0.0000,0.0000,0.0000,104.7400,0.0000,0.0000,0.0000,0.0000,0.0000,0.0000,0.0000,164.1561,0.0000,0.0000,4.6076,0.0000,30.0050,50.3832,268.5112,61.1471,5.2222,10.7671,6.7031,8.8392,24.9784,0.0000,0.0000,0.0000,0.0000,0.0000,0.0000,0.0000,1.3208,0.0000,0.0000,0.0000,0.0000,0.0000,13.7312,0.0000,0.0000,0.0000,0.0000,1.4021,1.7094,1.7856,6.6904,4.9174,4.0259,12.5578,4.2037,3.2461,2.1158,0.5588,0.0000,0.0000,0.0000,231.7500,0.0000,0.0000,0.0000,0.0000,0.0000,0.0000,0.0000,0.0000,8.1356,13.8201,23.3832,0.0000,32.2700,0.0000,0.0000,300.0000,0.0000,200.0000,0.0000,0.0000,0.0000,58.3600,0.0000,0.0000,0.0000,0.0000,5.9492,0.0000,300.0000,0.0000,200.0000,0.0000
26,58EnBYPL2023/12/02,BYPL,0.0000,0.0000,0.0000,0.0000,6.8220,0.0000,0.0000,0.0000,70.6807,0.0000,9.5508,42.5855,0.0000,0.0000,12.0525,0.0000,22.9108,43.4874,31.2699,0.0000,57.6000,0.0000,0.0000,0.0000,104.7400,0.0000,0.0000,0.0000,0.0000,0.0000,0.0000,0.0000,164.1561,0.0000,0.0000,4.6076,0.0000,30.0050,50.3832,268.5112,61.1471,5.2222,10.7671,6.7031,8.8392,24.9784,0.0000,0.0000,0.0000,0.0000,0.0000,0.0000,0.0000,2.6772,0.0000,0.0000,0.0000,0.0000,0.0000,13.7312,0.0000,0.0000,0.0000,0.0000,1.4021,1.7094,7.0231,10.0355,5.1740,6.9621,12.5578,4.2037,3.2461,0.9754,3.3122,0.0000,0.0000,0.0000,231.7500,0.0000,0.0000,0.0000,0.0000,0.0000,0.0000,0.0000,0.0000,8.1356,13.8201,23.3832,0.0000,31.9200,0.0000,0.0000,300.0000,0.0000,200.0000,0.0000,0.0000,0.0000,57.3800,0.0000,0.0000,0.0000,0.0000,5.9492,0.0000,300.0000,0.0000,200.0000,0.0000
27,58EnBYPL2023/12/02,BYPL,0.0000,0.0000,0.0000,0.0000,6.8220,0.0000,0.0000,0.0000,70.6807,0.0000,9.5508,42.5855,0.0000,0.0000,12.0525,0.0000,22.9108,43.4874,33.6753,0.0000,57.6000,0.0000,0.0000,0.0000,104.7400,0.0000,0.0000,0.0000,0.0000,0.0000,0.0000,0.0000,164.1561,0.0000,0.0000,4.6076,0.0000,30.0050,50.3832,268.5112,61.1471,5.2222,10.7671,6.7031,8.8392,24.9784,0.0000,0.0000,0.0000,0.0000,0.0000,0.0000,0.0000,2.6772,0.0000,0.0000,0.0000,0.0000,0.0000,13.7312,0.0000,0.0000,0.0000,0.0000,1.4021,1.8796,7.0231,10.0355,5.1740,6.9621,12.5578,4.2037,3.2461,0.9754,3.3122,0.0000,0.0000,0.0000,231.7500,0.0000,0.0000,0.0000,0.0000,0.0000,0.0000,0.0000,0.0000,8.1356,13.8201,23.3832,0.0000,31.4200,0.0000,0.0000,300.0000,0.0000,200.0000,0.0000,0.0000,0.0000,56.5400,0.0000,0.0000,0.0000,0.0000,5.9492,0.0000,300.0000,0.0000,200.0000,0.0000
28,58EnBYPL2023/12/02,BYPL,0.0000,0.0000,0.0000,0.0000,6.8220,0.0000,0.0000,0.0000,70.6807,0.0000,9.5508,42.5855,0.0000,0.0000,12.0525,0.0000,22.9108,43.4874,33.6753,0.0000,57.6000,0.0000,0.0000,0.0000,104.7400,0.0000,0.0000,0.0000,0.0000,0.0000,0.0000,0.0000,164.1561,0.0000,0.0000,4.6076,0.0000,30.0050,50.3832,268.5112,61.1471,5.2222,10.7671,6.7031,8.8392,24.9784,0.0000,0.0000,0.0000,0.0000,0.0000,0.0000,0.0000,2.6772,0.0000,0.0000,0.0000,0.0000,0.0000,13.7312,0.0000,0.0000,0.0000,0.0000,1.4021,1.8796,7.0231,10.0355,5.1740,6.9621,12.5578,4.2037,3.2461,0.9754,3.3122,0.0000,0.0000,0.0000,231.7500,0.0000,0.0000,0.0000,0.0000,0.0000,0.0000,0.0000,0.0000,8.1356,13.8201,23.3832,0.0000,30.5800,0.0000,0.0000,300.0000,0.0000,200.0000,0.0000,0.0000,0.0000,56.0600,0.0000,0.0000,0.0000,0.0000,5.9492,0.0000,300.0000,0.0000,200.0000,0.0000
29,58EnBYPL2023/12/02,BYPL,0.0000,0.0000,0.0000,0.0000,6.8220,0.0000,0.0000,0.0000,70.6807,0.0000,9.5508,42.5855,0.0000,0.0000,12.0525,0.0000,22.9108,43.4874,33.6753,0.0000,57.6000,0.0000,0.0000,0.0000,104.7400,0.0000,0.0400,0.0000,0.0000,0.0000,0.0000,0.0000,164.1561,0.0000,0.0000,4.6076,0.0000,30.0050,50.3832,268.5112,61.1471,5.2222,10.7671,6.7031,8.8392,24.9784,0.0000,0.0000,0.0000,0.0000,0.0000,0.0000,0.0000,2.6772,0.0000,0.0000,0.0000,0.0000,0.0000,13.7312,0.0000,0.0000,0.0000,0.0000,1.4021,1.8796,7.0231,10.0355,5.1740,6.9621,12.5578,4.2037,3.2461,0.9754,3.3122,0.0000,0.0000,0.0000,231.7500,0.0000,0.0000,0.0000,0.0000,0.0000,0.0000,0.0000,0.0000,8.1356,13.8201,23.3832,0.0000,27.5800,0.0000,0.0000,300.0000,0.0000,200.0000,0.0000,0.0000,0.0000,54.9400,0.0000,0.0000,0.0000,0.0000,5.9492,0.0000,300.0000,0.0000,200.0000,0.0000
30,58EnBYPL2023/12/02,BYPL,0.0000,0.0000,0.0000,0.0000,6.8220,0.0000,0.0000,0.0000,70.6807,0.0000,9.5508,42.5855,0.0000,0.0000,12.0525,0.0000,22.9108,43.4874,33.6753,0.0000,57.6000,0.0000,0.0000,0.0000,104.7400,0.0000,0.2400,0.0000,0.0000,0.0000,0.0000,0.0000,164.1561,0.0000,0.0000,4.6076,0.0000,30.0050,50.3832,268.5112,61.1471,5.2222,10.7671,6.7031,8.8392,24.9784,0.0000,0.0000,0.0000,0.0000,0.0000,0.0000,0.0000,2.6772,0.0000,0.0000,0.0000,0.0000,0.0000,13.7312,0.0000,0.0000,0.0000,0.0000,1.4021,1.8796,7.0231,10.0355,5.1740,6.9621,12.5578,4.2037,3.2461,0.9754,3.3122,0.0000,0.0000,0.0000,231.7500,0.0000,0.0000,0.0000,0.0000,0.0000,0.0000,0.0000,0.0000,8.1356,13.8201,23.3832,0.0000,27.2600,0.0000,0.0000,0.5900,0.0000,200.0000,0.0000,0.0000,0.0000,54.0100,0.0000,0.0000,0.0000,0.0000,5.9492,0.0000,0.6000,0.0000,200.0000,0.0000
31,58EnBYPL2023/12/02,BYPL,0.0000,0.0000,0.0000,0.0000,6.8220,0.0000,0.0000,0.0000,70.6807,0.0000,9.5508,42.5855,0.0000,0.0000,12.0525,0.0000,22.9108,43.4874,31.6078,0.0000,57.6000,0.0000,0.0000,0.0000,104.7400,0.0000,0.5333,0.0000,0.0000,0.0000,0.0000,0.0000,164.1561,0.0000,0.0000,4.6076,0.0000,30.0050,50.3832,268.5112,61.1471,5.2222,10.7671,6.7031,8.8392,24.9784,0.0000,0.0000,0.0000,0.0000,0.0000,0.0000,0.0000,2.6772,0.0000,0.0000,0.0000,0.0000,0.0000,13.7312,0.0000,0.0000,0.0000,0.0000,10.0940,2.3927,7.0231,10.0355,5.1740,6.9621,12.5578,0.9703,0.5893,0.9754,3.3122,0.0000,0.0000,0.0000,231.7500,0.0000,0.0000,0.0000,0.0000,0.0000,0.0000,0.0000,0.0000,8.1356,13.8201,23.3832,0.0000,26.7600,0.0000,0.0000,1.7700,0.0000,2.0000,0.0000,0.0000,0.0000,53.8400,0.0000,0.0000,0.0000,0.0000,5.9492,0.0000,2.1000,0.0000,2.0000,0.0000
32,58EnBYPL2023/12/02,BYPL,0.0000,0.0000,0.0000,0.0000,6.8220,0.0000,0.0000,0.0000,70.6807,0.0000,9.5508,42.5855,0.0000,0.0000,12.0525,0.0000,22.9108,43.4874,25.9791,0.0000,57.6000,0.0000,0.0000,0.0000,104.7400,0.0000,0.9533,0.0000,0.0000,0.0000,0.0000,0.0000,164.1561,0.0000,0.0000,4.6076,0.0000,30.0050,50.3832,268.5112,61.1471,5.2222,10.7671,6.7031,8.8392,24.9784,0.0000,0.0000,0.0000,0.0000,0.0000,0.0000,0.0000,1.2522,0.0000,0.0000,0.0000,0.0000,0.0000,13.7312,0.0000,0.0000,0.0000,0.0000,10.0940,2.3927,3.5687,6.6904,4.9174,4.5288,8.3718,0.0000,0.5893,0.9754,1.6561,0.0000,0.0000,0.0000,231.7500,0.0000,0.0000,0.0000,0.0000,0.0000,0.0000,0.0000,0.0000,8.1356,13.8201,23.3832,0.0000,26.4200,0.0000,0.0000,4.1200,0.0000,4.0000,0.0000,0.0000,0.0000,53.7000,0.0000,0.0000,0.0000,0.0000,5.9492,0.0000,4.8000,0.0000,4.0000,0.0000
33,58EnBYPL2023/12/02,BYPL,0.0000,0.0000,0.0000,0.0000,6.8220,0.0000,0.0000,0.0000,70.6807,0.0000,9.5508,42.5855,0.0000,0.0000,12.0525,0.0000,22.9108,43.4874,18.2804,0.0000,57.6000,0.0000,0.0000,0.0000,104.7400,0.0000,1.4933,0.0000,0.0000,0.0000,0.0000,0.0000,164.1561,0.0000,0.0000,4.6076,0.0000,30.0050,50.3832,268.5112,61.1471,5.2222,10.7671,6.7031,8.8392,24.9784,0.0000,0.0000,0.0000,0.0000,0.0000,0.0000,0.0000,1.1506,0.0000,0.0000,0.0000,0.0000,0.0000,13.7312,0.0000,0.0000,0.0000,0.0000,1.6815,2.3927,2.2073,3.3452,4.9174,2.0142,8.3718,0.0000,0.5893,0.8128,1.6561,0.0000,0.0000,0.0000,231.7500,0.0000,0.0000,0.0000,0.0000,0.0000,0.0000,0.0000,0.0000,8.1356,13.8201,23.3832,0.0000,25.9200,0.0000,0.0000,6.8500,0.0000,4.4300,0.0000,0.0000,0.0000,53.5100,0.0000,0.0000,0.0000,0.0000,5.9492,0.0000,9.0000,0.0000,4.4300,0.0000
34,58EnBYPL2023/12/02,BYPL,0.0000,0.0000,0.0000,0.0000,6.8220,0.0000,0.0000,0.0000,70.6807,0.0000,9.5508,42.5855,0.0000,0.0000,12.0525,0.0000,22.9108,43.4874,9.6215,0.0000,57.6000,0.0000,0.0000,0.0000,104.7400,0.0000,2.1466,0.0000,0.0000,0.0000,0.0000,0.0000,164.1561,0.0000,0.0000,4.6076,0.0000,30.0050,50.3832,268.5112,61.1471,5.2222,10.7671,6.7031,8.8392,24.9784,0.0000,0.0000,0.0000,0.0000,0.0000,0.0000,0.0000,0.0000,0.0000,0.0000,0.0000,0.0000,0.0000,13.7312,0.0000,0.0000,0.0000,0.0000,1.6815,2.3927,0.0000,3.3452,4.9174,0.0000,8.3718,0.0000,0.5893,0.8128,1.6561,0.0000,0.0000,0.0000,231.7500,0.0000,0.0000,0.0000,0.0000,0.0000,0.0000,0.0000,0.0000,8.1356,13.8201,23.3832,0.0000,25.9200,0.0000,0.0000,9.9900,0.0000,7.4500,0.0000,0.0000,0.0000,53.3300,0.0000,0.0000,0.0000,0.0000,5.9492,0.0000,12.0000,0.0000,7.4500,0.0000
35,58EnBYPL2023/12/02,BYPL,0.0000,0.0000,0.0000,0.0000,6.8220,0.0000,0.0000,0.0000,70.6807,0.0000,9.5508,42.5855,0.0000,0.0000,12.0525,0.0000,22.9108,43.4874,5.5321,0.0000,57.6000,0.0000,0.0000,0.0000,104.7400,0.0000,2.9166,0.0000,0.0000,0.0000,0.0000,0.0000,164.1561,0.0000,0.0000,4.6076,0.0000,30.0050,50.3832,268.5112,61.1471,5.2222,10.7671,6.7031,8.8392,24.9784,0.0000,0.0000,0.0000,0.0000,0.0000,0.0000,0.0000,0.0000,0.0000,0.0000,0.0000,0.0000,0.0000,13.7312,0.0000,0.0000,0.0000,0.0000,1.6815,2.3927,0.0000,3.3452,2.4587,0.0000,8.3718,0.0000,3.2461,0.8128,0.0000,0.0000,0.0000,0.0000,231.7500,0.0000,0.0000,0.0000,0.0000,0.0000,0.0000,0.0000,0.0000,8.1356,13.8201,23.3832,0.0000,20.1100,0.0000,0.0000,13.2100,0.0000,7.0000,0.0000,0.0000,0.0000,53.3300,0.0000,0.0000,0.0000,0.0000,5.9492,0.0000,16.0000,0.0000,7.0000,0.0000
36,58EnBYPL2023/12/02,BYPL,0.0000,0.0000,0.0000,0.0000,6.8220,0.0000,0.0000,0.0000,70.6807,0.0000,9.5508,42.5855,0.0000,0.0000,12.0525,0.0000,22.9108,43.4874,0.0000,0.0000,57.6000,0.0000,0.0000,0.0000,104.7400,0.0000,4.0733,0.0000,0.0000,0.0000,0.0000,0.0000,164.1561,0.0000,0.0000,4.6076,0.0000,30.0050,50.3832,268.5112,61.1471,5.2222,10.7671,6.7031,8.8392,24.9784,0.0000,0.0000,0.0000,0.0000,0.0000,0.0000,0.0000,0.0000,0.0000,0.0000,0.0000,0.0000,0.0000,13.7312,0.0000,0.0000,0.0000,0.0000,1.6815,2.3927,0.0000,3.3452,0.0000,0.0000,4.1859,0.0000,18.0035,0.8128,0.0000,0.0000,0.0000,0.0000,231.7500,0.0000,0.0000,0.0000,0.0000,0.0000,0.0000,0.0000,0.0000,8.1356,13.8201,23.3832,0.0000,20.1300,0.0000,0.0000,16.5100,0.0000,9.0000,0.0000,0.0000,0.0000,53.3300,0.0000,0.0000,0.0000,0.0000,5.9492,0.0000,19.0000,0.0000,9.0000,0.0000
37,58EnBYPL2023/12/02,BYPL,0.0000,0.0000,0.0000,0.0000,6.8220,0.0000,0.0000,0.0000,70.6807,0.0000,9.5508,42.5855,0.0000,0.0000,12.0525,0.0000,22.9108,43.4874,0.0000,0.0000,57.6000,0.0000,0.0000,0.0000,104.7400,0.0000,5.1499,0.0000,0.0000,0.0000,0.0000,0.0000,164.1561,0.0000,0.0000,4.6076,0.0000,30.0050,50.3832,268.5112,61.1471,5.2222,10.7671,6.7031,8.8392,24.9784,0.0000,0.0000,0.0000,0.0000,0.0000,0.0000,0.0000,0.0000,0.0000,0.0000,0.0000,0.0000,0.0000,13.7312,0.0000,0.0000,0.0000,0.0000,1.6815,1.3665,0.0000,0.0000,0.0000,0.0000,4.1859,0.0000,18.0035,0.8128,0.0000,0.0000,0.0000,0.0000,231.7500,0.0000,0.0000,0.0000,0.0000,0.0000,0.0000,0.0000,0.0000,8.1356,13.8201,23.3832,0.0000,20.0600,0.0000,0.0000,19.9900,0.0000,11.0000,0.0000,0.0000,0.0000,43.9600,0.0000,0.0000,0.0000,0.0000,5.9492,0.0000,22.0000,0.0000,11.0000,0.0000
38,58EnBYPL2023/12/02,BYPL,0.0000,0.0000,0.0000,0.0000,6.8220,0.0000,0.0000,0.0000,70.6807,0.0000,9.5508,42.5855,0.0000,0.0000,12.0525,0.0000,22.9108,43.4874,0.0000,0.0000,57.6000,0.0000,0.0000,0.0000,104.7400,0.0000,6.2133,0.0000,0.0000,0.0000,0.0000,0.0000,164.1561,0.0000,0.0000,4.6076,0.0000,30.0050,50.3832,268.5112,61.1471,5.2222,10.7671,6.7031,8.8392,24.9784,0.0000,0.0000,0.0000,0.0000,0.0000,0.0000,0.0000,0.0000,0.0000,0.0000,0.0000,0.0000,0.0000,13.7312,0.0000,0.0000,0.0000,0.0000,1.6815,1.3665,0.0000,0.0000,0.0000,0.0000,4.1859,0.0000,18.0035,0.8128,0.0000,0.0000,0.0000,0.0000,231.7500,0.0000,0.0000,0.0000,0.0000,0.0000,0.0000,0.0000,0.0000,8.1356,13.8201,23.3832,0.0000,20.0300,0.0000,0.0000,23.3400,0.0000,14.0000,0.0000,0.0000,0.0000,44.4700,0.0000,0.0000,0.0000,0.0000,5.9492,0.0000,27.0000,0.0000,14.0000,0.0000
39,58EnBYPL2023/12/02,BYPL,0.0000,0.0000,0.0000,0.0000,6.8220,0.0000,0.0000,0.0000,70.6807,0.0000,9.5508,42.5855,0.0000,0.0000,12.0525,0.0000,22.9108,43.4874,0.0000,0.0000,57.6000,0.0000,0.0000,0.0000,104.7400,0.0000,7.3799,0.0000,0.0000,0.0000,0.0000,0.0000,164.1561,0.0000,0.0000,4.6076,0.0000,30.0050,50.3832,268.5112,61.1471,5.2222,10.7671,6.7031,8.8392,24.9784,0.0000,0.0000,0.0000,0.0000,0.0000,0.0000,0.0000,0.0000,0.0000,0.0000,0.0000,0.0000,0.0000,13.7312,0.0000,0.0000,0.0000,0.0000,10.0940,1.3665,0.0000,0.0000,0.0000,0.0000,4.1859,0.0000,18.0035,0.8128,0.0000,0.0000,0.0000,0.0000,231.7500,0.0000,0.0000,0.0000,0.0000,0.0000,0.0000,0.0000,0.0000,8.1356,13.7922,23.3832,0.0000,16.7900,0.0000,0.0000,26.6000,0.0000,21.1400,0.0000,0.0000,0.0000,33.4400,0.0000,0.0000,0.0000,0.0000,5.9492,0.0000,33.0000,0.0000,21.1400,0.0000
40,58EnBYPL2023/12/02,BYPL,0.0000,0.0000,0.0000,0.0000,6.8220,0.0000,0.0000,0.0000,70.6807,0.0000,9.5508,42.5855,0.0000,0.0000,12.0525,0.0000,22.9108,43.4874,0.0000,0.0000,57.6000,0.0000,0.0000,0.0000,104.7400,0.0000,8.3299,0.0000,0.0000,0.0000,0.0000,0.0000,164.1561,0.0000,0.0000,4.6076,0.0000,30.0050,50.3832,268.5112,61.1471,5.2222,10.7671,6.7031,8.8392,24.9784,0.0000,0.0000,0.0000,0.0000,0.0000,0.0000,0.0000,0.0000,0.0000,0.0000,0.0000,0.0000,0.0000,13.7312,0.0000,0.0000,0.0000,0.0000,10.0940,1.3665,0.0000,0.0000,0.0000,0.0000,4.1859,0.0000,3.2461,0.9754,0.0000,0.0000,0.0000,0.0000,231.7500,0.0000,0.0000,0.0000,0.0000,0.0000,0.0000,0.0000,0.0000,8.1356,13.7922,23.3832,0.0000,16.7700,0.0000,0.0000,29.5800,0.0000,23.8000,0.0000,0.0000,0.0000,33.7600,0.0000,0.0000,0.0000,0.0000,5.9492,0.0000,38.0000,0.0000,23.8000,0.0000
41,58EnBYPL2023/12/02,BYPL,0.0000,0.0000,0.0000,0.0000,6.8220,0.0000,0.0000,0.0000,70.6807,0.0000,9.5508,42.5855,0.0000,0.0000,12.0525,0.0000,22.9108,43.4874,0.0000,0.0000,57.6000,0.0000,0.0000,0.0000,104.7400,0.0000,9.6099,0.0000,0.0000,0.0000,0.0000,0.0000,164.1561,0.0000,0.0000,4.6076,0.0000,30.0050,50.3832,268.5112,61.1471,5.2222,10.7671,6.7031,8.8392,24.9784,0.0000,0.0000,0.0000,0.0000,0.0000,0.0000,0.0000,0.0000,0.0000,0.0000,0.0000,0.0000,0.0000,13.7312,0.0000,0.0000,0.0000,0.0000,2.2428,1.3665,0.0000,0.0000,0.0000,0.0000,4.1859,0.0000,0.5893,0.4547,0.0000,0.0000,0.0000,0.0000,231.7500,0.0000,0.0000,0.0000,0.0000,0.0000,0.0000,0.0000,0.0000,8.1356,13.7084,23.3832,0.0000,16.8100,0.0000,0.0000,32.4800,0.0000,25.6000,0.0000,0.0000,0.0000,36.7700,0.0000,0.0000,0.0000,0.0000,5.9492,0.0000,44.0000,0.0000,25.6000,0.0000
42,58EnBYPL2023/12/02,BYPL,0.0000,0.0000,0.0000,0.0000,6.8220,0.0000,0.0000,0.0000,70.6807,0.0000,9.5508,42.5855,0.0000,0.0000,12.0525,0.0000,22.9108,43.4874,0.0000,0.0000,57.6000,0.0000,0.0000,0.0000,104.7400,0.0000,10.3432,0.0000,0.0000,0.0000,0.0000,0.0000,164.1561,0.0000,0.0000,4.6076,0.0000,30.0050,50.3832,268.5112,61.1471,5.2222,10.7671,6.7031,8.8392,28.9636,0.0000,0.0000,0.0000,0.0000,0.0000,0.0000,0.0000,0.0000,0.0000,0.0000,0.0000,0.0000,0.0000,13.7312,0.0000,0.0000,0.0000,0.0000,1.6815,1.3665,0.0000,0.0000,0.0000,0.0000,4.1859,0.0000,0.5893,0.6502,0.0000,0.0000,0.0000,0.0000,231.7500,0.0000,0.0000,0.0000,0.0000,0.0000,0.0000,0.0000,0.0000,8.1356,13.7084,23.3832,0.0000,17.0200,0.0000,0.0000,35.2600,0.0000,27.7300,0.0000,0.0000,0.0000,37.1300,0.0000,0.0000,0.0000,0.0000,5.9492,0.0000,49.0000,0.0000,27.7300,0.0000
43,58EnBYPL2023/12/02,BYPL,0.0000,0.0000,0.0000,0.0000,6.8220,0.0000,0.0000,0.0000,70.6807,0.0000,9.5508,42.5855,0.0000,0.0000,12.0525,0.0000,22.9108,43.4874,0.0000,0.0000,57.6000,0.0000,0.0000,0.0000,104.7400,0.0000,11.0332,0.0000,0.0000,0.0000,0.0000,0.0000,164.1561,0.0000,0.0000,4.6076,0.0000,30.0050,50.3832,264.0696,61.1471,5.2222,10.7671,6.7031,8.8392,28.9636,0.0000,0.0000,0.0000,0.0000,0.0000,0.0000,0.0000,0.0000,0.0000,0.0000,0.0000,0.0000,0.0000,13.7312,0.0000,0.0000,0.0000,0.0000,1.6815,1.3665,0.0000,0.0000,0.0000,0.0000,4.1859,0.0000,0.5893,0.6502,0.0000,0.0000,0.0000,0.0000,231.7500,0.0000,0.0000,0.0000,0.0000,0.0000,0.0000,0.0000,0.0000,8.1356,13.7084,23.3832,0.0000,16.3200,0.0000,0.0000,37.5200,0.0000,29.6200,0.0000,0.0000,0.0000,29.5400,0.0000,0.0000,0.0000,0.0000,5.9492,0.0000,52.0000,0.0000,29.6200,0.0000
44,58EnBYPL2023/12/02,BYPL,0.0000,0.0000,0.0000,0.0000,6.8220,0.0000,0.0000,0.0000,70.6807,0.0000,9.5508,42.5855,0.0000,0.0000,12.0525,0.0000,22.9108,43.4874,0.0000,0.0000,57.6000,0.0000,0.0000,0.0000,104.7400,0.0000,12.5232,0.0000,0.0000,0.0000,0.0000,0.0000,164.1561,0.0000,0.0000,4.6076,0.0000,30.0050,50.3832,264.0696,61.1471,5.2222,10.7671,6.7031,8.8392,30.2946,0.0000,0.0000,0.0000,0.0000,0.0000,0.0000,0.0000,0.0000,0.0000,0.0000,0.0000,0.0000,0.0000,13.7312,0.0000,0.0000,0.0000,0.0000,1.6815,2.3927,0.0000,0.0000,0.0000,0.0000,4.1859,0.0000,0.5893,0.6502,0.0000,0.0000,0.0000,0.0000,231.7500,0.0000,0.0000,0.0000,0.0000,0.0000,0.0000,0.0000,0.0000,8.1356,13.7084,23.3832,0.0000,16.1600,0.0000,0.0000,39.4900,0.0000,31.4800,0.0000,0.0000,0.0000,29.3300,0.0000,0.0000,0.0000,0.0000,5.9492,0.0000,57.0000,0.0000,31.4800,0.0000
45,58EnBYPL2023/12/02,BYPL,0.0000,0.0000,0.0000,0.0000,6.8220,0.0000,0.0000,0.0000,70.6807,0.0000,9.5508,42.5855,0.0000,0.0000,12.0525,0.0000,22.9108,43.4874,0.0000,0.0000,57.6000,0.0000,0.0000,0.0000,104.7400,0.0000,13.0399,0.0000,0.0000,0.0000,0.0000,0.0000,164.1561,0.0000,0.0000,4.6076,0.0000,30.0050,50.3832,264.0696,61.1471,5.2222,10.7671,6.7031,8.8392,30.2946,0.0000,0.0000,0.0000,0.0000,0.0000,0.0000,0.0000,0.0000,0.0000,0.0000,0.0000,0.0000,0.0000,13.7312,0.0000,0.0000,0.0000,0.0000,2.8042,6.2865,0.0000,0.0000,0.0000,0.0000,4.1859,0.0000,0.5893,0.6502,0.0000,0.0000,0.0000,0.0000,231.7500,0.0000,0.0000,0.0000,0.0000,0.0000,0.0000,0.0000,0.0000,8.0010,13.7084,23.3832,0.0000,15.9500,0.0000,0.0000,41.3000,0.0000,37.0000,0.0000,0.0000,0.0000,29.3200,0.0000,0.0000,0.0000,0.0000,5.9492,0.0000,61.0000,0.0000,37.0000,0.0000
46,58EnBYPL2023/12/02,BYPL,0.0000,0.0000,0.0000,0.0000,6.8220,0.0000,0.0000,0.0000,70.6807,0.0000,9.5508,42.5855,0.0000,0.0000,12.0525,0.0000,22.9108,43.4874,0.0000,0.0000,57.6000,0.0000,0.0000,0.0000,104.7400,0.0000,13.3699,0.0000,0.0000,0.0000,0.0000,0.0000,164.1561,0.0000,0.0000,4.6076,0.0000,30.0050,50.3832,264.0696,61.1471,5.2222,10.7671,6.7031,8.8392,31.6281,0.0000,0.0000,0.0000,0.0000,0.0000,0.0000,0.0000,0.0000,0.0000,0.0000,0.0000,0.0000,0.0000,13.7312,0.0000,0.0000,0.0000,0.0000,10.0940,6.2865,0.0000,0.0000,0.0000,0.0000,4.1859,0.0000,0.5893,0.6502,0.0000,0.0000,0.0000,0.0000,231.7500,0.0000,0.0000,0.0000,0.0000,0.0000,0.0000,0.0000,0.0000,8.0010,13.7084,23.3832,0.0000,16.0600,0.0000,0.0000,42.9400,0.0000,38.0000,0.0000,0.0000,0.0000,29.4000,0.0000,0.0000,0.0000,0.0000,5.9492,0.0000,64.0000,0.0000,38.0000,0.0000
47,58EnBYPL2023/12/02,BYPL,0.0000,0.0000,0.0000,0.0000,6.8220,0.0000,0.0000,0.0000,70.6807,0.0000,9.5508,42.5855,0.0000,0.0000,12.0525,0.0000,22.9108,43.4874,0.0000,0.0000,57.6000,0.0000,0.0000,0.0000,104.7400,0.0000,13.6732,0.0000,0.0000,0.0000,0.0000,0.0000,164.1561,0.0000,0.0000,4.6076,0.0000,30.0050,50.3832,264.0696,61.1471,5.2222,10.7671,6.7031,8.8392,31.6281,0.0000,0.0000,0.0000,0.0000,0.0000,0.0000,0.0000,0.0000,0.0000,0.0000,0.0000,0.0000,0.0000,13.7312,0.0000,0.0000,0.0000,0.0000,10.0940,6.2865,0.0000,0.0000,0.0000,0.0000,4.1859,0.0000,0.5893,1.7907,0.0000,0.0000,0.0000,0.0000,231.7500,0.0000,0.0000,0.0000,0.0000,0.0000,0.0000,0.0000,0.0000,8.0010,13.7084,23.3832,0.0000,12.9400,0.0000,0.0000,44.8500,0.0000,39.7100,0.0000,0.0000,0.0000,30.1100,0.0000,0.0000,0.0000,0.0000,5.9492,0.0000,70.0000,0.0000,39.7100,0.0000
48,58EnBYPL2023/12/02,BYPL,0.0000,0.0000,0.0000,0.0000,6.8220,0.0000,0.0000,0.0000,70.6807,0.0000,9.5508,42.5855,0.0000,0.0000,12.0525,0.0000,22.9108,43.4874,0.0000,0.0000,57.6000,0.0000,0.0000,0.0000,104.7400,0.0000,13.8032,0.0000,0.0000,0.0000,0.0000,0.0000,164.1561,0.0000,0.0000,4.6076,0.0000,30.0050,50.3832,264.0696,61.1471,5.2222,10.7671,6.7031,8.8392,32.9590,0.0000,0.0000,0.0000,0.0000,0.0000,0.0000,0.0000,0.0000,0.0000,0.0000,0.0000,0.0000,0.0000,13.7312,0.0000,0.0000,0.0000,0.0000,1.8237,6.2865,0.0000,0.0000,0.0000,0.0000,4.1859,0.0000,0.5893,1.7907,0.0000,0.0000,0.0000,0.0000,231.7500,0.0000,0.0000,0.0000,0.0000,0.0000,0.0000,0.0000,0.0000,8.0010,13.7084,23.3832,0.0000,13.2700,0.0000,0.0000,45.3800,0.0000,41.1200,0.0000,0.0000,0.0000,30.5500,0.0000,0.0000,0.0000,0.0000,5.9492,0.0000,73.0000,0.0000,41.1200,0.0000
49,58EnBYPL2023/12/02,BYPL,0.0000,0.0000,0.0000,0.0000,6.8220,0.0000,0.0000,0.0000,70.6807,0.0000,9.5508,42.5855,0.0000,0.0000,12.0525,0.0000,22.9108,43.4874,0.0000,0.0000,57.6000,0.0000,0.0000,0.0000,104.7400,0.0000,13.8165,0.0000,0.0000,0.0000,0.0000,0.0000,164.1561,0.0000,0.0000,4.6076,0.0000,30.0050,50.3832,264.0696,61.1471,5.2222,10.7671,6.7031,8.8392,32.9590,0.0000,0.0000,0.0000,0.0000,0.0000,0.0000,0.0000,0.0000,0.0000,0.0000,0.0000,0.0000,0.0000,13.7312,0.0000,0.0000,0.0000,0.0000,1.2624,6.2865,0.0000,0.0000,0.0000,0.0000,4.1859,0.0000,0.5893,1.7907,0.0000,0.0000,0.0000,0.0000,227.2500,0.0000,0.0000,0.0000,0.0000,0.0000,0.0000,0.0000,0.0000,8.0010,13.7084,23.3832,0.0000,13.7700,0.0000,0.0000,45.6700,0.0000,42.0000,0.0000,0.0000,0.0000,29.3200,0.0000,0.0000,0.0000,0.0000,5.9492,0.0000,76.0000,0.0000,42.0000,0.0000
50,58EnBYPL2023/12/02,BYPL,0.0000,0.0000,0.0000,0.0000,6.8220,0.0000,0.0000,0.0000,70.6807,0.0000,9.5508,42.5855,0.0000,0.0000,12.0525,0.0000,22.9108,43.4874,0.0000,0.0000,57.6000,0.0000,0.0000,0.0000,104.7400,0.0000,13.8365,0.0000,0.0000,0.0000,0.0000,0.0000,164.1561,0.0000,0.0000,4.6076,0.0000,30.0050,50.3832,264.0696,61.1471,5.2222,10.7671,6.7031,8.8392,34.2925,0.0000,0.0000,0.0000,0.0000,0.0000,0.0000,0.0000,0.0000,0.0000,0.0000,0.0000,0.0000,0.0000,13.7312,0.0000,0.0000,0.0000,0.0000,1.2624,6.2865,0.0000,0.0000,0.0000,0.0000,4.1859,0.0000,0.5893,0.6502,0.0000,0.0000,0.0000,0.0000,227.2500,0.0000,0.0000,0.0000,0.0000,0.0000,0.0000,0.0000,0.0000,8.0010,13.7084,23.3832,0.0000,14.4900,0.0000,0.0000,45.8600,0.0000,42.0000,0.0000,0.0000,0.0000,29.4000,0.0000,0.0000,0.0000,0.0000,5.9492,0.0000,76.0000,0.0000,42.0000,0.0000
51,58EnBYPL2023/12/02,BYPL,0.0000,0.0000,0.0000,0.0000,6.8220,0.0000,0.0000,0.0000,70.6807,0.0000,9.5508,42.5855,0.0000,0.0000,12.0525,0.0000,22.9108,43.4874,0.0000,0.0000,57.6000,0.0000,0.0000,0.0000,104.7400,0.0000,13.8465,0.0000,0.0000,0.0000,0.0000,0.0000,164.1561,0.0000,0.0000,4.6076,0.0000,30.0050,50.3832,264.0696,61.1471,5.2222,10.7671,6.7031,8.8392,34.6380,0.0000,0.0000,0.0000,0.0000,0.0000,0.0000,0.0000,0.0000,0.0000,0.0000,0.0000,0.0000,0.0000,13.7312,0.0000,0.0000,0.0000,0.0000,1.2624,1.5367,0.0000,0.0000,0.0000,0.0000,4.1859,0.0000,0.5893,0.6502,0.0000,0.0000,0.0000,0.0000,227.2500,0.0000,0.0000,0.0000,0.0000,0.0000,0.0000,0.0000,0.0000,8.0010,13.7084,23.3832,0.0000,15.2700,0.0000,0.0000,45.7300,0.0000,43.0000,0.0000,0.0000,0.0000,30.1100,0.0000,0.0000,0.0000,0.0000,5.9492,0.0000,78.0000,0.0000,43.0000,0.0000
52,58EnBYPL2023/12/02,BYPL,0.0000,0.0000,0.0000,0.0000,6.8220,0.0000,0.0000,0.0000,70.6807,0.0000,9.5508,42.5855,0.0000,0.0000,12.0525,0.0000,22.9108,43.4874,0.0000,0.0000,57.6000,0.0000,0.0000,0.0000,104.7400,0.0000,13.7232,0.0000,0.0000,0.0000,0.0000,0.0000,164.1561,0.0000,0.0000,4.6076,0.0000,30.0050,50.3832,264.0696,61.1471,5.2222,10.7671,6.7031,8.8392,34.6380,0.0000,0.0000,0.0000,0.0000,0.0000,0.0000,0.0000,0.0000,0.0000,0.0000,0.0000,0.0000,0.0000,13.7312,0.0000,0.0000,0.0000,0.0000,1.2624,1.5367,0.0000,0.0000,0.0000,0.0000,4.1859,0.0000,0.5893,0.6502,0.0000,0.0000,0.0000,0.0000,227.2500,0.0000,0.0000,0.0000,0.0000,0.0000,0.0000,0.0000,0.0000,8.0010,13.7084,23.3832,0.0000,15.9500,0.0000,0.0000,45.3100,0.0000,43.0000,0.0000,0.0000,0.0000,30.5500,0.0000,0.0000,0.0000,0.0000,5.9492,0.0000,78.0000,0.0000,43.0000,0.0000
53,58EnBYPL2023/12/02,BYPL,0.0000,0.0000,0.0000,0.0000,6.8220,0.0000,0.0000,0.0000,70.6807,0.0000,9.5508,42.5855,0.0000,0.0000,12.0525,0.0000,22.9108,43.4874,0.0000,0.0000,57.6000,0.0000,0.0000,0.0000,104.7400,0.0000,13.6165,0.0000,0.0000,0.0000,0.0000,0.0000,164.1561,0.0000,0.0000,4.6076,0.0000,30.0050,50.3832,264.0696,61.1471,5.2222,10.7671,6.7031,8.8392,37.4701,0.0000,0.0000,0.0000,0.0000,0.0000,0.0000,0.0000,0.0000,0.0000,0.0000,0.0000,0.0000,0.0000,13.7312,0.0000,0.0000,0.0000,0.0000,2.2428,1.5367,0.0000,0.0000,0.0000,0.0000,0.0000,0.0000,3.2461,0.6502,0.0000,0.0000,0.0000,0.0000,227.2500,0.0000,0.0000,0.0000,0.0000,0.0000,0.0000,0.0000,0.0000,8.0010,13.7084,23.3832,0.0000,16.0600,0.0000,0.0000,46.2500,0.0000,41.2500,0.0000,0.0000,0.0000,33.4100,0.0000,0.0000,0.0000,0.0000,5.9492,0.0000,76.0000,0.0000,41.2500,0.0000
54,58EnBYPL2023/12/02,BYPL,0.0000,0.0000,0.0000,0.0000,6.8220,0.0000,0.0000,0.0000,70.6807,0.0000,9.5508,42.5855,0.0000,0.0000,12.0525,0.0000,22.9108,43.4874,0.0000,0.0000,57.6000,0.0000,0.0000,0.0000,104.7400,0.0000,13.3365,0.0000,0.0000,0.0000,0.0000,0.0000,164.1561,0.0000,0.0000,4.6076,0.0000,30.0050,50.3832,264.0696,61.1471,5.2222,10.7671,6.7031,8.8392,37.4701,0.0000,0.0000,0.0000,0.0000,0.0000,0.0000,0.0000,0.0000,0.0000,0.0000,0.0000,0.0000,0.0000,13.7312,0.0000,0.0000,0.0000,0.0000,2.2428,1.5367,0.0000,0.0000,0.0000,0.0000,0.0000,0.0000,3.2461,0.6502,0.0000,0.0000,0.0000,0.0000,227.2500,0.0000,0.0000,0.0000,0.0000,0.0000,0.0000,0.0000,0.0000,8.0010,13.7084,23.3832,0.0000,16.1700,0.0000,0.0000,45.4600,0.0000,40.5000,0.0000,0.0000,0.0000,34.8800,0.0000,0.0000,0.0000,0.0000,5.9492,0.0000,73.0000,0.0000,40.5000,0.0000
55,58EnBYPL2023/12/02,BYPL,0.0000,0.0000,0.0000,0.0000,6.8220,0.0000,0.0000,0.0000,70.6807,0.0000,9.5508,42.5855,0.0000,0.0000,12.0525,0.0000,22.9108,43.4874,0.0000,0.0000,57.6000,0.0000,0.0000,0.0000,104.7400,0.0000,12.8365,0.0000,0.0000,0.0000,0.0000,0.0000,164.1561,0.0000,0.0000,4.6076,0.0000,30.0050,50.3832,264.0696,61.1471,5.2222,10.7671,6.7031,8.8392,37.4701,0.0000,0.0000,0.0000,0.0000,0.0000,0.0000,0.0000,0.0000,0.0000,0.0000,0.0000,0.0000,0.0000,13.7312,0.0000,0.0000,0.0000,0.0000,2.2428,1.5367,0.0000,0.0000,0.0000,0.0000,0.0000,0.0000,3.2461,0.6502,0.0000,0.0000,0.0000,0.0000,227.2500,0.0000,0.0000,0.0000,0.0000,0.0000,0.0000,0.0000,0.0000,8.0010,13.7084,23.3832,0.0000,24.2500,0.0000,0.0000,44.0200,0.0000,39.7800,0.0000,0.0000,0.0000,42.2100,0.0000,0.0000,0.0000,0.0000,5.9492,0.0000,73.0000,0.0000,39.7800,0.0000
56,58EnBYPL2023/12/02,BYPL,0.0000,0.0000,0.0000,0.0000,6.8220,0.0000,0.0000,0.0000,70.6807,0.0000,9.5508,42.5855,0.0000,0.0000,12.0525,0.0000,22.9108,43.4874,0.0000,0.0000,57.6000,0.0000,0.0000,0.0000,104.7400,0.0000,12.2665,0.0000,0.0000,0.0000,0.0000,0.0000,164.1561,0.0000,0.0000,4.6076,0.0000,30.0050,50.3832,264.0696,61.1471,5.2222,10.7671,6.7031,8.8392,37.4701,0.0000,0.0000,0.0000,0.0000,0.0000,0.0000,0.0000,0.0000,0.0000,0.0000,0.0000,0.0000,0.0000,13.7312,0.0000,0.0000,0.0000,0.0000,2.2428,1.5367,0.0000,0.0000,0.0000,0.0000,0.0000,0.0000,3.2461,0.6502,0.0000,0.0000,0.0000,0.0000,227.2500,0.0000,0.0000,0.0000,0.0000,0.0000,0.0000,0.0000,0.0000,8.0010,13.7084,23.3832,0.0000,25.1200,0.0000,0.0000,42.2300,0.0000,39.0000,0.0000,0.0000,0.0000,42.8900,0.0000,0.0000,0.0000,0.0000,5.9492,0.0000,70.0000,0.0000,39.0000,0.0000
57,58EnBYPL2023/12/02,BYPL,0.0000,0.0000,0.0000,0.0000,6.8220,0.0000,0.0000,0.0000,70.6807,0.0000,9.5508,42.5855,0.0000,0.0000,12.0525,0.0000,22.9108,43.4874,0.0000,0.0000,57.6000,0.0000,0.0000,0.0000,104.7400,0.0000,11.5466,0.0000,0.0000,0.0000,0.0000,0.0000,164.1561,0.0000,0.0000,4.6076,0.0000,30.0050,50.3832,264.0696,61.1471,5.2222,10.7671,6.7031,8.8392,37.4701,0.0000,0.0000,0.0000,0.0000,0.0000,0.0000,0.0000,0.0000,0.0000,0.0000,0.0000,0.0000,0.0000,13.7312,0.0000,0.0000,0.0000,0.0000,2.2428,1.5367,0.0000,0.0000,0.0000,0.0000,0.0000,0.0000,3.2461,0.9754,0.0000,0.0000,0.0000,0.0000,227.2500,0.0000,0.0000,0.0000,0.0000,0.0000,0.0000,0.0000,0.0000,8.0010,13.7084,23.3832,0.0000,26.2100,0.0000,0.0000,40.4100,0.0000,38.0000,0.0000,0.0000,0.0000,43.5500,0.0000,0.0000,0.0000,0.0000,5.9492,0.0000,67.0000,0.0000,38.0000,0.0000
58,58EnBYPL2023/12/02,BYPL,0.0000,0.0000,0.0000,0.0000,6.8220,0.0000,0.0000,0.0000,70.6807,0.0000,9.5508,42.5855,0.0000,0.0000,12.0525,0.0000,22.9108,43.4874,0.0000,0.0000,57.6000,0.0000,0.0000,0.0000,104.7400,0.0000,10.8632,0.0000,0.0000,0.0000,0.0000,0.0000,164.1561,0.0000,0.0000,4.6076,0.0000,30.0050,50.3832,264.0696,61.1471,5.2222,10.7671,6.7031,8.8392,37.4701,0.0000,0.0000,0.0000,0.0000,0.0000,0.0000,0.0000,0.0000,0.0000,0.0000,0.0000,0.0000,0.0000,13.7312,0.0000,0.0000,0.0000,0.0000,2.2428,1.5367,0.0000,0.0000,0.0000,0.0000,0.0000,0.0000,3.2461,0.9754,0.0000,0.0000,0.0000,0.0000,227.2500,0.0000,0.0000,0.0000,0.0000,0.0000,0.0000,0.0000,0.0000,8.0010,13.7084,23.3832,0.0000,26.9500,0.0000,0.0000,38.1700,0.0000,36.0000,0.0000,0.0000,0.0000,44.1100,0.0000,0.0000,0.0000,0.0000,5.9492,0.0000,64.0000,0.0000,36.0000,0.0000
59,58EnBYPL2023/12/02,BYPL,0.0000,0.0000,0.0000,0.0000,6.8220,0.0000,0.0000,0.0000,70.6807,0.0000,9.5508,42.5855,0.0000,0.0000,12.0525,0.0000,22.9108,43.4874,0.0000,0.0000,57.6000,0.0000,0.0000,0.0000,104.7400,0.0000,10.2066,0.0000,0.0000,0.0000,0.0000,0.0000,164.1561,0.0000,0.0000,4.6076,0.0000,30.0050,50.3832,264.0696,61.1471,5.2222,10.7671,6.7031,8.8392,37.4701,0.0000,0.0000,0.0000,0.0000,0.0000,0.0000,0.0000,0.0000,0.0000,0.0000,0.0000,0.0000,0.0000,13.7312,0.0000,0.0000,0.0000,0.0000,2.8042,1.5367,0.0000,0.0000,0.0000,0.0000,0.0000,0.0000,3.2461,0.9754,0.0000,0.0000,0.0000,0.0000,227.2500,0.0000,0.0000,0.0000,0.0000,0.0000,0.0000,0.0000,0.0000,8.0010,13.7084,23.3832,0.0000,27.5600,0.0000,0.0000,37.3000,0.0000,33.8700,0.0000,0.0000,0.0000,46.5800,0.0000,0.0000,0.0000,0.0000,5.9492,0.0000,60.0000,0.0000,33.8700,0.0000
60,58EnBYPL2023/12/02,BYPL,0.0000,0.0000,0.0000,0.0000,6.8220,0.0000,0.0000,0.0000,70.6807,0.0000,9.5508,42.5855,0.0000,0.0000,12.0525,0.0000,22.9108,43.4874,0.0000,0.0000,57.6000,0.0000,0.0000,0.0000,104.7400,0.0000,9.2366,0.0000,0.0000,0.0000,0.0000,0.0000,164.1561,0.0000,0.0000,4.6076,0.0000,30.0050,50.3832,264.0696,61.1471,5.2222,10.7671,6.7031,8.8392,37.4701,0.0000,0.0000,0.0000,0.0000,0.0000,0.0000,0.0000,0.0000,0.0000,0.0000,0.0000,0.0000,0.0000,13.7312,0.0000,0.0000,0.0000,0.0000,2.8042,1.5367,0.0000,0.0000,0.0000,0.0000,0.0000,0.0000,3.2461,0.9754,0.0000,0.0000,0.0000,0.0000,227.2500,0.0000,0.0000,0.0000,0.0000,0.0000,0.0000,0.0000,0.0000,8.0010,13.7084,23.3832,0.0000,28.2100,0.0000,0.0000,34.2700,0.0000,32.8300,0.0000,0.0000,0.0000,48.5300,0.0000,0.0000,0.0000,0.0000,5.9492,0.0000,55.0000,0.0000,32.8300,0.0000
61,58EnBYPL2023/12/02,BYPL,0.0000,0.0000,0.0000,0.0000,6.8220,0.0000,0.0000,0.0000,70.6807,0.0000,9.5508,42.5855,0.0000,0.0000,12.0525,0.0000,22.9108,43.4874,0.0000,0.0000,57.6000,0.0000,0.0000,0.0000,104.7400,0.0000,8.1399,0.0000,0.0000,0.0000,0.0000,0.0000,164.1561,0.0000,0.0000,4.6076,0.0000,30.0050,50.3832,264.0696,61.1471,5.2222,10.7671,6.7031,8.8392,37.4701,0.0000,0.0000,0.0000,0.0000,0.0000,0.0000,0.0000,0.0000,0.0000,0.0000,0.0000,0.0000,0.0000,13.7312,0.0000,0.0000,0.0000,0.0000,2.8042,1.5367,0.0000,0.0000,0.0000,0.0000,0.0000,0.0000,3.2461,0.9754,0.0000,0.0000,0.0000,0.0000,227.2500,0.0000,0.0000,0.0000,0.0000,0.0000,0.0000,0.0000,0.0000,8.0010,13.7084,23.3832,0.0000,31.4300,0.0000,0.0000,31.0300,0.0000,29.5000,0.0000,0.0000,0.0000,39.1500,0.0000,0.0000,0.0000,0.0000,5.9492,0.0000,49.0000,0.0000,29.5000,0.0000
62,58EnBYPL2023/12/02,BYPL,0.0000,0.0000,0.0000,0.0000,6.8220,0.0000,0.0000,0.0000,70.6807,0.0000,9.5508,42.5855,0.0000,0.0000,12.0525,0.0000,22.9108,43.4874,0.0000,0.0000,57.6000,0.0000,0.0000,0.0000,104.7400,0.0000,7.1399,0.0000,0.0000,0.0000,0.0000,0.0000,164.1561,0.0000,0.0000,4.6076,0.0000,30.0050,50.3832,264.0696,61.1471,5.2222,10.7671,6.7031,8.8392,37.4701,0.0000,0.0000,0.0000,0.0000,0.0000,0.0000,0.0000,0.0000,0.0000,0.0000,0.0000,0.0000,0.0000,13.7312,0.0000,0.0000,0.0000,0.0000,2.8042,1.5367,0.0000,0.0000,0.0000,0.0000,0.0000,0.0000,3.2461,0.9754,0.0000,0.0000,0.0000,0.0000,227.2500,0.0000,0.0000,0.0000,0.0000,0.0000,0.0000,0.0000,0.0000,8.0010,13.7084,23.3832,0.0000,32.1600,0.0000,0.0000,27.6000,0.0000,25.4400,0.0000,0.0000,0.0000,41.2300,0.0000,0.0000,0.0000,0.0000,5.9492,0.0000,43.0000,0.0000,25.4400,0.0000
63,58EnBYPL2023/12/02,BYPL,0.0000,0.0000,0.0000,0.0000,6.8220,0.0000,0.0000,0.0000,70.6807,0.0000,9.5508,42.5855,0.0000,0.0000,12.0525,0.0000,22.9108,43.4874,4.8108,0.0000,57.6000,0.0000,0.0000,0.0000,104.7400,0.0000,6.0799,0.0000,0.0000,0.0000,0.0000,0.0000,164.1561,0.0000,0.0000,4.6076,0.0000,30.0050,50.3832,264.0696,61.1471,5.2222,10.7671,6.7031,8.8392,37.4701,0.0000,0.0000,0.0000,0.0000,0.0000,0.0000,0.0000,0.0000,0.0000,0.0000,0.0000,0.0000,0.0000,13.7312,0.0000,0.0000,0.0000,0.0000,1.6815,1.5367,0.0000,0.0000,0.0000,0.0000,0.0000,0.0000,3.2461,0.9754,0.0000,0.0000,0.0000,0.0000,227.2500,0.0000,0.0000,0.0000,0.0000,0.0000,0.0000,0.0000,0.0000,8.0010,13.7084,23.3832,0.0000,30.6700,0.0000,0.0000,25.9100,0.0000,22.0500,0.0000,0.0000,0.0000,43.9100,0.0000,0.0000,0.0000,0.0000,5.9492,0.0000,39.0000,0.0000,22.0500,0.0000
64,58EnBYPL2023/12/02,BYPL,0.0000,0.0000,0.0000,0.0000,6.8220,0.0000,0.0000,0.0000,70.6807,0.0000,9.5508,42.5855,0.0000,0.0000,12.0525,0.0000,22.9108,43.4874,4.8108,0.0000,57.6000,0.0000,0.0000,0.0000,104.7400,0.0000,5.4566,0.0000,0.0000,0.0000,0.0000,0.0000,164.1561,0.0000,0.0000,4.6076,0.0000,30.0050,50.3832,264.0696,61.1471,5.2222,10.7671,6.7031,8.8392,37.4701,0.0000,0.0000,0.0000,0.0000,0.0000,0.0000,0.0000,0.0000,0.0000,0.0000,0.0000,0.0000,0.0000,13.7312,0.0000,0.0000,0.0000,0.0000,1.6815,1.5367,0.0000,0.0000,0.0000,0.0000,0.0000,0.0000,3.2461,0.9754,0.0000,0.0000,0.0000,0.0000,227.2500,0.0000,0.0000,0.0000,0.0000,0.0000,0.0000,0.0000,0.0000,8.0010,14.2621,23.3832,0.0000,31.9800,0.0000,0.0000,22.1200,0.0000,18.8300,0.0000,0.0000,0.0000,46.8300,0.0000,0.0000,0.0000,0.0000,5.9492,0.0000,33.0000,0.0000,18.8300,0.0000
65,58EnBYPL2023/12/02,BYPL,0.0000,0.0000,0.0000,0.0000,6.8220,0.0000,0.0000,0.0000,70.6807,0.0000,9.5508,42.5855,0.0000,0.0000,12.0525,0.0000,22.9108,43.4874,9.6215,0.0000,57.6000,0.0000,0.0000,0.0000,104.7400,0.0000,3.8100,0.0000,0.0000,0.0000,0.0000,0.0000,164.1561,0.0000,0.0000,4.6076,0.0000,30.0050,50.3832,264.0696,61.1471,5.2222,10.7671,6.7031,8.8392,37.4701,0.0000,0.0000,0.0000,0.0000,0.0000,0.0000,0.0000,0.0000,0.0000,0.0000,0.0000,0.0000,0.0000,13.7312,0.0000,0.0000,0.0000,0.0000,1.6815,1.5367,0.0000,0.0000,0.0000,0.0000,0.0000,0.0000,3.2461,0.9754,0.0000,0.0000,0.0000,0.0000,227.2500,0.0000,0.0000,0.0000,0.0000,0.0000,0.0000,0.0000,0.0000,8.0010,13.1572,23.3832,0.0000,26.9600,0.0000,0.0000,18.5700,0.0000,16.1700,0.0000,0.0000,0.0000,48.6200,0.0000,0.0000,0.0000,0.0000,5.9492,0.0000,26.0000,0.0000,16.1700,0.0000
66,58EnBYPL2023/12/02,BYPL,0.0000,0.0000,0.0000,0.0000,6.8220,0.0000,0.0000,0.0000,70.6807,0.0000,9.5508,42.5855,0.0000,0.0000,12.0525,0.0000,22.9108,43.4874,9.6215,0.0000,57.6000,0.0000,0.0000,0.0000,104.7400,0.0000,2.8966,0.0000,0.0000,0.0000,0.0000,0.0000,164.1561,0.0000,0.0000,4.6076,0.0000,30.0050,50.3832,264.0696,61.1471,5.2222,10.7671,6.7031,8.8392,37.4701,0.0000,0.0000,0.0000,0.0000,0.0000,0.0000,0.0000,0.0000,0.0000,0.0000,0.0000,0.0000,0.0000,13.7312,0.0000,0.0000,0.0000,0.0000,1.6815,1.5367,0.0000,0.0000,0.0000,0.0000,0.0000,0.0000,3.2461,0.9754,0.0000,0.0000,0.0000,0.0000,227.2500,0.0000,0.0000,0.0000,0.0000,0.0000,0.0000,0.0000,0.0000,8.0010,13.7084,23.3832,0.0000,27.0800,0.0000,0.0000,14.8700,0.0000,13.0000,0.0000,0.0000,0.0000,51.2900,0.0000,0.0000,0.0000,0.0000,5.9492,0.0000,19.0000,0.0000,13.0000,0.0000
67,58EnBYPL2023/12/02,BYPL,0.0000,0.0000,0.0000,0.0000,6.8220,0.0000,0.0000,0.0000,70.6807,0.0000,9.5508,42.5855,0.0000,0.0000,12.0525,0.0000,22.9108,43.4874,9.6215,0.0000,57.6000,0.0000,0.0000,0.0000,104.7400,0.0000,2.0333,0.0000,0.0000,0.0000,0.0000,0.0000,164.1561,0.0000,0.0000,4.6076,0.0000,30.0050,50.3832,264.0696,61.1471,5.2222,10.7671,6.7031,8.8392,37.4701,0.0000,0.0000,0.0000,0.0000,0.0000,0.0000,0.0000,0.0000,0.0000,0.0000,0.0000,0.0000,0.0000,13.7312,0.0000,0.0000,0.0000,0.0000,1.6815,1.5367,0.0000,0.0000,0.0000,0.0000,0.0000,0.0000,3.2461,0.6502,0.0000,0.0000,0.0000,0.0000,227.2500,0.0000,0.0000,0.0000,0.0000,0.0000,0.0000,0.0000,0.0000,8.0010,13.7084,23.3832,0.0000,27.1900,0.0000,0.0000,11.1700,0.0000,7.0000,0.0000,0.0000,0.0000,53.8100,0.0000,0.0000,0.0000,0.0000,5.9492,0.0000,15.0000,0.0000,7.0000,0.0000
68,58EnBYPL2023/12/02,BYPL,0.0000,0.0000,0.0000,0.0000,6.8220,0.0000,0.0000,0.0000,70.6807,0.0000,9.5508,42.5855,0.0000,0.0000,12.0525,0.0000,22.9108,43.4874,9.6215,0.0000,57.6000,0.0000,0.0000,0.0000,104.7400,0.0000,1.2600,0.0000,0.0000,0.0000,0.0000,0.0000,164.1561,0.0000,0.0000,4.6076,0.0000,30.0050,50.3832,264.0696,61.1471,5.2222,10.7671,6.7031,8.8392,37.4701,0.0000,0.0000,0.0000,0.0000,0.0000,0.0000,0.0000,0.0000,0.0000,0.0000,0.0000,0.0000,0.0000,13.7312,0.0000,0.0000,0.0000,0.0000,1.6815,1.5367,0.0000,0.0000,0.0000,0.0000,0.0000,0.0000,3.2461,0.6502,0.0000,0.0000,0.0000,0.0000,227.2500,0.0000,0.0000,0.0000,0.0000,0.0000,0.0000,0.0000,0.0000,8.0010,13.7084,23.3832,0.0000,27.3900,0.0000,0.0000,7.7400,0.0000,5.0000,0.0000,0.0000,0.0000,54.4700,0.0000,0.0000,0.0000,0.0000,5.9492,0.0000,9.0000,0.0000,5.0000,0.0000
69,58EnBYPL2023/12/02,BYPL,0.0000,0.0000,0.0000,0.0000,6.8220,0.0000,0.0000,0.0000,70.6807,0.0000,9.5508,42.5855,0.0000,0.0000,12.0525,0.0000,22.9108,43.4874,16.8377,0.0000,57.6000,0.0000,0.0000,0.0000,104.7400,0.0000,0.7067,0.0000,0.0000,0.0000,0.0000,0.0000,164.0840,0.0000,0.0000,4.6076,0.0000,30.0050,50.3832,264.0696,61.1471,5.2222,10.7671,6.7031,8.8392,37.4701,0.0000,0.0000,0.0000,0.0000,0.0000,0.0000,0.0000,0.0000,0.0000,0.0000,0.0000,0.0000,0.0000,13.7312,0.0000,0.0000,0.0000,0.0000,1.6815,1.5367,0.0000,0.0000,0.0000,0.0000,4.1859,0.0000,3.2461,0.4547,0.0000,0.0000,0.0000,0.0000,227.2500,0.0000,0.0000,0.0000,0.0000,0.0000,0.0000,0.0000,0.0000,8.1356,13.7084,23.3832,0.0000,27.7000,0.0000,0.0000,4.6700,0.0000,3.0000,0.0000,0.0000,0.0000,75.9800,0.0000,0.0000,0.0000,0.0000,5.9492,0.0000,4.0000,0.0000,3.0000,0.0000
70,58EnBYPL2023/12/02,BYPL,0.0000,0.0000,0.0000,0.0000,6.8220,0.0000,0.0000,0.0000,70.6807,0.0000,9.5508,42.5855,0.0000,0.0000,12.0525,0.0000,22.9108,43.4874,24.0538,0.0000,57.6000,0.0000,0.0000,0.0000,104.7400,0.0000,0.3233,0.0000,0.0000,0.0000,0.0000,0.0000,164.0840,0.0000,0.0000,4.6076,0.0000,30.0050,50.3832,264.0696,61.1471,5.2222,10.7671,6.7031,8.8392,37.4701,0.0000,0.0000,0.0000,0.0000,0.0000,0.0000,0.0000,1.1506,0.0000,0.0000,0.0000,0.0000,0.0000,13.7312,0.0000,0.0000,0.0000,0.0000,1.6815,1.5367,0.0000,3.3172,0.0000,0.0000,4.1859,0.0000,3.2461,0.4547,0.0000,0.0000,0.0000,0.0000,227.2500,0.0000,0.0000,0.0000,0.0000,0.0000,0.0000,0.0000,0.0000,8.1356,13.7084,23.3832,0.0000,27.7600,0.0000,0.0000,2.4700,0.0000,1.0000,0.0000,0.0000,0.0000,77.2900,0.0000,0.0000,0.0000,0.0000,5.9492,0.0000,1.0000,0.0000,1.0000,0.0000
71,58EnBYPL2023/12/02,BYPL,0.0000,0.0000,0.0000,0.0000,6.8220,0.0000,0.0000,0.0000,70.6807,0.0000,9.5508,42.5855,0.0000,0.0000,12.0525,0.0000,22.9108,43.4874,28.8646,0.0000,57.6000,0.0000,0.0000,0.0000,104.7400,0.0000,0.1000,0.0000,0.0000,0.0000,0.0000,0.0000,164.0840,0.0000,0.0000,4.6076,0.0000,30.0050,50.3832,264.0696,61.1471,5.2222,10.7671,6.7031,8.8392,37.4701,0.0000,0.0000,0.0000,0.0000,0.0000,0.0000,0.0000,1.1506,0.0000,0.0000,0.0000,0.0000,0.0000,13.7312,0.0000,0.0000,0.0000,0.0000,1.6815,1.5367,1.7856,4.0640,2.4587,2.2809,4.1859,0.9703,3.2461,0.4547,0.5588,0.0000,0.0000,0.0000,227.2500,0.0000,0.0000,0.0000,0.0000,0.0000,0.0000,0.0000,0.0000,8.1356,13.7084,23.3832,0.0000,28.1900,0.0000,0.0000,0.9000,0.0000,200.0000,0.0000,0.0000,0.0000,79.2200,0.0000,0.0000,0.0000,0.0000,5.9492,0.0000,300.0000,0.0000,200.0000,0.0000
72,58EnBYPL2023/12/02,BYPL,0.0000,0.0000,0.0000,0.0000,6.8220,0.0000,0.0000,0.0000,70.6807,0.0000,9.5508,42.5855,0.0000,0.0000,12.0525,0.0000,22.9108,43.4874,35.6489,0.0000,57.6000,0.0000,0.0000,0.0000,104.7400,0.0000,0.0300,0.0000,0.0000,0.0000,0.0000,0.0000,164.0840,0.0000,0.0000,4.6076,0.0000,30.0050,50.3832,264.0696,61.1471,5.2222,10.7671,6.7031,8.8392,37.4701,0.0000,0.0000,0.0000,0.0000,0.0000,0.0000,0.0000,2.6772,0.0000,0.0000,0.0000,0.0000,0.0000,13.7312,0.0000,0.0000,0.0000,0.0000,1.6815,1.5367,3.5306,10.0355,5.1740,4.0259,12.5578,4.2037,3.2461,0.4547,3.3122,0.0000,0.0000,0.0000,227.2500,0.0000,0.0000,0.0000,0.0000,0.0000,0.0000,0.0000,0.0000,8.1356,13.7084,23.3832,0.0000,28.4900,0.0000,0.0000,0.0700,0.0000,200.0000,0.0000,0.0000,0.0000,81.1100,0.0000,0.0000,0.0000,0.0000,5.9492,0.0000,300.0000,0.0000,200.0000,0.0000
73,58EnBYPL2023/12/02,BYPL,0.0000,0.0000,0.0000,0.0000,6.8220,0.0000,0.0000,0.0000,70.6807,0.0000,9.5508,42.5855,0.0000,0.0000,12.0525,0.0000,22.9108,43.4874,35.6489,0.0000,57.6000,0.0000,0.0000,0.0000,104.7400,0.0000,0.0000,0.0000,0.0000,0.0000,0.0000,0.0000,164.0840,0.0000,0.0000,4.6076,0.0000,30.0050,50.3832,264.0696,61.1471,5.2222,10.7671,6.7031,8.8392,37.4701,0.0000,0.0000,0.0000,0.0000,0.0000,0.0000,0.0000,2.6772,0.0000,0.0000,0.0000,0.0000,0.0000,13.7312,0.0000,0.0000,0.0000,0.0000,1.6815,1.5367,5.6185,10.0355,5.1740,6.9621,12.5578,8.4074,4.4272,0.4547,3.3122,0.0000,0.0000,0.0000,231.7500,0.0000,0.0000,0.0000,0.0000,0.0000,0.0000,0.0000,0.0000,8.1356,13.7084,23.3832,0.0000,28.9400,0.0000,0.0000,300.0000,0.0000,200.0000,0.0000,0.0000,0.0000,77.1100,0.0000,0.0000,0.0000,0.0000,6.2524,0.0000,300.0000,0.0000,200.0000,0.0000
74,58EnBYPL2023/12/02,BYPL,0.0000,0.0000,0.0000,0.0000,6.8220,0.0000,0.0000,0.0000,70.6807,0.0000,9.5508,42.5855,0.0000,0.0000,12.0525,0.0000,22.9108,43.4874,35.6489,0.0000,57.6000,0.0000,0.0000,0.0000,104.7400,0.0000,0.0000,0.0000,0.0000,0.0000,0.0000,0.0000,164.0840,0.0000,0.0000,4.6076,0.0000,30.0050,50.3832,264.0696,61.1471,5.2222,10.7671,6.7031,8.8392,37.4701,0.0000,0.0000,0.0000,0.0000,0.0000,0.0000,0.0000,2.6772,0.0000,0.0000,0.0000,0.0000,0.0000,13.7312,0.0000,0.0000,0.0000,0.0000,1.6815,1.5367,6.6218,10.0355,5.1740,9.2812,12.5578,8.4074,18.0035,0.4547,3.3122,0.0000,0.0000,0.0000,231.7500,0.0000,0.0000,0.0000,0.0000,0.0000,0.0000,0.0000,0.0000,8.1356,13.7084,22.9667,0.0000,29.5200,0.0000,0.0000,300.0000,0.0000,200.0000,0.0000,0.0000,0.0000,78.5500,0.0000,0.0000,0.0000,0.0000,6.2524,0.0000,300.0000,0.0000,200.0000,0.0000
75,58EnBYPL2023/12/02,BYPL,0.0000,0.0000,0.0000,0.0000,6.8220,0.0000,0.0000,0.0000,70.6807,0.0000,9.5508,42.5855,0.0000,0.0000,12.0525,0.0000,22.9108,43.4874,35.6489,0.0000,57.6000,0.0000,0.0000,0.0000,104.7400,0.0000,0.0000,0.0000,0.0000,0.0000,0.0000,0.0000,164.0840,0.0000,0.0000,4.6076,0.0000,30.0050,50.3832,264.0696,61.1471,5.2222,10.7671,6.7031,8.8392,37.4701,0.0000,0.0000,0.0000,0.0000,0.0000,0.0000,0.0000,2.6772,0.0000,0.0000,0.0000,0.0000,0.0000,13.7312,0.0000,0.0000,0.0000,0.0000,1.9634,1.5367,6.6218,10.0355,5.1740,9.2812,12.5578,8.4074,18.0035,0.4547,3.3122,0.0000,0.0000,0.0000,231.7500,0.0000,0.0000,0.0000,0.0000,0.0000,0.0000,0.0000,0.0000,8.1356,13.7084,22.9667,0.0000,29.8500,0.0000,0.0000,300.0000,0.0000,200.0000,0.0000,0.0000,0.0000,79.5200,0.0000,0.0000,0.0000,0.0000,6.2524,0.0000,300.0000,0.0000,200.0000,0.0000
76,58EnBYPL2023/12/02,BYPL,0.0000,0.0000,0.0000,0.0000,6.8220,0.0000,0.0000,0.0000,70.6807,0.0000,9.5508,42.5855,0.0000,0.0000,12.0525,0.0000,22.9108,43.4874,35.6489,0.0000,57.6000,0.0000,0.0000,0.0000,104.7400,0.0000,0.0000,0.0000,0.0000,0.0000,0.0000,0.0000,164.0840,0.0000,0.0000,4.6076,0.0000,30.0050,50.3832,264.0696,61.1471,5.2222,10.7671,6.7031,8.8392,37.4701,0.0000,0.0000,0.0000,0.0000,0.0000,0.0000,0.0000,2.6772,0.0000,0.0000,0.0000,0.0000,0.0000,13.7312,0.0000,0.0000,0.0000,0.0000,10.0940,1.5367,6.6218,10.0355,5.1740,9.2812,12.5578,8.4074,18.0035,0.4547,3.3122,0.0000,0.0000,0.0000,231.7500,0.0000,0.0000,0.0000,0.0000,0.0000,0.0000,0.0000,0.0000,8.1356,13.7084,23.3832,0.0000,30.2900,0.0000,0.0000,300.0000,0.0000,200.0000,0.0000,0.0000,0.0000,81.7100,0.0000,0.0000,0.0000,0.0000,6.2524,0.0000,300.0000,0.0000,200.0000,0.0000
77,58EnBYPL2023/12/02,BYPL,0.0000,0.0000,0.0000,0.0000,6.8220,0.0000,0.0000,0.0000,70.6807,0.0000,9.5508,42.5855,0.0000,0.0000,12.0525,0.0000,22.9108,43.4874,35.6489,0.0000,57.6000,0.0000,0.0000,0.0000,104.7400,0.0000,0.0000,0.0000,0.0000,0.0000,0.0000,0.0000,164.0840,0.0000,0.0000,4.6076,0.0000,30.0050,50.3832,264.0696,61.1471,5.2222,10.7671,6.7031,8.8392,37.4701,0.0000,0.0000,0.0000,0.0000,0.0000,0.0000,0.0000,2.6772,0.0000,0.0000,0.0000,0.0000,0.0000,13.7312,0.0000,0.0000,0.0000,0.0000,10.0940,1.7094,6.6218,10.0355,5.1740,9.2812,12.5578,4.2037,18.0035,1.2040,3.3122,0.0000,0.0000,0.0000,231.7500,0.0000,0.0000,0.0000,0.0000,0.0000,0.0000,0.0000,0.0000,8.1356,13.8201,23.3832,0.0000,31.1500,0.0000,0.0000,300.0000,0.0000,200.0000,0.0000,0.0000,0.0000,81.9600,0.0000,0.0000,0.0000,0.0000,6.2524,0.0000,300.0000,0.0000,200.0000,0.0000
78,58EnBYPL2023/12/02,BYPL,0.0000,0.0000,0.0000,0.0000,6.8220,0.0000,0.0000,0.0000,70.6807,0.0000,9.5508,42.5855,0.0000,0.0000,12.0525,0.0000,22.9108,43.4874,31.2699,0.0000,57.6000,0.0000,0.0000,0.0000,104.7400,0.0000,0.0000,0.0000,0.0000,0.0000,0.0000,0.0000,164.0840,0.0000,0.0000,4.6076,0.0000,30.0050,50.3832,264.0696,61.1471,5.2222,10.7671,6.7031,8.8392,37.4701,0.0000,0.0000,0.0000,0.0000,0.0000,0.0000,0.0000,1.1506,0.0000,0.0000,0.0000,0.0000,0.0000,13.7312,0.0000,0.0000,0.0000,0.0000,3.3655,1.7094,3.5687,3.3452,0.0000,9.2812,12.5578,0.9703,3.5408,1.2040,3.3122,0.0000,0.0000,0.0000,231.7500,0.0000,0.0000,0.0000,0.0000,0.0000,0.0000,0.0000,0.0000,8.1356,13.8201,23.3832,0.0000,32.8100,0.0000,0.0000,300.0000,0.0000,200.0000,0.0000,0.0000,0.0000,82.6600,0.0000,0.0000,0.0000,0.0000,6.2524,0.0000,300.0000,0.0000,200.0000,0.0000
79,58EnBYPL2023/12/02,BYPL,0.0000,0.0000,0.0000,0.0000,6.8220,0.0000,0.0000,0.0000,70.6807,0.0000,9.5508,42.5855,0.0000,0.0000,12.0525,0.0000,22.9108,43.4874,26.4592,0.0000,57.6000,0.0000,0.0000,0.0000,104.7400,0.0000,0.0000,0.0000,0.0000,0.0000,0.0000,0.0000,164.0840,0.0000,0.0000,4.6076,0.0000,30.0050,50.3832,264.0696,61.1471,5.2222,10.7671,6.7031,8.8392,37.4701,0.0000,0.0000,0.0000,0.0000,0.0000,0.0000,0.0000,0.0000,0.0000,0.0000,0.0000,0.0000,0.0000,13.7312,0.0000,0.0000,0.0000,0.0000,2.2428,1.7094,1.6053,3.3452,0.0000,9.2812,8.3718,0.0000,0.5893,1.2040,1.6561,0.0000,0.0000,0.0000,231.7500,0.0000,0.0000,0.0000,0.0000,0.0000,0.0000,0.0000,0.0000,8.1356,13.8201,23.3832,0.0000,33.3400,0.0000,0.0000,300.0000,0.0000,200.0000,0.0000,0.0000,0.0000,83.6800,0.0000,0.0000,0.0000,0.0000,6.2524,0.0000,300.0000,0.0000,200.0000,0.0000
80,58EnBYPL2023/12/02,BYPL,0.0000,0.0000,0.0000,0.0000,6.8220,0.0000,0.0000,0.0000,70.6807,0.0000,9.5508,42.5855,0.0000,0.0000,12.0525,0.0000,22.9108,43.4874,16.8377,0.0000,57.6000,0.0000,0.0000,0.0000,104.7400,0.0000,0.0000,0.0000,0.0000,0.0000,0.0000,0.0000,164.1561,0.0000,0.0000,4.6076,0.0000,30.0050,50.3832,264.0696,61.1471,5.2222,10.7671,6.7031,8.8392,37.4701,0.0000,0.0000,0.0000,0.0000,0.0000,0.0000,0.0000,0.0000,0.0000,0.0000,0.0000,0.0000,0.0000,13.7312,0.0000,0.0000,0.0000,0.0000,2.2428,1.7094,0.0000,0.0000,0.0000,2.0142,8.3718,0.0000,0.5893,1.2040,1.6561,0.0000,0.0000,0.0000,231.7500,0.0000,0.0000,0.0000,0.0000,0.0000,0.0000,0.0000,0.0000,8.1356,13.8201,23.3832,0.0000,33.3400,0.0000,0.0000,300.0000,0.0000,200.0000,0.0000,0.0000,0.0000,83.3600,0.0000,0.0000,0.0000,0.0000,6.2524,0.0000,300.0000,0.0000,200.0000,0.0000
81,58EnBYPL2023/12/02,BYPL,0.0000,0.0000,0.0000,0.0000,6.8220,0.0000,0.0000,0.0000,70.6807,0.0000,9.5508,42.5855,0.0000,0.0000,12.0525,0.0000,22.9108,43.4874,9.6215,0.0000,57.6000,0.0000,0.0000,0.0000,104.7400,0.0000,0.0000,0.0000,0.0000,0.0000,0.0000,0.0000,164.1561,0.0000,0.0000,4.6076,0.0000,30.0050,50.3832,264.0696,61.1471,5.2222,10.7671,6.7031,8.8392,37.4701,0.0000,0.0000,0.0000,0.0000,0.0000,0.0000,0.0000,0.0000,0.0000,0.0000,0.0000,0.0000,0.0000,13.7312,0.0000,0.0000,0.0000,0.0000,2.2428,1.7094,0.0000,0.0000,0.0000,0.0000,4.1859,0.0000,0.5893,1.2040,1.6561,0.0000,0.0000,0.0000,231.7500,0.0000,0.0000,0.0000,0.0000,0.0000,0.0000,0.0000,0.0000,8.1356,13.8201,23.3832,0.0000,33.3400,0.0000,0.0000,300.0000,0.0000,200.0000,0.0000,0.0000,0.0000,84.5200,0.0000,0.0000,0.0000,0.0000,6.2524,0.0000,300.0000,0.0000,200.0000,0.0000
82,58EnBYPL2023/12/02,BYPL,0.0000,0.0000,0.0000,0.0000,6.8220,0.0000,0.0000,0.0000,70.6807,0.0000,9.5508,42.5855,0.0000,0.0000,12.0525,0.0000,22.9108,43.4874,4.9073,0.0000,57.6000,0.0000,0.0000,0.0000,104.7400,0.0000,0.0000,0.0000,0.0000,0.0000,0.0000,0.0000,164.1561,0.0000,0.0000,4.6076,0.0000,30.0050,50.3832,264.0696,61.1471,5.2222,10.7671,6.7031,8.8392,37.4701,0.0000,0.0000,0.0000,0.0000,0.0000,0.0000,0.0000,0.0000,0.0000,0.0000,0.0000,0.0000,0.0000,13.7312,0.0000,0.0000,0.0000,0.0000,2.2428,1.7094,0.0000,0.0000,0.0000,0.0000,4.1859,0.0000,0.5893,1.2040,1.6561,0.0000,0.0000,0.0000,231.7500,0.0000,0.0000,0.0000,0.0000,0.0000,0.0000,0.0000,0.0000,8.1356,13.8201,23.3832,0.0000,33.3400,0.0000,0.0000,300.0000,0.0000,200.0000,0.0000,0.0000,0.0000,84.6800,0.0000,0.0000,0.0000,0.0000,6.2524,0.0000,300.0000,0.0000,200.0000,0.0000
83,58EnBYPL2023/12/02,BYPL,0.0000,0.0000,0.0000,0.0000,6.8220,0.0000,0.0000,0.0000,70.6807,0.0000,9.5508,42.5855,0.0000,0.0000,12.0525,0.0000,22.9108,43.4874,4.9073,0.0000,57.6000,0.0000,0.0000,0.0000,104.7400,0.0000,0.0000,0.0000,0.0000,0.0000,0.0000,0.0000,164.1561,0.0000,0.0000,4.6076,0.0000,30.0050,50.3832,264.0696,61.1471,5.2222,10.7671,6.7031,8.8392,37.4701,0.0000,0.0000,0.0000,0.0000,0.0000,0.0000,0.0000,0.0000,0.0000,0.0000,0.0000,0.0000,0.0000,13.7312,0.0000,0.0000,0.0000,0.0000,2.2428,1.7094,0.0000,0.0000,0.0000,0.0000,4.1859,0.0000,0.5893,1.2040,1.6561,0.0000,0.0000,0.0000,231.7500,0.0000,0.0000,0.0000,0.0000,0.0000,0.0000,0.0000,0.0000,8.1356,13.8201,23.3832,0.0000,33.3400,0.0000,0.0000,300.0000,0.0000,200.0000,0.0000,0.0000,0.0000,84.3500,0.0000,0.0000,0.0000,0.0000,6.2524,0.0000,300.0000,0.0000,200.0000,0.0000
84,58EnBYPL2023/12/02,BYPL,0.0000,0.0000,0.0000,0.0000,6.8220,0.0000,0.0000,0.0000,70.6807,0.0000,9.5508,42.5855,0.0000,0.0000,12.0525,0.0000,22.9108,43.4874,4.9073,0.0000,57.6000,0.0000,0.0000,0.0000,104.7400,0.0000,0.0000,0.0000,0.0000,0.0000,0.0000,0.0000,164.1561,0.0000,0.0000,4.6076,0.0000,30.0050,50.3832,264.0696,61.1471,5.2222,10.7671,6.7031,8.8392,37.4701,0.0000,0.0000,0.0000,0.0000,0.0000,0.0000,0.0000,0.0000,0.0000,0.0000,0.0000,0.0000,0.0000,13.7312,0.0000,0.0000,0.0000,0.0000,2.2428,1.7094,0.0000,0.0000,0.0000,0.0000,4.1859,0.0000,0.5893,1.2040,0.0000,0.0000,0.0000,0.0000,231.7500,0.0000,0.0000,0.0000,0.0000,0.0000,0.0000,0.0000,0.0000,8.1356,13.8201,23.3832,0.0000,33.3400,0.0000,0.0000,300.0000,0.0000,200.0000,0.0000,0.0000,0.0000,85.7600,0.0000,0.0000,0.0000,0.0000,6.2524,0.0000,300.0000,0.0000,200.0000,0.0000
85,58EnBYPL2023/12/02,BYPL,0.0000,0.0000,0.0000,0.0000,6.8220,0.0000,0.0000,0.0000,70.6807,0.0000,9.5508,42.5855,0.0000,0.0000,12.0525,0.0000,22.9108,43.4874,4.9073,0.0000,57.6000,0.0000,0.0000,0.0000,104.7400,0.0000,0.0000,0.0000,0.0000,0.0000,0.0000,0.0000,164.1561,0.0000,0.0000,4.6076,0.0000,30.0050,50.3832,264.0696,61.1471,5.2222,10.7671,6.7031,8.8392,37.4701,0.0000,0.0000,0.0000,0.0000,0.0000,0.0000,0.0000,0.0000,0.0000,0.0000,0.0000,0.0000,0.0000,13.7312,0.0000,0.0000,0.0000,0.0000,2.8042,1.8796,0.0000,0.0000,0.0000,0.0000,4.1859,0.0000,0.5893,1.2040,0.0000,0.0000,0.0000,0.0000,231.7500,0.0000,0.0000,0.0000,0.0000,0.0000,0.0000,0.0000,0.0000,8.2677,13.8201,23.3832,0.0000,33.3400,0.0000,0.0000,300.0000,0.0000,200.0000,0.0000,0.0000,0.0000,84.6300,0.0000,0.0000,0.0000,0.0000,6.2524,0.0000,300.0000,0.0000,200.0000,0.0000
86,58EnBYPL2023/12/02,BYPL,0.0000,0.0000,0.0000,0.0000,6.8220,0.0000,0.0000,0.0000,70.6807,0.0000,9.5508,42.5855,0.0000,0.0000,12.0525,0.0000,22.9108,43.4874,4.9073,0.0000,57.6000,0.0000,0.0000,0.0000,104.7400,0.0000,0.0000,0.0000,0.0000,0.0000,0.0000,0.0000,164.1561,0.0000,0.0000,4.6076,0.0000,30.0050,50.3832,264.0696,61.1471,5.2222,10.7671,6.7031,8.8392,37.4701,0.0000,0.0000,0.0000,0.0000,0.0000,0.0000,0.0000,0.0000,0.0000,0.0000,0.0000,0.0000,0.0000,13.7312,0.0000,0.0000,0.0000,0.0000,2.8042,1.8796,0.0000,0.0000,0.0000,0.0000,4.1859,0.0000,0.5893,1.2040,0.0000,0.0000,0.0000,0.0000,231.7500,0.0000,0.0000,0.0000,0.0000,0.0000,0.0000,0.0000,0.0000,8.2677,13.8201,23.3832,0.0000,33.3400,0.0000,0.0000,300.0000,0.0000,200.0000,0.0000,0.0000,0.0000,84.8800,0.0000,0.0000,0.0000,0.0000,6.2524,0.0000,300.0000,0.0000,200.0000,0.0000
87,58EnBYPL2023/12/02,BYPL,0.0000,0.0000,0.0000,0.0000,6.8220,0.0000,0.0000,0.0000,70.6807,0.0000,9.5508,42.5855,0.0000,0.0000,12.0525,0.0000,22.9108,43.4874,4.8590,0.0000,57.6000,0.0000,0.0000,0.0000,104.7400,0.0000,0.0000,0.0000,0.0000,0.0000,0.0000,0.0000,164.1561,0.0000,0.0000,4.6076,0.0000,30.0050,50.3832,264.0696,61.1471,5.2222,10.7671,6.7031,8.8392,37.4701,0.0000,0.0000,0.0000,0.0000,0.0000,0.0000,0.0000,0.0000,0.0000,0.0000,0.0000,0.0000,0.0000,13.7312,0.0000,0.0000,0.0000,0.0000,4.4856,1.8796,0.0000,0.0000,0.0000,0.0000,4.1859,0.0000,0.5893,1.2040,0.0000,0.0000,0.0000,0.0000,231.7500,0.0000,0.0000,0.0000,0.0000,0.0000,0.0000,0.0000,0.0000,8.2677,13.8481,23.3832,0.0000,37.5400,0.0000,0.0000,300.0000,0.0000,200.0000,0.0000,0.0000,0.0000,86.2100,0.0000,0.0000,0.0000,0.0000,6.2524,0.0000,300.0000,0.0000,200.0000,0.0000
88,58EnBYPL2023/12/02,BYPL,0.0000,0.0000,0.0000,0.0000,6.8220,0.0000,0.0000,0.0000,70.6807,0.0000,9.5508,42.5855,0.0000,0.0000,12.0525,0.0000,22.9108,43.4874,0.0000,0.0000,57.6000,0.0000,0.0000,0.0000,104.7400,0.0000,0.0000,0.0000,0.0000,0.0000,0.0000,0.0000,164.1561,0.0000,0.0000,4.6076,0.0000,30.0050,50.3832,264.0696,61.1471,5.2222,10.7671,6.7031,8.8392,37.4701,0.0000,0.0000,0.0000,0.0000,0.0000,0.0000,0.0000,0.0000,0.0000,0.0000,0.0000,0.0000,0.0000,13.7312,0.0000,0.0000,0.0000,0.0000,4.4856,1.8796,0.0000,0.0000,0.0000,0.0000,4.1859,0.0000,0.5893,1.2040,0.0000,0.0000,0.0000,0.0000,231.7500,0.0000,0.0000,0.0000,0.0000,0.0000,0.0000,0.0000,0.0000,8.2677,13.8481,23.3832,0.0000,36.8500,0.0000,0.0000,300.0000,0.0000,200.0000,0.0000,0.0000,0.0000,86.8700,0.0000,0.0000,0.0000,0.0000,6.2524,0.0000,300.0000,0.0000,200.0000,0.0000
89,58EnBYPL2023/12/02,BYPL,0.0000,0.0000,0.0000,0.0000,6.8220,0.0000,0.0000,0.0000,70.6807,0.0000,9.5508,42.5855,0.0000,0.0000,12.0525,0.0000,22.9108,43.4874,0.0000,0.0000,57.6000,0.0000,0.0000,0.0000,104.7400,0.0000,0.0000,0.0000,0.0000,0.0000,0.0000,0.0000,164.1561,0.0000,0.0000,4.6076,0.0000,30.0050,50.3832,264.0696,61.1471,5.2222,10.7671,6.7031,8.8392,37.4701,0.0000,0.0000,0.0000,0.0000,0.0000,0.0000,0.0000,0.0000,0.0000,0.0000,0.0000,0.0000,0.0000,13.7312,0.0000,0.0000,0.0000,0.0000,2.8042,1.8796,0.0000,0.0000,0.0000,0.0000,4.1859,0.0000,0.5893,1.2040,0.0000,0.0000,0.0000,0.0000,231.7500,0.0000,0.0000,0.0000,0.0000,0.0000,0.0000,0.0000,0.0000,8.2677,13.8481,23.3832,0.0000,36.5300,0.0000,0.0000,300.0000,0.0000,200.0000,0.0000,0.0000,0.0000,86.0000,0.0000,0.0000,0.0000,0.0000,6.2524,0.0000,300.0000,0.0000,200.0000,0.0000
90,58EnBYPL2023/12/02,BYPL,0.0000,0.0000,0.0000,0.0000,6.8220,0.0000,0.0000,0.0000,70.6807,0.0000,9.5508,42.5855,0.0000,0.0000,12.0525,0.0000,22.9108,43.4874,0.0000,0.0000,57.6000,0.0000,0.0000,0.0000,104.7400,0.0000,0.0000,0.0000,0.0000,0.0000,0.0000,0.0000,164.1561,0.0000,0.0000,4.6076,0.0000,30.0050,50.3832,264.0696,61.1471,5.2222,10.7671,6.7031,8.8392,37.4701,0.0000,0.0000,0.0000,0.0000,0.0000,0.0000,0.0000,0.0000,0.0000,0.0000,0.0000,0.0000,0.0000,13.7312,0.0000,0.0000,0.0000,0.0000,2.8042,1.8796,0.0000,0.0000,0.0000,0.0000,4.1859,0.0000,0.5893,0.9754,0.0000,0.0000,0.0000,0.0000,231.7500,0.0000,0.0000,0.0000,0.0000,0.0000,0.0000,0.0000,0.0000,8.2677,13.8481,23.3832,0.0000,35.8300,0.0000,0.0000,300.0000,0.0000,200.0000,0.0000,0.0000,0.0000,85.0000,0.0000,0.0000,0.0000,0.0000,6.2524,0.0000,300.0000,0.0000,200.0000,0.0000
91,58EnBYPL2023/12/02,BYPL,0.0000,0.0000,0.0000,0.0000,6.8220,0.0000,0.0000,0.0000,70.6807,0.0000,9.5508,42.5855,0.0000,0.0000,12.0525,0.0000,22.9108,43.4874,0.0000,0.0000,57.6000,0.0000,0.0000,0.0000,104.7400,0.0000,0.0000,0.0000,0.0000,0.0000,0.0000,0.0000,164.1561,0.0000,0.0000,4.6076,0.0000,30.0050,50.3832,264.0696,61.1471,5.2222,10.7671,6.7031,8.8392,37.4701,0.0000,0.0000,0.0000,0.0000,0.0000,0.0000,0.0000,0.0000,0.0000,0.0000,0.0000,0.0000,0.0000,13.7312,0.0000,0.0000,0.0000,0.0000,1.1227,1.8796,0.0000,0.0000,0.0000,0.0000,4.1859,0.0000,0.5893,0.9754,0.0000,0.0000,0.0000,0.0000,231.7500,0.0000,0.0000,0.0000,0.0000,0.0000,0.0000,0.0000,0.0000,8.2677,13.8481,23.3832,0.0000,34.8300,0.0000,0.0000,300.0000,0.0000,200.0000,0.0000,0.0000,0.0000,85.4000,0.0000,0.0000,0.0000,0.0000,6.2524,0.0000,300.0000,0.0000,200.0000,0.0000
92,58EnBYPL2023/12/02,BYPL,0.0000,0.0000,0.0000,0.0000,6.8220,0.0000,0.0000,0.0000,70.6807,0.0000,9.5508,42.5855,0.0000,0.0000,12.0525,0.0000,22.9108,43.4874,0.0000,0.0000,57.6000,0.0000,0.0000,0.0000,104.7400,0.0000,0.0000,0.0000,0.0000,0.0000,0.0000,0.0000,164.1561,0.0000,0.0000,4.6076,0.0000,30.0050,50.3832,264.0696,61.1471,5.2222,10.7671,6.7031,8.8392,37.4701,0.0000,0.0000,0.0000,0.0000,0.0000,0.0000,0.0000,0.0000,0.0000,0.0000,0.0000,0.0000,0.0000,13.7312,0.0000,0.0000,0.0000,0.0000,1.1227,1.8796,0.0000,0.0000,0.0000,0.0000,4.1859,0.0000,0.5893,0.9754,0.0000,0.0000,0.0000,0.0000,231.7500,0.0000,0.0000,0.0000,0.0000,0.0000,0.0000,0.0000,0.0000,8.2677,13.8481,23.3832,0.0000,33.8700,0.0000,0.0000,300.0000,0.0000,200.0000,0.0000,0.0000,0.0000,85.0700,0.0000,0.0000,0.0000,0.0000,6.2524,0.0000,300.0000,0.0000,200.0000,0.0000
93,58EnBYPL2023/12/02,BYPL,0.0000,0.0000,0.0000,0.0000,6.8220,0.0000,0.0000,0.0000,70.6807,0.0000,9.5508,42.5855,0.0000,0.0000,12.0525,0.0000,22.9108,43.4874,0.0000,0.0000,57.6000,0.0000,0.0000,0.0000,104.7400,0.0000,0.0000,0.0000,0.0000,0.0000,0.0000,0.0000,164.1561,0.0000,0.0000,4.6076,0.0000,30.0050,50.3832,264.0696,61.1471,5.2222,10.7671,6.7031,8.8392,37.4701,0.0000,0.0000,0.0000,0.0000,0.0000,0.0000,0.0000,0.0000,0.0000,0.0000,0.0000,0.0000,0.0000,13.7312,0.0000,0.0000,0.0000,0.0000,2.2428,1.8796,0.0000,0.0000,0.0000,0.0000,4.1859,0.0000,0.5893,0.9754,0.0000,0.0000,0.0000,0.0000,231.7500,0.0000,0.0000,0.0000,0.0000,0.0000,0.0000,0.0000,0.0000,8.2677,13.8481,23.3832,0.0000,32.3400,0.0000,0.0000,300.0000,0.0000,200.0000,0.0000,0.0000,0.0000,83.9300,0.0000,0.0000,0.0000,0.0000,6.2524,0.0000,300.0000,0.0000,200.0000,0.0000
94,58EnBYPL2023/12/02,BYPL,0.0000,0.0000,0.0000,0.0000,6.8220,0.0000,0.0000,0.0000,70.6807,0.0000,9.5508,42.5855,0.0000,0.0000,12.0525,0.0000,22.9108,43.4874,0.0000,0.0000,57.6000,0.0000,0.0000,0.0000,104.7400,0.0000,0.0000,0.0000,0.0000,0.0000,0.0000,0.0000,164.1561,0.0000,0.0000,4.6076,0.0000,30.0050,50.3832,264.0696,61.1471,5.2222,10.7671,6.7031,8.8392,37.4701,0.0000,0.0000,0.0000,0.0000,0.0000,0.0000,0.0000,0.0000,0.0000,0.0000,0.0000,0.0000,0.0000,13.7312,0.0000,0.0000,0.0000,0.0000,2.2428,1.8796,0.0000,0.0000,0.0000,0.0000,4.1859,0.0000,0.5893,0.9754,0.0000,0.0000,0.0000,0.0000,231.7500,0.0000,0.0000,0.0000,0.0000,0.0000,0.0000,0.0000,0.0000,8.2677,13.8481,23.3832,0.0000,31.4500,0.0000,0.0000,300.0000,0.0000,200.0000,0.0000,0.0000,0.0000,83.7600,0.0000,0.0000,0.0000,0.0000,6.2524,0.0000,300.0000,0.0000,200.0000,0.0000
95,58EnBYPL2023/12/02,BYPL,0.0000,0.0000,0.0000,0.0000,6.8220,0.0000,0.0000,0.0000,70.6807,0.0000,9.5508,42.5855,0.0000,0.0000,12.0525,0.0000,22.9108,43.4874,0.0000,0.0000,57.6000,0.0000,0.0000,0.0000,104.7400,0.0000,0.0000,0.0000,0.0000,0.0000,0.0000,0.0000,164.1561,0.0000,0.0000,4.6076,0.0000,30.0050,50.3832,264.0696,61.1471,5.2222,10.7671,6.7031,8.8392,37.4701,0.0000,0.0000,0.0000,0.0000,0.0000,0.0000,0.0000,0.0000,0.0000,0.0000,0.0000,0.0000,0.0000,13.7312,0.0000,0.0000,0.0000,0.0000,2.2428,2.3927,0.0000,0.0000,0.0000,0.0000,4.1859,0.0000,0.5893,0.9754,0.0000,0.0000,0.0000,0.0000,231.7500,0.0000,0.0000,0.0000,0.0000,0.0000,0.0000,0.0000,0.0000,8.2677,13.8481,23.3832,0.0000,30.8600,0.0000,0.0000,300.0000,0.0000,200.0000,0.0000,0.0000,0.0000,83.4600,0.0000,0.0000,0.0000,0.0000,6.2524,0.0000,300.0000,0.0000,200.0000,0.0000
96,58EnBYPL2023/12/02,BYPL,0.0000,0.0000,0.0000,0.0000,6.8220,0.0000,0.0000,0.0000,70.6807,0.0000,9.5508,42.5855,0.0000,0.0000,12.0525,0.0000,22.9108,43.4874,0.0000,0.0000,57.6000,0.0000,0.0000,0.0000,104.7400,0.0000,0.0000,0.0000,0.0000,0.0000,0.0000,0.0000,164.1561,0.0000,0.0000,4.6076,0.0000,30.0050,50.3832,264.0696,61.1471,5.2222,10.7671,6.7031,8.8392,37.4701,0.0000,0.0000,0.0000,0.0000,0.0000,0.0000,0.0000,0.0000,0.0000,0.0000,0.0000,0.0000,0.0000,13.7312,0.0000,0.0000,0.0000,0.0000,2.2428,2.3927,0.0000,0.0000,0.0000,0.0000,4.1859,0.0000,0.5893,0.9754,0.0000,0.0000,0.0000,0.0000,231.7500,0.0000,0.0000,0.0000,0.0000,0.0000,0.0000,0.0000,0.0000,8.2677,13.8481,23.3832,0.0000,30.7600,0.0000,0.0000,300.0000,0.0000,200.0000,0.0000,0.0000,0.0000,82.8200,0.0000,0.0000,0.0000,0.0000,6.2524,0.0000,300.0000,0.0000,200.0000,0.0000
