Timeslot,Revisionno,BTPS,PRAGATI,RPH,DADRI_T,GT_OC,CSGS,GT_RLNG,PRG_RLNG,DVC,GT_LF,GT_CC,PRG_G_CC,GT_RLG_C,GT_LF_CC,PG_RLG_C,REGULATE,MTPS6,JHAJJAR,NJPC,CCGT_OC,CCGT_CC,CCGT_RCC,CCGT_ROC,CLPJHAJR,MEJIA7,MAITHON,SECI,RITHL_CC,RITHL_OC,RITHL_RC,RITHL_RO,NHPC,DADRI_T2,ANTA_GF,AURY_GF,FARAKKA,RIHAND1,RIHAND2,RIHAND3,SASAN,SNGRAULI,UNCHHAR1,UNCHHAR2,UNCHHAR3,KAHLGAN1,KAHLGAN2,DADRI_GF,ANTA_RF,AURY_RF,DADRI_RF,KOLDAM,TH_HPP,KTWR_HEP,SEWA2,DMSWSL,NAPP,RAPPB,MUNDRA,RAMPUR,RAPPC,TALA,ANTA_LF,AURY_LF,DADRI_LF,URI,URI2,CHAMERA1,CHAMERA2,CHAMERA3,DHAULIGNGA,DULHASTI,PARBATI3,SALAL,TANAKPUR,BSIUL,UNCHAHAR4,PRG_CCLF,PRG_OCLF,CCGTCCSPOT,CCGTOCSPOT,SNG_HYDRO,SHEP,GIREL,RUMS_DMRC,SEIPL,THPPL,NHPPL,ANTA_CRF,AURY_CRF,DADR_CRF,ALFANR_I,ALFANR_II,ALFANR_III,ERCPL_FTG,ERPCL_FTG2,AP41PL_BHDL,ASE4PL,SBSRBYPL,SBSRTPDDL,RSTOSU7,RSTPS1TO6,TALST2,SIMHST2,KUDGI,NLCEXP,NLCIIST1,NLCIIST2,NLCTS2EXP,NNTPP,NTPL,MAPS,KGSU1AND2,KGSU3AND4,KKNP,VALLURNTECL,SRIJAN_M,SITAC_BRPL,SITAC_BYPL
23:45-24:00,61DC2022/09/22,0.00,0.00,0.00,0.00,0.00,0.00,0.00,0.00,240.00,0.00,84.00,120.00,0.00,0.00,203.00,0.00,68.00,653.15,152.47,0.00,320.00,0.00,0.00,35.30,74.45,271.94,0.00,0.00,0.00,0.00,0.00,12.26,215.53,0.00,0.00,20.73,46.00,118.13,123.67,348.98,139.31,21.82,42.39,26.39,23.20,147.52,0.00,8.40,16.29,2.74,0.00,62.24,28.59,10.53,12.00,39.20,0.00,0.00,0.00,50.76,23.52,34.13,53.21,58.64,22.08,15.87,42.15,39.51,29.06,36.59,49.44,3.18,69.72,11.53,13.11,0.00,0.00,0.00,950.00,0.00,0.84,10.50,42.92,0.00,200.00,10.23,10.78,0.00,0.00,0.00,62.83,20.94,20.94,300.00,300.00,100.00,200.00,200.00,200.00,3.98,16.21,5.81,2.14,24.07,0.56,1.03,4.18,0.98,0.21,7.63,0.50,1.98,4.41,0.00,7.17,10.74,43.75,43.75
23:30-23:45,61DC2022/09/22,0.00,0.00,0.00,0.00,0.00,0.00,0.00,0.00,240.00,0.00,84.00,120.00,0.00,0.00,203.00,0.00,68.00,653.15,152.47,0.00,320.00,0.00,0.00,35.30,74.45,271.94,0.00,0.00,0.00,0.00,0.00,28.94,215.53,0.00,0.00,20.73,46.00,118.13,123.67,348.98,139.31,21.82,42.39,26.39,23.20,147.52,0.00,8.40,16.29,2.74,0.00,62.24,28.59,10.53,12.00,39.20,0.00,0.00,0.00,50.76,23.52,34.13,53.21,58.64,22.08,15.87,42.15,39.51,29.06,36.59,49.44,3.18,69.72,11.53,13.11,0.00,0.00,0.00,950.00,0.00,0.84,10.50,42.93,0.00,200.00,10.23,10.78,0.00,0.00,0.00,63.10,21.03,21.03,300.00,300.00,100.00,200.00,200.00,200.00,3.98,16.21,5.81,2.64,24.07,0.70,1.03,4.18,0.98,0.21,7.63,0.50,1.98,4.41,0.00,7.17,10.85,44.16,44.16
23:15-23:30,61DC2022/09/22,0.00,0.00,0.00,0.00,0.00,0.00,0.00,0.00,240.00,0.00,84.00,120.00,0.00,0.00,203.00,0.00,68.00,653.15,152.47,0.00,320.00,0.00,0.00,35.30,74.45,271.94,0.00,0.00,0.00,0.00,0.00,28.94,215.53,0.00,0.00,20.73,46.00,118.13,123.67,348.98,139.31,21.82,42.39,26.39,23.20,147.52,0.00,8.40,16.29,2.74,0.00,62.24,28.59,10.53,12.00,39.20,0.00,0.00,0.00,50.76,23.52,34.13,53.21,58.64,22.08,15.87,42.15,39.51,29.06,36.59,49.44,3.18,69.72,11.53,13.11,0.00,0.00,0.00,950.00,0.00,0.84,10.50,42.99,0.00,200.00,10.23,10.78,0.00,0.00,0.00,63.83,21.28,21.26,300.00,300.00,100.00,200.00,200.00,200.00,3.98,16.21,5.81,3.11,24.07,0.87,1.03,4.18,1.01,0.21,7.63,0.50,1.98,4.41,0.00,7.17,10.93,44.57,44.57
23:00-23:15,61DC2022/09/22,0.00,0.00,0.00,0.00,0.00,0.00,0.00,0.00,240.00,0.00,84.00,120.00,0.00,0.00,203.00,0.00,68.00,653.15,152.47,0.00,320.00,0.00,0.00,35.30,74.45,271.94,0.00,0.00,0.00,0.00,0.00,28.94,215.53,0.00,0.00,20.73,46.00,118.13,123.67,348.98,139.31,21.82,42.39,26.39,23.20,147.52,0.00,8.40,16.29,2.74,0.00,62.24,28.59,10.53,12.00,39.20,0.00,0.00,0.00,50.76,23.52,34.13,53.21,58.64,22.08,15.87,42.15,39.51,29.06,36.59,49.44,3.18,69.72,11.53,13.11,0.00,0.00,0.00,950.00,0.00,0.84,10.50,42.93,0.00,200.00,10.23,10.78,0.00,0.00,0.00,64.33,21.44,21.44,300.00,300.00,100.00,200.00,200.00,200.00,3.98,16.21,5.81,3.11,24.07,0.96,1.03,4.18,0.96,0.21,7.63,0.50,1.98,4.41,0.00,7.17,11.15,44.97,44.97
22:45-23:00,61DC2022/09/22,0.00,0.00,0.00,0.00,0.00,0.00,0.00,0.00,240.00,0.00,84.00,120.00,0.00,0.00,203.00,0.00,68.00,653.15,140.35,0.00,320.00,0.00,0.00,35.30,74.45,271.94,0.00,0.00,0.00,0.00,0.00,28.68,215.53,0.00,0.00,20.73,46.00,118.13,123.67,348.98,139.31,19.41,42.39,26.39,23.20,147.52,0.00,8.40,16.29,2.74,0.00,62.24,30.17,15.84,12.00,39.20,0.00,0.00,0.00,50.76,23.52,34.13,53.21,58.64,22.08,15.87,42.15,39.51,29.06,38.57,52.09,14.00,69.72,9.48,19.66,0.00,0.00,0.00,950.00,0.00,0.84,10.50,43.00,0.00,200.00,10.69,10.78,0.00,0.00,0.00,66.48,22.16,22.16,300.00,300.00,100.00,200.00,200.00,200.00,3.98,16.21,5.81,3.11,24.07,1.01,1.03,4.18,1.12,0.21,7.63,0.50,1.98,4.41,0.00,7.17,11.31,44.93,44.93
22:30-22:45,61DC2022/09/22,0.00,0.00,0.00,0.00,0.00,0.00,0.00,0.00,240.00,0.00,84.00,120.00,0.00,0.00,203.00,0.00,68.00,653.15,140.35,0.00,320.00,0.00,0.00,35.30,74.45,271.94,0.00,0.00,0.00,0.00,0.00,28.68,215.53,0.00,0.00,20.73,46.00,118.13,123.67,348.98,139.31,19.41,42.39,26.39,23.20,147.52,0.00,8.40,16.29,2.74,0.00,62.24,30.17,15.84,12.00,39.20,0.00,0.00,0.00,50.76,23.52,34.13,53.21,58.64,22.08,15.87,42.15,39.51,29.06,38.57,52.09,14.00,69.72,9.48,19.66,0.00,0.00,0.00,950.00,0.00,0.84,10.50,42.84,0.00,200.00,10.69,10.78,0.00,0.00,0.00,67.11,22.37,22.36,300.00,300.00,100.00,200.00,200.00,200.00,3.98,16.21,5.81,3.11,24.07,1.01,1.06,4.25,1.01,0.21,7.63,0.50,1.98,4.41,0.00,7.17,11.34,46.47,46.47
22:15-22:30,61DC2022/09/22,0.00,0.00,0.00,0.00,0.00,0.00,0.00,0.00,120.00,0.00,84.00,120.00,0.00,0.00,203.00,0.00,68.00,653.15,140.35,0.00,320.00,0.00,0.00,35.30,74.45,271.94,0.00,0.00,0.00,0.00,0.00,28.68,215.53,0.00,0.00,20.73,46.00,118.13,123.67,348.98,139.31,19.41,42.39,26.39,23.20,147.52,0.00,8.40,16.29,2.74,0.00,62.24,30.17,15.84,12.00,39.20,0.00,0.00,0.00,50.76,23.52,34.13,53.21,58.64,22.08,15.87,42.15,39.51,29.06,38.57,52.09,14.00,72.04,9.48,19.66,0.00,0.00,0.00,950.00,0.00,0.84,10.50,42.82,0.00,200.00,10.69,10.78,0.00,0.00,0.00,45.33,15.11,15.10,300.00,300.00,100.00,200.00,200.00,200.00,3.98,16.21,5.81,3.11,24.07,1.01,1.06,4.25,0.90,0.21,7.63,0.50,1.98,4.41,0.00,7.17,11.23,47.06,47.06
22:00-22:15,61DC2022/09/22,0.00,0.00,0.00,0.00,0.00,0.00,0.00,0.00,120.00,0.00,84.00,120.00,0.00,0.00,203.00,0.00,68.00,653.15,140.35,0.00,320.00,0.00,0.00,35.30,74.45,271.94,0.00,0.00,0.00,0.00,0.00,28.68,215.53,0.00,0.00,20.73,46.00,118.13,123.67,348.98,139.31,19.41,42.39,26.39,23.20,147.52,0.00,8.40,16.29,2.74,0.00,62.24,30.17,15.84,12.00,39.20,0.00,0.00,0.00,50.76,23.52,34.13,53.21,58.64,22.08,15.87,42.15,39.51,29.06,38.57,52.09,14.00,72.04,9.48,19.66,0.00,0.00,0.00,950.00,0.00,0.84,10.50,42.94,0.00,200.00,10.69,10.78,0.00,0.00,0.00,45.12,15.04,15.05,300.00,300.00,100.00,200.00,200.00,200.00,3.98,16.21,5.81,3.11,24.07,1.05,1.06,4.25,0.90,0.21,7.63,0.50,1.98,4.41,0.00,7.17,11.16,47.64,47.64
21:45-22:00,61DC2022/09/22,0.00,0.00,0.00,0.00,0.00,0.00,0.00,0.00,120.00,0.00,84.00,120.00,0.00,0.00,203.00,0.00,68.00,653.15,140.35,0.00,320.00,0.00,0.00,35.30,74.45,271.94,0.00,0.00,0.00,0.00,0.00,12.00,215.53,0.00,0.00,20.73,46.00,118.13,123.67,348.98,139.31,19.41,42.39,26.39,23.20,147.52,0.00,8.40,16.29,2.74,0.00,62.24,28.59,10.53,12.00,39.20,0.00,0.00,0.00,50.76,23.52,34.13,53.21,58.64,22.08,15.87,42.15,39.51,29.06,36.59,49.44,14.00,72.04,9.48,3.30,0.00,0.00,0.00,950.00,0.00,0.84,10.50,42.98,0.00,200.00,10.97,10.78,0.00,0.00,0.00,46.62,15.54,15.55,300.00,300.00,100.00,200.00,200.00,200.00,3.89,15.81,5.82,3.21,25.20,1.09,1.00,4.16,0.92,0.21,7.44,0.49,1.92,4.28,0.00,7.03,11.16,47.98,47.98
21:30-21:45,61DC2022/09/22,0.00,0.00,0.00,0.00,0.00,0.00,0.00,0.00,120.00,0.00,84.00,120.00,0.00,0.00,203.00,0.00,68.00,653.15,140.35,0.00,320.00,0.00,0.00,35.30,74.45,271.94,0.00,0.00,0.00,0.00,0.00,19.90,215.53,0.00,0.00,20.73,46.00,118.13,123.67,348.98,139.31,19.41,42.39,26.39,23.20,147.52,0.00,8.40,16.29,2.74,0.00,62.24,28.59,10.53,12.00,39.20,0.00,0.00,0.00,50.76,23.52,34.13,53.21,58.64,15.46,15.87,42.15,39.51,29.06,36.59,49.44,14.00,72.04,9.48,3.30,0.00,0.00,0.00,950.00,0.00,0.84,10.50,42.83,0.00,200.00,10.97,10.78,0.00,0.00,0.00,48.12,16.04,16.05,300.00,300.00,100.00,200.00,200.00,200.00,3.89,15.81,5.82,3.21,25.20,1.09,1.00,4.16,0.92,0.21,7.44,0.49,1.92,4.28,0.00,7.03,10.94,48.34,48.34
21:15-21:30,61DC2022/09/22,0.00,0.00,0.00,0.00,0.00,0.00,0.00,0.00,120.00,0.00,84.00,120.00,0.00,0.00,203.00,0.00,68.00,653.15,140.35,0.00,320.00,0.00,0.00,35.30,74.45,271.94,0.00,0.00,0.00,0.00,0.00,19.90,215.53,0.00,0.00,20.73,46.00,118.13,123.67,348.98,137.25,19.41,42.39,26.39,34.80,147.52,0.00,8.40,16.29,2.74,0.00,62.24,28.59,10.53,12.00,39.20,0.00,0.00,0.00,50.76,23.52,34.13,53.21,58.64,15.46,15.87,42.15,39.51,29.06,36.59,49.44,14.00,72.04,9.48,3.30,0.00,0.00,0.00,950.00,0.00,0.84,10.50,42.86,0.00,200.00,10.97,10.78,0.00,0.00,0.00,49.25,16.42,16.41,300.00,300.00,100.00,200.00,200.00,200.00,3.89,14.58,5.82,3.21,25.20,1.09,1.00,4.16,1.30,0.21,7.44,0.49,1.92,4.28,0.00,7.03,10.85,48.61,48.61
21:00-21:15,61DC2022/09/22,0.00,0.00,0.00,0.00,0.00,0.00,0.00,0.00,120.00,0.00,84.00,120.00,0.00,0.00,203.00,0.00,68.00,653.15,140.35,0.00,320.00,0.00,0.00,35.30,74.45,271.94,0.00,0.00,0.00,0.00,0.00,42.07,215.53,0.00,0.00,20.73,46.00,118.13,123.67,348.98,137.25,19.41,42.39,26.39,34.80,147.52,0.00,8.40,16.29,2.74,0.00,62.24,28.59,10.53,12.00,39.20,0.00,0.00,0.00,50.76,23.52,34.13,53.21,58.64,15.46,15.87,42.15,39.51,29.06,36.59,49.44,14.00,72.04,9.48,3.30,0.00,0.00,0.00,950.00,0.00,0.84,10.50,42.86,0.00,200.00,10.97,10.78,0.00,0.00,0.00,50.16,16.72,16.72,300.00,300.00,100.00,200.00,200.00,200.00,3.89,14.58,5.82,3.21,25.20,1.09,1.00,4.16,1.30,0.21,7.44,0.49,1.92,4.28,0.00,7.03,10.70,49.19,49.19
20:45-21:00,61DC2022/09/22,0.00,0.00,0.00,0.00,0.00,0.00,0.00,0.00,120.00,0.00,84.00,120.00,0.00,0.00,203.00,0.00,68.00,653.15,140.35,0.00,320.00,0.00,0.00,35.30,74.45,271.94,0.00,0.00,0.00,0.00,0.00,58.75,215.53,0.00,0.00,20.73,46.00,118.13,123.67,348.98,137.25,19.41,42.39,26.39,34.80,147.52,0.00,8.40,16.29,2.74,0.00,62.24,30.17,15.84,12.00,39.20,0.00,0.00,0.00,50.76,22.05,34.13,53.21,58.64,15.46,15.87,42.15,39.51,29.06,38.57,52.09,14.00,72.04,9.48,19.66,0.00,0.00,0.00,950.00,0.00,0.84,10.50,43.08,0.00,200.00,11.34,10.78,0.00,0.00,0.00,41.02,13.68,13.67,300.00,300.00,100.00,200.00,200.00,200.00,3.89,14.18,5.82,3.21,25.20,1.09,1.00,4.16,1.30,0.21,7.44,0.49,1.92,4.28,0.00,7.03,10.41,49.32,49.32
20:30-20:45,61DC2022/09/22,0.00,0.00,0.00,0.00,0.00,0.00,0.00,0.00,120.00,0.00,84.00,120.00,0.00,0.00,203.00,0.00,68.00,653.15,140.35,0.00,320.00,0.00,0.00,35.30,74.45,271.94,0.00,0.00,0.00,0.00,0.00,105.49,215.53,0.00,0.00,20.73,46.00,118.13,123.67,348.98,137.25,19.41,42.39,26.39,34.80,147.52,0.00,8.40,16.29,2.74,0.00,62.24,30.17,15.84,12.00,39.20,0.00,0.00,0.00,50.76,22.05,34.13,53.21,58.64,15.46,32.55,42.15,39.51,29.06,38.57,52.09,48.88,72.04,9.48,19.66,0.00,0.00,0.00,950.00,0.00,0.84,10.50,40.08,0.00,200.00,11.34,10.78,0.00,0.00,0.00,41.21,13.74,13.74,300.00,300.00,100.00,200.00,200.00,200.00,3.89,14.18,5.82,3.21,25.20,1.09,1.00,4.16,1.30,0.21,7.44,0.49,1.92,4.28,0.00,7.03,8.15,43.25,43.25
20:15-20:30,61DC2022/09/22,0.00,0.00,0.00,0.00,0.00,0.00,0.00,0.00,120.00,0.00,84.00,120.00,0.00,0.00,203.00,0.00,68.00,653.15,140.35,0.00,320.00,0.00,0.00,35.30,74.45,271.94,0.00,0.00,0.00,0.00,0.00,111.87,215.53,0.00,0.00,20.73,46.00,118.13,123.67,348.98,137.25,19.41,42.39,26.39,34.80,147.52,0.00,8.40,16.29,2.74,0.00,62.24,30.17,15.84,12.00,39.20,0.00,0.00,0.00,50.76,22.05,34.13,53.21,58.64,52.99,32.55,42.15,39.51,29.06,38.57,52.09,48.88,69.72,9.48,19.66,0.00,0.00,0.00,950.00,0.00,0.84,10.50,41.17,0.00,200.00,11.34,10.78,0.00,0.00,0.00,41.51,13.84,13.84,300.00,300.00,100.00,200.00,200.00,200.00,3.89,14.18,5.82,3.21,25.20,1.09,1.00,4.16,1.30,0.21,7.44,0.49,1.92,4.28,0.00,7.03,8.11,42.81,42.81
20:00-20:15,61DC2022/09/22,0.00,0.00,0.00,0.00,0.00,0.00,0.00,0.00,120.00,0.00,84.00,120.00,0.00,0.00,203.00,0.00,68.00,653.15,140.35,0.00,320.00,0.00,0.00,35.30,74.45,271.94,0.00,0.00,0.00,0.00,0.00,139.42,215.53,0.00,0.00,20.73,46.00,118.13,123.67,348.98,137.25,19.41,42.39,26.39,34.80,147.52,0.00,8.40,16.29,2.74,0.00,62.24,30.17,15.84,12.00,39.20,0.00,0.00,0.00,50.76,22.05,34.13,53.21,58.64,52.99,32.55,42.15,39.51,29.06,38.57,52.09,48.88,69.72,9.48,19.66,0.00,0.00,0.00,950.00,0.00,0.84,10.50,41.24,0.00,200.00,11.34,10.78,0.00,0.00,0.00,41.82,13.94,13.94,300.00,300.00,100.00,200.00,200.00,200.00,3.89,14.18,5.82,3.21,25.20,1.09,1.00,4.16,1.30,0.21,7.44,0.49,1.92,4.28,0.00,7.03,8.05,42.66,42.66
19:45-20:00,61DC2022/09/22,0.00,0.00,0.00,0.00,0.00,0.00,0.00,0.00,120.00,0.00,84.00,120.00,0.00,0.00,203.00,0.00,68.00,653.15,140.35,0.00,320.00,0.00,0.00,66.43,74.45,271.94,0.00,0.00,0.00,0.00,0.00,181.23,215.53,0.00,0.00,20.73,46.00,118.13,123.67,348.98,137.25,19.41,42.39,26.39,34.80,147.52,0.00,8.40,16.29,2.74,0.00,62.24,30.17,15.84,12.00,39.20,0.00,0.00,0.00,50.76,22.05,34.13,53.21,58.64,22.08,15.87,42.15,39.51,29.06,38.57,52.09,48.88,83.66,9.48,19.66,0.00,0.00,0.00,950.00,0.00,0.84,10.50,41.20,0.00,200.00,11.62,10.78,0.00,0.00,0.00,42.06,14.02,14.01,300.00,300.00,100.00,200.00,200.00,200.00,3.89,14.58,5.82,3.21,25.20,1.09,1.00,4.16,1.30,0.20,7.44,0.49,1.92,4.28,0.00,7.03,7.99,39.90,39.90
19:30-19:45,61DC2022/09/22,0.00,0.00,0.00,0.00,0.00,0.00,0.00,0.00,120.00,0.00,84.00,120.00,0.00,0.00,203.00,0.00,68.00,653.15,140.35,0.00,320.00,0.00,0.00,35.30,74.45,271.94,0.00,0.00,0.00,0.00,0.00,201.32,215.53,0.00,0.00,20.73,46.00,118.13,123.67,348.98,137.25,19.41,42.39,26.39,34.80,147.52,0.00,8.40,16.29,2.74,0.00,62.24,30.17,15.84,12.00,39.20,0.00,0.00,0.00,50.76,22.05,34.13,53.21,58.64,16.56,15.87,42.15,39.51,29.06,38.57,52.09,48.88,83.66,9.48,19.66,0.00,0.00,0.00,950.00,0.00,0.84,10.50,41.24,0.00,200.00,11.62,10.78,0.00,0.00,0.00,42.08,14.03,14.02,0.02,300.00,100.00,200.00,200.00,200.00,3.89,14.58,5.82,3.21,25.20,1.09,1.00,4.16,1.30,0.20,7.44,0.49,1.92,4.28,0.00,7.03,7.95,39.67,39.67
19:15-19:30,61DC2022/09/22,0.00,0.00,0.00,0.00,0.00,0.00,0.00,0.00,120.00,0.00,84.00,120.00,0.00,0.00,203.00,0.00,68.00,653.15,140.35,0.00,320.00,0.00,0.00,66.43,74.45,271.94,0.00,0.00,0.00,0.00,0.00,226.89,215.53,0.00,0.00,20.73,46.00,118.13,123.67,348.98,139.31,19.41,42.39,26.39,34.80,147.52,0.00,8.40,16.29,2.74,0.00,62.24,30.17,15.84,12.00,39.20,0.00,0.00,0.00,50.76,22.05,34.13,53.21,58.64,16.56,15.87,42.15,39.51,29.06,38.57,52.09,48.88,83.66,9.48,19.66,0.00,0.00,0.00,950.00,0.00,0.84,10.50,41.22,0.00,200.00,11.62,10.78,0.00,0.00,0.00,41.79,13.93,13.94,0.07,0.01,1.47,200.00,200.00,200.00,3.89,14.58,5.82,3.21,25.20,1.09,1.00,4.16,1.30,0.20,7.44,0.49,1.92,4.28,0.00,7.03,7.94,39.60,39.60
19:00-19:15,61DC2022/09/22,0.00,0.00,0.00,0.00,0.00,0.00,0.00,0.00,120.00,0.00,84.00,120.00,0.00,0.00,203.00,0.00,68.00,653.15,140.35,0.00,320.00,0.00,0.00,66.43,74.45,271.94,0.00,0.00,0.00,0.00,0.00,226.89,215.53,0.00,0.00,20.73,46.00,118.13,123.67,348.98,139.31,19.41,42.39,26.39,34.80,147.52,0.00,8.40,16.29,2.74,0.00,62.24,30.17,15.84,12.00,39.20,0.00,0.00,0.00,50.76,22.05,34.13,53.21,58.64,16.56,15.87,42.15,39.51,29.06,38.57,52.09,11.46,83.66,9.48,19.66,0.00,0.00,0.00,950.00,0.00,0.84,10.50,41.16,0.00,200.00,11.62,10.78,0.00,0.00,0.00,41.09,13.70,13.69,0.14,0.03,3.63,200.00,200.00,200.00,3.89,14.58,5.82,3.21,25.20,1.09,1.00,4.16,1.30,0.20,7.44,0.49,1.92,4.28,0.00,7.03,10.31,39.28,39.28
18:45-19:00,61DC2022/09/22,0.00,0.00,0.00,0.00,0.00,0.00,0.00,0.00,120.00,0.00,84.00,120.00,0.00,0.00,203.00,0.00,68.00,653.15,140.35,0.00,320.00,0.00,0.00,35.30,74.45,271.94,0.00,0.00,0.00,0.00,0.00,228.95,215.53,0.00,0.00,20.73,46.00,118.13,123.67,348.98,139.31,19.41,42.39,26.39,34.80,147.52,0.00,8.40,16.29,2.74,0.00,62.24,28.59,10.53,12.00,39.20,0.00,0.00,0.00,50.76,23.52,34.13,53.21,58.64,16.56,15.87,42.15,26.34,19.36,36.59,49.44,6.37,83.66,9.48,6.55,0.00,0.00,0.00,950.00,0.00,0.84,10.50,41.20,0.00,200.00,11.62,10.78,0.00,0.00,0.00,39.24,13.08,13.09,0.25,0.05,5.67,200.00,200.00,200.00,3.89,14.58,5.82,3.21,25.20,1.09,1.00,4.16,1.30,0.20,7.44,0.49,1.92,4.28,0.00,7.03,10.52,38.90,38.90
18:30-18:45,61DC2022/09/22,0.00,0.00,0.00,0.00,0.00,0.00,0.00,0.00,120.00,0.00,84.00,120.00,0.00,0.00,203.00,0.00,68.00,653.15,140.35,0.00,320.00,0.00,0.00,35.30,74.45,271.94,0.00,0.00,0.00,0.00,0.00,228.95,215.53,0.00,0.00,20.73,46.00,118.13,123.67,348.98,139.31,19.47,42.39,26.39,34.80,147.52,0.00,8.40,16.29,2.74,0.00,62.24,28.59,10.53,12.00,39.20,0.00,0.00,0.00,50.76,23.52,34.13,53.21,58.64,16.56,15.87,42.15,13.06,9.68,36.59,49.44,6.37,83.66,9.48,6.55,0.00,0.00,0.00,950.00,0.00,0.84,10.50,41.11,0.00,200.00,11.62,10.78,0.00,0.00,0.00,38.75,12.92,12.91,4.81,0.96,8.10,200.00,0.07,0.15,3.89,14.58,5.82,3.21,25.20,1.09,1.00,4.16,1.30,0.20,7.44,0.49,1.92,4.28,0.00,7.03,10.68,38.41,38.41
18:15-18:30,61DC2022/09/22,0.00,0.00,0.00,0.00,0.00,0.00,0.00,0.00,120.00,0.00,84.00,120.00,0.00,0.00,203.00,0.00,68.00,653.15,140.35,0.00,320.00,0.00,0.00,35.30,74.45,271.94,0.75,0.00,0.00,0.00,0.00,184.01,215.53,0.00,0.00,20.73,46.00,118.13,123.67,348.98,139.31,21.82,42.39,26.39,34.80,147.52,0.00,8.40,16.29,2.74,0.00,62.24,28.59,10.53,12.00,39.20,0.00,0.00,0.00,50.76,23.52,34.13,53.21,58.64,16.56,15.87,42.15,13.06,9.68,36.59,49.44,3.18,69.72,9.48,1.10,0.00,0.00,0.00,950.00,0.00,0.84,10.50,41.24,0.00,200.00,11.62,10.78,0.00,0.00,0.00,39.33,13.11,13.10,11.48,2.30,11.21,2.51,0.53,1.07,3.89,15.81,5.82,3.21,21.78,1.09,1.00,4.16,1.30,0.20,7.44,0.49,1.92,4.28,0.00,7.03,10.90,42.12,42.12
18:00-18:15,61DC2022/09/22,0.00,0.00,0.00,0.00,0.00,0.00,0.00,0.00,120.00,0.00,84.00,120.00,0.00,0.00,203.00,0.00,68.00,653.15,140.35,0.00,320.00,0.00,0.00,35.30,74.45,271.94,2.27,0.00,0.00,0.00,0.00,99.02,215.53,0.00,0.00,20.73,46.00,118.13,123.67,348.98,139.31,21.82,42.39,26.39,34.80,147.52,0.00,8.40,16.29,2.74,0.00,62.24,28.59,8.66,12.00,39.20,0.00,0.00,0.00,50.76,23.52,34.13,53.21,58.64,16.56,15.87,42.15,13.06,9.68,36.59,49.44,3.18,69.72,9.48,1.10,0.00,0.00,0.00,950.00,0.00,0.84,10.50,32.68,0.00,0.21,11.62,10.78,0.00,0.00,0.00,38.03,12.68,12.67,20.10,4.02,15.04,5.61,2.10,4.20,3.89,15.81,5.82,3.21,21.78,1.09,1.00,4.16,1.30,0.20,7.44,0.49,1.92,4.28,0.00,7.03,11.02,40.97,40.97
17:45-18:00,61DC2022/09/22,0.00,0.00,0.00,0.00,0.00,0.00,0.00,0.00,120.00,0.00,84.00,120.00,0.00,0.00,203.00,0.00,68.00,653.15,140.35,0.00,320.00,0.00,0.00,35.30,74.45,271.94,4.48,0.00,0.00,0.00,0.00,79.51,215.53,0.00,0.00,20.73,46.00,118.13,123.67,348.98,139.31,21.82,42.39,26.39,34.80,147.52,0.00,8.40,16.29,2.74,0.00,62.24,28.59,5.20,12.00,39.20,0.00,0.00,0.00,50.76,23.52,34.13,53.21,58.64,16.56,15.87,42.15,13.06,9.68,36.59,49.44,3.18,58.10,9.48,1.10,0.00,0.00,0.00,930.00,0.00,0.84,10.50,32.74,0.00,0.73,11.62,10.78,0.00,0.00,0.00,37.93,12.64,12.65,30.89,6.18,18.09,6.50,3.97,7.94,3.98,16.21,5.81,3.11,24.07,1.05,1.03,4.17,1.26,0.20,7.63,0.50,1.98,4.41,0.00,7.17,11.15,39.89,39.89
17:30-17:45,61DC2022/09/22,0.00,0.00,0.00,0.00,0.00,0.00,0.00,0.00,120.00,0.00,84.00,120.00,0.00,0.00,203.00,0.00,68.00,653.15,140.35,0.00,320.00,0.00,0.00,35.30,74.45,271.94,7.39,0.00,0.00,0.00,0.00,79.51,215.53,0.00,0.00,20.73,46.00,118.13,123.67,348.98,139.31,21.82,42.39,26.39,34.80,147.52,0.00,8.40,16.29,2.74,0.00,62.24,28.59,0.00,12.00,39.20,0.00,0.00,0.00,50.76,23.52,34.13,53.21,58.64,16.56,15.87,42.15,13.06,9.68,36.59,49.44,3.18,58.10,9.48,1.10,0.00,0.00,0.00,930.00,0.00,0.84,10.50,31.56,0.00,1.72,11.62,10.78,0.00,0.00,0.00,37.81,12.60,12.61,47.87,9.57,19.23,8.42,6.80,13.61,3.98,16.21,5.81,3.11,24.07,1.05,1.03,4.17,1.26,0.20,7.63,0.50,1.98,4.41,0.00,7.17,10.99,39.07,39.07
17:15-17:30,61DC2022/09/22,0.00,0.00,0.00,0.00,0.00,0.00,0.00,0.00,120.00,0.00,84.00,120.00,0.00,0.00,203.00,0.00,68.00,653.15,140.35,0.00,320.00,0.00,0.00,35.30,74.45,271.94,10.75,0.00,0.00,0.00,0.00,41.61,215.53,0.00,0.00,20.73,46.00,118.13,123.67,348.98,139.31,21.82,42.39,26.39,34.80,147.52,0.00,8.40,16.29,2.74,0.00,62.24,28.59,0.00,12.00,39.20,0.00,0.00,0.00,50.76,23.52,34.13,53.21,58.64,52.99,15.87,42.15,39.51,19.36,36.59,49.44,14.00,58.10,9.48,6.55,0.00,0.00,0.00,930.00,0.00,0.84,10.50,30.16,0.00,3.18,11.62,10.78,0.00,0.00,0.00,37.57,12.52,12.53,65.76,13.15,24.74,11.69,9.79,19.59,3.98,16.21,5.81,3.11,24.07,1.05,1.10,4.31,1.23,0.20,7.63,0.50,1.98,4.41,0.00,7.17,10.80,38.06,38.06
17:00-17:15,61DC2022/09/22,0.00,0.00,0.00,0.00,0.00,0.00,0.00,0.00,120.00,0.00,84.00,120.00,0.00,0.00,203.00,0.00,68.00,653.15,140.35,0.00,320.00,0.00,0.00,35.30,74.45,271.94,14.50,0.00,0.00,0.00,0.00,39.05,215.53,0.00,0.00,20.73,46.00,118.13,123.67,348.98,139.31,21.82,42.39,26.39,34.80,147.52,0.00,8.40,16.29,2.74,0.00,62.24,28.59,0.00,12.00,39.20,0.00,0.00,0.00,50.76,23.52,34.13,53.21,58.64,52.99,15.87,42.15,39.51,19.36,36.59,49.44,14.00,58.10,9.48,6.55,0.00,0.00,0.00,930.00,0.00,0.84,10.50,28.66,0.00,4.94,11.62,10.78,0.00,0.00,0.00,37.24,12.41,12.42,84.12,16.82,31.97,14.95,13.35,26.70,3.98,16.21,5.81,3.11,24.07,1.05,1.10,4.31,1.21,0.20,7.63,0.50,1.98,4.41,0.00,7.17,10.87,37.33,37.33
16:45-17:00,61DC2022/09/22,0.00,0.00,0.00,0.00,0.00,0.00,0.00,0.00,120.00,0.00,84.00,120.00,0.00,0.00,203.00,0.00,68.00,653.15,140.35,0.00,320.00,0.00,0.00,35.30,74.45,271.94,18.01,0.00,0.00,0.00,0.00,26.22,215.53,0.00,0.00,20.73,40.00,118.13,123.67,348.98,139.31,21.82,42.39,26.39,34.80,147.52,0.00,8.40,16.29,2.74,0.00,62.24,28.59,0.00,12.00,39.20,0.00,0.00,0.00,50.76,18.52,34.13,53.21,58.64,15.46,15.87,42.15,39.51,19.36,36.59,49.44,14.00,58.10,9.48,6.55,0.00,0.00,0.00,930.00,0.00,0.84,10.50,27.06,0.00,6.99,11.16,10.78,0.00,0.00,0.00,36.95,12.32,12.31,102.63,20.53,38.12,18.34,17.11,34.22,3.98,16.21,5.81,3.11,24.07,1.05,1.10,4.31,1.26,0.20,7.63,0.50,1.98,4.41,0.00,7.17,11.48,36.58,36.58
16:30-16:45,61DC2022/09/22,0.00,0.00,0.00,0.00,0.00,0.00,0.00,0.00,120.00,0.00,84.00,120.00,0.00,0.00,203.00,0.00,68.00,653.15,140.35,0.00,320.00,0.00,0.00,35.30,74.45,271.94,21.66,0.00,0.00,0.00,0.00,26.22,215.53,0.00,0.00,20.73,35.00,118.13,123.67,348.98,139.31,21.82,42.39,26.39,34.80,147.52,0.00,8.40,16.29,2.74,0.00,62.24,28.59,0.00,12.00,39.20,0.00,0.00,0.00,50.76,18.52,34.13,53.21,58.64,15.46,15.87,42.15,39.51,19.36,36.59,49.44,14.00,58.10,9.48,6.55,0.00,0.00,0.00,930.00,0.00,0.84,10.50,26.74,0.00,9.23,11.16,10.78,0.00,0.00,0.00,36.69,12.23,12.23,121.43,24.28,44.04,21.77,19.80,39.62,3.98,16.21,5.81,3.11,24.07,1.05,1.10,4.31,1.26,0.20,7.63,0.50,1.98,4.41,0.00,7.17,11.35,36.20,36.20
16:15-16:30,61DC2022/09/22,0.00,0.00,0.00,0.00,0.00,0.00,0.00,0.00,120.00,0.00,84.00,120.00,0.00,0.00,203.00,0.00,68.00,653.15,116.95,0.00,320.00,0.00,0.00,35.30,74.45,271.94,25.08,0.00,0.00,0.00,0.00,26.22,215.53,0.00,0.00,20.73,30.00,118.13,123.67,348.98,139.31,21.82,42.39,26.39,34.80,147.52,0.00,8.40,16.29,2.74,0.00,62.24,18.73,0.00,12.00,39.20,0.00,0.00,0.00,50.38,18.52,34.13,53.21,58.64,15.46,15.87,42.15,39.51,19.36,36.59,49.44,14.00,58.10,9.48,13.11,0.00,0.00,0.00,930.00,0.00,0.84,10.50,24.60,0.00,11.38,11.16,10.78,0.00,0.00,0.00,38.62,12.88,12.87,139.87,27.97,49.33,22.33,22.52,45.05,3.98,16.21,5.81,3.11,24.07,1.05,1.10,4.31,1.26,0.20,7.63,0.50,1.98,4.41,0.00,7.17,11.24,44.35,44.35
16:00-16:15,61DC2022/09/22,0.00,0.00,0.00,0.00,0.00,0.00,0.00,0.00,120.00,0.00,84.00,120.00,0.00,0.00,203.00,0.00,68.00,653.15,116.95,0.00,320.00,0.00,0.00,35.30,74.45,271.94,28.28,0.00,0.00,0.00,0.00,12.00,215.53,0.00,0.00,20.73,27.00,118.13,123.67,348.98,139.31,21.82,42.39,26.39,34.80,147.52,0.00,8.40,16.29,2.74,0.00,62.24,18.73,0.00,12.00,39.20,0.00,0.00,0.00,50.38,18.52,34.13,53.21,58.64,15.46,15.87,42.15,39.51,19.36,36.59,49.44,14.00,58.10,9.48,13.11,0.00,0.00,0.00,930.00,0.00,0.84,10.50,23.30,0.00,13.71,11.16,10.78,0.00,0.00,0.00,71.05,23.68,23.69,156.30,31.26,52.83,25.26,24.59,49.18,3.98,16.21,5.81,3.11,24.07,1.05,1.10,4.31,1.26,0.20,7.63,0.50,1.98,4.41,0.00,7.17,11.11,43.39,43.39
15:45-16:00,61DC2022/09/22,0.00,0.00,0.00,0.00,0.00,0.00,0.00,0.00,120.00,0.00,84.00,120.00,0.00,0.00,203.00,0.00,68.00,653.15,116.95,0.00,320.00,0.00,0.00,35.30,74.45,271.94,31.74,0.00,0.00,0.00,0.00,12.00,215.53,0.00,0.00,20.73,27.00,118.13,123.67,348.98,139.31,21.82,42.39,26.39,34.80,147.52,0.00,8.40,16.29,2.74,0.00,62.24,8.87,0.00,12.00,39.20,0.00,0.00,0.00,49.87,18.52,34.13,53.21,58.64,15.46,12.11,42.15,39.51,19.36,36.59,49.44,14.00,58.10,9.48,13.11,0.00,0.00,0.00,930.00,0.00,0.84,10.50,22.07,0.00,16.90,11.34,10.78,0.00,0.00,0.00,70.08,23.36,23.36,173.43,34.68,56.65,28.14,32.00,64.00,3.98,16.21,5.81,3.11,24.07,1.08,1.10,4.31,1.26,0.20,7.63,0.50,1.98,4.41,0.00,7.17,11.06,42.77,42.77
15:30-15:45,61DC2022/09/22,0.00,0.00,0.00,0.00,0.00,0.00,0.00,0.00,120.00,0.00,84.00,120.00,0.00,0.00,203.00,0.00,68.00,653.15,116.95,0.00,320.00,0.00,0.00,35.30,74.45,271.94,35.00,0.00,0.00,0.00,0.00,12.00,215.53,0.00,0.00,20.73,27.00,118.13,123.67,348.98,139.31,21.82,42.39,26.39,34.80,147.52,0.00,8.40,16.29,2.74,0.00,62.24,8.87,0.00,12.00,39.20,0.00,0.00,0.00,49.87,18.52,34.13,53.21,58.64,15.46,12.11,42.15,39.51,19.36,36.59,49.44,14.00,58.10,9.48,13.11,0.00,0.00,0.00,930.00,0.00,0.84,10.50,21.42,0.00,21.04,11.34,10.78,0.00,0.00,0.00,68.93,22.98,22.96,188.89,37.78,60.00,30.78,34.00,68.00,3.98,16.21,5.81,3.11,24.07,1.08,1.10,4.31,1.26,0.20,7.63,0.50,1.98,4.41,0.00,7.17,11.09,42.15,42.15
15:15-15:30,61DC2022/09/22,0.00,0.00,0.00,0.00,0.00,0.00,0.00,0.00,120.00,0.00,84.00,120.00,0.00,0.00,203.00,0.00,68.00,653.15,140.35,0.00,320.00,0.00,0.00,35.30,74.45,271.94,37.83,0.00,0.00,0.00,0.00,12.00,215.53,0.00,0.00,20.73,27.00,118.13,123.67,348.98,139.31,21.82,42.39,26.39,34.80,147.52,0.00,8.40,16.29,2.74,0.00,46.68,8.87,0.00,12.00,39.20,0.00,0.00,0.00,49.62,18.52,34.13,53.21,58.64,15.46,13.45,42.15,39.51,29.06,36.59,49.44,14.00,58.10,9.48,13.11,0.00,0.00,0.00,930.00,0.00,0.84,10.50,21.30,0.00,25.78,11.34,10.78,0.00,0.00,0.00,67.61,22.53,22.54,202.86,40.57,64.67,33.50,36.33,72.67,3.98,16.21,5.81,3.11,24.07,1.08,1.10,4.31,1.26,0.20,7.63,0.50,1.98,4.41,0.00,7.17,11.16,41.77,41.77
15:00-15:15,61DC2022/09/22,0.00,0.00,0.00,0.00,0.00,0.00,0.00,0.00,120.00,0.00,84.00,120.00,0.00,0.00,203.00,0.00,68.00,653.15,140.35,0.00,320.00,0.00,0.00,35.30,74.45,271.94,40.32,0.00,0.00,0.00,0.00,12.00,215.53,0.00,0.00,20.73,27.00,118.13,123.67,348.98,139.31,21.82,42.39,26.39,34.80,147.52,0.00,8.40,16.29,2.74,0.00,46.68,8.87,0.00,12.00,39.20,0.00,0.00,0.00,49.62,18.52,34.13,53.21,58.64,15.46,13.45,42.15,39.51,29.06,36.59,49.44,14.00,58.10,9.48,13.11,0.00,0.00,0.00,930.00,0.00,0.84,10.50,28.34,0.00,30.36,11.34,10.78,0.00,0.00,0.00,66.32,22.11,22.09,216.82,43.36,72.97,36.06,37.00,74.00,3.98,16.21,5.81,3.11,24.07,1.08,1.10,4.31,1.26,0.21,7.63,0.50,1.98,4.41,0.00,7.17,12.95,48.83,48.83
14:45-15:00,61DC2022/09/22,0.00,0.00,0.00,0.00,0.00,0.00,0.00,0.00,120.00,0.00,84.00,120.00,0.00,0.00,203.00,0.00,68.00,653.15,140.35,0.00,320.00,0.00,0.00,66.43,74.45,271.94,42.46,0.00,0.00,0.00,0.00,12.00,215.53,0.00,0.00,20.73,20.00,118.13,123.67,348.98,139.31,21.82,42.39,26.39,34.80,147.52,0.00,8.40,16.29,2.74,0.00,46.68,8.87,0.00,12.00,39.20,0.00,0.00,0.00,49.24,18.52,34.13,53.21,58.64,15.46,13.45,42.15,39.51,29.06,36.59,49.44,14.00,58.10,9.48,13.11,0.00,0.00,0.00,930.00,0.00,0.84,10.50,26.93,0.00,27.59,11.62,10.78,0.00,0.00,0.00,64.58,21.53,21.52,229.43,45.89,77.97,39.44,37.66,75.34,3.98,16.21,5.81,3.11,24.07,1.08,1.10,4.31,1.26,0.21,7.63,0.50,1.98,4.41,0.00,7.17,12.55,47.70,47.70
14:30-14:45,61DC2022/09/22,0.00,0.00,0.00,0.00,0.00,0.00,0.00,0.00,120.00,0.00,84.00,120.00,0.00,0.00,203.00,0.00,68.00,653.15,140.35,0.00,320.00,0.00,0.00,94.79,74.45,271.94,44.65,0.00,0.00,0.00,0.00,18.60,215.53,0.00,0.00,20.73,20.00,118.13,123.67,348.98,139.31,21.82,42.39,26.39,34.80,147.52,0.00,8.40,16.29,2.74,0.00,31.12,8.87,0.00,12.00,39.20,0.00,0.00,0.00,49.24,18.52,34.13,53.21,58.64,15.46,13.45,42.15,39.51,29.06,36.59,49.44,14.00,58.10,9.48,13.11,0.00,0.00,0.00,930.00,0.00,0.84,10.50,25.29,0.00,29.85,11.62,10.78,0.00,0.00,0.00,63.87,21.29,21.29,229.43,45.89,80.39,41.31,38.33,76.67,3.98,16.21,5.81,3.11,24.07,1.08,1.12,4.39,1.26,0.21,7.63,0.50,1.98,4.41,0.00,7.17,12.50,47.30,47.30
14:15-14:30,61DC2022/09/22,0.00,0.00,0.00,0.00,0.00,0.00,0.00,0.00,120.00,0.00,84.00,120.00,0.00,0.00,203.00,0.00,68.00,653.15,116.95,0.00,320.00,0.00,0.00,99.07,74.45,271.94,46.34,0.00,0.00,0.00,0.00,18.60,215.53,0.00,0.00,20.73,20.00,118.13,123.67,345.38,139.31,21.82,42.39,26.39,34.80,147.52,0.00,8.40,16.29,2.74,0.00,31.12,8.87,0.00,12.00,39.20,0.00,0.00,0.00,48.86,18.52,34.13,53.21,58.64,15.46,13.45,42.15,39.51,29.06,36.59,49.44,14.00,47.64,9.48,6.55,0.00,0.00,0.00,930.00,0.00,0.84,10.50,24.67,0.00,31.99,11.62,10.78,0.00,0.00,0.00,85.62,28.54,28.55,229.43,45.89,81.61,43.01,42.33,84.67,3.98,16.21,5.81,3.11,24.07,1.08,1.12,4.39,1.26,0.21,7.63,0.50,1.98,4.41,0.00,7.17,12.10,46.51,46.51
14:00-14:15,61DC2022/09/22,0.00,0.00,0.00,0.00,0.00,0.00,0.00,0.00,120.00,0.00,84.00,120.00,0.00,0.00,203.00,0.00,68.00,653.15,116.95,0.00,320.00,0.00,0.00,107.61,74.45,271.94,47.76,0.00,0.00,0.00,0.00,18.60,215.53,0.00,0.00,20.73,20.00,118.13,123.67,345.38,139.31,21.82,42.39,26.39,34.80,147.52,0.00,8.40,16.29,2.74,0.00,31.12,8.87,0.00,12.00,39.20,0.00,0.00,0.00,48.86,18.52,34.13,53.21,58.64,15.46,13.45,42.15,39.51,29.06,36.59,49.44,3.18,47.64,9.48,6.55,0.00,0.00,0.00,930.00,0.00,0.84,10.50,23.94,0.00,33.98,11.62,10.78,0.00,0.00,0.00,85.83,28.61,28.61,229.43,45.89,82.39,44.80,41.66,83.34,3.98,16.21,5.81,3.11,24.07,1.08,1.12,4.39,1.26,0.21,7.63,0.50,1.98,4.41,0.00,7.17,11.83,46.13,46.13
13:45-14:00,61DC2022/09/22,0.00,0.00,0.00,0.00,0.00,0.00,0.00,0.00,120.00,0.00,84.00,120.00,0.00,0.00,203.00,0.00,68.00,653.15,116.95,0.00,320.00,0.00,0.00,116.14,74.45,271.94,49.07,0.00,0.00,0.00,0.00,18.60,215.53,0.00,0.00,20.73,20.00,118.13,123.67,345.38,139.31,21.82,42.39,26.39,34.80,147.52,0.00,8.40,16.29,2.74,0.00,31.12,8.87,0.00,12.00,39.20,0.00,0.00,0.00,48.48,23.23,34.13,53.21,58.64,15.46,32.55,42.15,39.51,29.06,36.59,49.44,0.00,47.64,11.53,0.00,0.00,0.00,0.00,930.00,0.00,0.84,10.50,23.71,0.00,35.54,11.62,10.78,0.00,0.00,0.00,86.00,28.67,28.66,229.43,45.89,83.25,46.18,41.33,82.67,3.98,16.21,5.81,3.11,24.07,1.08,1.12,4.39,1.26,0.21,7.63,0.50,1.98,4.41,0.00,7.17,13.76,52.65,52.65
13:30-13:45,61DC2022/09/22,0.00,0.00,0.00,0.00,0.00,0.00,0.00,0.00,120.00,0.00,84.00,120.00,0.00,0.00,203.00,0.00,68.00,653.15,116.95,0.00,320.00,0.00,0.00,66.43,74.45,271.94,50.25,0.00,0.00,0.00,0.00,24.41,215.53,0.00,0.00,20.73,20.00,118.13,123.67,345.38,139.31,21.82,42.39,26.39,34.80,147.52,0.00,8.40,16.29,2.74,0.00,29.74,8.87,0.00,12.00,39.20,0.00,0.00,0.00,48.48,23.23,34.13,53.21,58.64,15.46,32.55,13.98,39.51,29.06,36.59,49.44,0.00,47.64,11.53,0.00,0.00,0.00,0.00,930.00,0.00,0.84,10.50,34.72,0.00,36.62,11.62,10.78,0.00,0.00,0.00,85.66,28.55,28.56,229.43,45.89,83.61,46.44,41.00,82.00,3.98,16.21,5.81,3.11,24.07,1.08,1.35,4.41,1.26,0.21,7.63,0.50,1.98,4.41,0.00,7.17,13.71,51.81,51.81
13:15-13:30,61DC2022/09/22,0.00,0.00,0.00,0.00,0.00,0.00,0.00,0.00,120.00,0.00,84.00,120.00,0.00,0.00,203.00,0.00,68.00,653.15,116.95,0.00,320.00,0.00,0.00,70.60,74.45,271.94,51.18,0.00,0.00,0.00,0.00,26.47,215.53,0.00,0.00,20.73,20.00,118.13,123.67,345.38,139.31,21.82,42.39,26.39,34.80,147.52,0.00,8.40,16.29,2.74,0.00,15.56,8.87,0.00,12.00,39.20,0.00,0.00,0.00,48.10,24.99,34.13,53.21,58.64,52.99,32.55,13.98,39.51,29.06,36.59,49.44,0.00,47.64,11.53,0.00,0.00,0.00,0.00,930.00,0.00,0.84,10.50,33.58,0.00,36.49,11.62,10.78,0.00,0.00,0.00,85.32,28.44,28.45,229.43,45.89,84.14,46.04,40.66,81.34,3.98,16.21,5.81,3.11,24.07,1.08,2.34,4.43,1.26,0.21,7.63,0.50,1.98,4.41,0.00,7.17,13.66,51.02,51.02
13:00-13:15,61DC2022/09/22,0.00,0.00,0.00,0.00,0.00,0.00,0.00,0.00,120.00,0.00,84.00,120.00,0.00,0.00,203.00,0.00,68.00,653.15,116.95,0.00,320.00,0.00,0.00,70.60,74.45,271.94,51.88,0.00,0.00,0.00,0.00,26.47,215.53,0.00,0.00,20.73,20.00,118.13,123.67,345.38,139.31,21.82,42.39,26.39,34.80,147.52,0.00,8.40,16.29,2.74,0.00,15.56,8.87,0.00,12.00,39.20,0.00,0.00,0.00,48.10,24.99,34.13,53.21,58.64,52.99,32.55,13.98,39.51,29.06,36.59,49.44,0.00,47.64,11.53,0.00,0.00,0.00,0.00,930.00,0.00,0.84,10.50,32.36,0.00,37.12,11.62,10.78,0.00,0.00,0.00,66.30,22.10,22.09,229.43,45.89,84.73,47.55,40.66,81.34,3.98,16.21,5.81,3.11,24.07,1.08,2.34,4.43,1.26,0.21,7.63,0.50,1.98,4.41,0.00,7.17,13.63,50.02,50.02
12:45-13:00,61DC2022/09/22,0.00,0.00,0.00,0.00,0.00,0.00,0.00,0.00,120.00,0.00,84.00,120.00,0.00,0.00,203.00,0.00,68.00,653.15,116.95,0.00,320.00,0.00,0.00,116.14,74.45,271.94,52.03,0.00,0.00,0.00,0.00,24.41,215.53,0.00,0.00,20.73,20.00,118.13,123.67,345.38,138.38,21.82,42.39,26.39,34.80,147.52,0.00,8.40,16.29,2.74,0.00,15.56,8.87,0.00,12.00,39.20,0.00,0.00,0.00,47.71,28.52,34.13,53.21,58.64,22.08,15.87,13.98,39.51,29.06,36.59,49.44,0.00,47.64,11.53,0.00,0.00,0.00,0.00,930.00,0.00,0.84,10.50,31.00,0.00,37.10,7.90,10.78,0.00,0.00,0.00,65.79,21.93,21.93,229.43,45.89,84.52,46.81,40.66,81.34,3.98,16.21,5.81,3.11,24.07,1.08,2.34,4.43,1.26,0.21,7.63,0.50,1.98,4.41,0.00,7.17,13.60,49.40,49.40
12:30-12:45,61DC2022/09/22,0.00,0.00,0.00,0.00,0.00,0.00,0.00,0.00,120.00,0.00,84.00,120.00,0.00,0.00,203.00,0.00,68.00,653.15,116.95,0.00,320.00,0.00,0.00,116.14,74.45,271.94,48.74,0.00,0.00,0.00,0.00,24.41,215.53,0.00,0.00,20.73,20.00,118.13,123.67,345.38,138.38,21.82,42.39,26.39,34.80,147.52,0.00,8.40,16.29,2.74,0.00,0.00,8.87,0.00,12.00,39.20,0.00,0.00,0.00,47.71,28.52,34.13,53.21,58.64,22.08,15.87,13.98,39.51,29.06,36.59,49.44,0.00,47.64,11.53,0.00,0.00,0.00,0.00,930.00,0.00,0.84,10.50,29.78,0.00,36.41,7.90,10.78,0.00,0.00,0.00,65.30,21.77,21.75,229.43,45.89,84.52,46.32,40.66,81.34,3.98,16.21,5.81,3.11,24.07,1.08,2.41,4.53,1.26,0.21,7.63,0.50,1.98,4.41,0.00,7.17,13.63,48.33,48.33
12:15-12:30,61DC2022/09/22,0.00,0.00,0.00,0.00,0.00,0.00,0.00,0.00,120.00,0.00,84.00,120.00,0.00,0.00,203.00,0.00,68.00,653.15,116.95,0.00,320.00,0.00,0.00,116.14,74.45,271.94,48.68,0.00,0.00,0.00,0.00,24.41,215.53,0.00,0.00,20.73,20.00,118.13,123.67,345.38,138.38,21.82,42.39,26.39,34.80,147.52,0.00,8.40,16.29,2.74,0.00,0.00,8.87,0.00,12.00,39.20,0.00,0.00,0.00,47.33,28.52,34.13,53.21,58.64,15.46,16.14,22.91,39.51,29.06,36.59,49.44,0.00,47.64,11.53,0.00,0.00,0.00,0.00,930.00,0.00,0.84,10.50,33.00,0.00,35.65,7.90,10.78,0.00,0.00,0.00,64.84,21.61,21.61,229.43,45.89,83.76,45.99,40.66,81.34,3.98,16.21,5.81,3.11,24.07,1.08,2.41,4.53,1.26,0.20,7.63,0.50,1.98,4.41,0.00,7.17,13.64,47.65,47.65
12:00-12:15,61DC2022/09/22,0.00,0.00,0.00,0.00,0.00,0.00,0.00,0.00,120.00,0.00,84.00,120.00,0.00,0.00,203.00,0.00,68.00,653.15,93.56,0.00,320.00,0.00,0.00,116.14,74.45,271.94,48.65,0.00,0.00,0.00,0.00,24.41,215.53,0.00,0.00,20.73,20.00,118.13,123.67,345.38,138.38,21.82,42.39,26.39,34.80,147.52,0.00,8.40,16.29,2.74,0.00,0.00,8.87,0.00,12.00,39.20,0.00,0.00,0.00,47.33,28.52,34.13,53.21,58.64,15.46,16.14,28.05,39.51,29.06,36.59,49.44,0.00,47.64,11.53,0.00,0.00,0.00,0.00,930.00,0.00,0.84,10.50,32.78,0.00,35.33,7.90,10.78,0.00,0.00,0.00,64.30,21.43,21.43,229.43,45.89,83.38,46.69,40.66,81.34,3.98,16.21,5.81,3.11,24.07,1.08,2.41,4.53,1.26,0.20,7.63,0.50,1.98,4.41,0.00,7.17,11.40,36.78,36.78
11:45-12:00,61DC2022/09/22,0.00,0.00,0.00,0.00,0.00,0.00,0.00,0.00,120.00,0.00,84.00,120.00,0.00,0.00,203.00,0.00,68.00,653.15,93.56,0.00,320.00,0.00,0.00,116.14,74.45,271.94,48.48,0.00,0.00,0.00,0.00,24.41,215.53,0.00,0.00,20.73,20.00,118.13,123.67,345.38,138.38,21.82,42.39,26.39,34.80,147.52,0.00,8.40,16.29,2.74,0.00,0.00,8.87,0.00,12.00,39.20,0.00,0.00,0.00,46.95,28.52,34.13,53.21,58.64,22.08,16.14,28.05,39.51,29.06,36.59,49.44,0.00,47.64,11.53,0.00,0.00,0.00,0.00,950.00,0.00,0.84,10.50,32.66,0.00,35.33,7.90,10.39,0.00,0.00,0.00,63.92,21.31,21.30,229.43,45.89,82.98,46.30,40.66,81.34,3.98,16.21,5.81,3.11,24.07,1.07,2.41,4.53,1.26,0.20,7.63,0.50,1.98,4.41,0.00,7.17,11.29,37.95,37.95
11:30-11:45,61DC2022/09/22,0.00,0.00,0.00,0.00,0.00,0.00,0.00,0.00,120.00,0.00,84.00,120.00,0.00,0.00,203.00,0.00,68.00,653.15,93.56,0.00,320.00,0.00,0.00,116.14,74.45,271.94,47.96,0.00,0.00,0.00,0.00,24.41,215.53,0.00,0.00,20.73,20.00,118.13,123.67,345.38,138.38,21.82,42.39,26.39,34.80,147.52,0.00,8.40,16.29,2.74,0.00,0.00,8.87,0.00,12.00,39.20,0.00,0.00,0.00,46.95,28.52,34.13,53.21,58.64,22.08,16.14,28.05,39.51,29.06,36.59,49.44,0.00,47.64,11.53,0.00,0.00,0.00,0.00,950.00,0.00,0.84,10.50,32.53,0.00,37.97,7.90,10.39,0.00,0.00,0.00,63.30,21.10,21.09,229.43,45.89,82.75,46.64,40.66,81.34,3.98,16.21,5.81,3.11,24.07,1.07,2.41,4.53,1.26,0.20,7.63,0.50,1.98,4.41,0.00,7.17,11.11,38.11,38.11
11:15-11:30,61DC2022/09/22,0.00,0.00,0.00,0.00,0.00,0.00,0.00,0.00,120.00,0.00,84.00,120.00,0.00,0.00,203.00,0.00,68.00,653.15,93.56,0.00,320.00,0.00,0.00,116.14,74.45,271.94,47.20,0.00,0.00,0.00,0.00,24.41,215.53,0.00,0.00,20.73,20.00,118.13,123.67,345.38,138.38,21.82,42.39,26.39,34.80,147.52,0.00,8.40,16.29,2.74,0.00,0.00,8.87,0.00,12.00,39.20,0.00,0.00,0.00,46.95,28.52,34.13,53.21,58.64,22.08,16.14,28.05,39.51,29.06,36.59,49.44,0.00,47.64,11.53,0.00,0.00,0.00,0.00,950.00,0.00,0.84,10.50,32.48,0.00,40.63,7.90,10.39,0.00,0.00,0.00,63.29,21.10,21.09,229.43,45.89,82.22,45.04,40.66,81.34,3.98,16.21,5.81,3.11,24.07,1.07,2.41,4.53,1.26,0.20,7.63,0.50,1.98,4.41,0.00,7.17,10.85,38.42,38.42
11:00-11:15,61DC2022/09/22,0.00,0.00,0.00,0.00,0.00,0.00,0.00,0.00,120.00,0.00,84.00,120.00,0.00,0.00,203.00,0.00,68.00,653.15,93.56,0.00,320.00,0.00,0.00,116.14,74.45,271.94,46.00,0.00,0.00,0.00,0.00,24.41,215.53,0.00,0.00,20.73,35.00,118.13,123.67,345.38,138.38,21.82,42.39,26.39,34.80,147.52,0.00,8.40,16.29,2.74,0.00,0.00,8.87,0.00,12.00,39.20,0.00,0.00,0.00,46.95,28.52,34.13,53.21,58.64,22.08,16.14,28.05,39.51,29.06,36.59,49.44,0.00,47.64,11.53,0.00,0.00,0.00,0.00,950.00,0.00,0.84,10.50,32.33,0.00,42.49,7.90,10.39,0.00,0.00,0.00,62.82,20.94,20.94,229.43,45.89,80.86,44.46,41.00,82.00,3.98,16.21,5.81,3.11,24.07,1.07,2.41,4.53,1.26,0.20,7.63,0.50,1.98,4.41,0.00,7.17,10.74,38.77,38.77
10:45-11:00,61DC2022/09/22,0.00,0.00,0.00,0.00,0.00,0.00,0.00,0.00,120.00,0.00,84.00,120.00,0.00,0.00,203.00,0.00,68.00,653.15,93.56,0.00,320.00,0.00,0.00,116.14,74.45,271.94,44.64,0.00,0.00,0.00,0.00,24.41,215.53,0.00,0.00,20.73,46.00,118.13,123.67,345.38,138.38,21.82,42.39,26.39,34.80,147.52,0.00,8.40,16.29,2.74,0.00,0.00,8.87,0.00,12.00,39.20,0.00,0.00,0.00,46.95,28.52,34.13,53.21,58.64,15.46,16.14,28.05,39.51,29.06,36.59,49.44,0.00,58.10,11.53,0.00,0.00,0.00,0.00,950.00,0.00,0.84,10.50,32.08,0.00,41.67,8.04,10.39,0.00,0.00,0.00,47.06,15.69,15.67,229.43,45.89,78.68,43.31,41.00,82.00,3.98,16.21,5.81,3.11,24.07,1.07,2.41,4.53,1.26,0.20,7.63,0.50,1.98,4.41,0.00,7.17,10.73,38.84,38.84
10:30-10:45,61DC2022/09/22,0.00,0.00,0.00,0.00,0.00,0.00,0.00,0.00,120.00,0.00,84.00,120.00,0.00,0.00,203.00,0.00,68.00,653.15,93.56,0.00,320.00,0.00,0.00,116.14,74.45,271.94,43.59,0.00,0.00,0.00,0.00,24.41,215.53,0.00,0.00,20.73,46.00,118.13,123.67,345.38,138.38,21.82,42.39,26.39,34.80,147.52,0.00,8.40,16.29,2.74,0.00,0.00,8.87,0.00,12.00,39.20,0.00,0.00,0.00,46.95,28.52,34.13,53.21,58.64,15.46,16.14,28.05,39.51,29.06,36.59,49.44,0.00,58.10,11.53,0.00,0.00,0.00,0.00,950.00,0.00,0.84,10.50,32.06,0.00,38.93,8.04,10.39,0.00,0.00,0.00,47.24,15.75,15.73,229.43,45.89,73.60,41.85,41.33,82.67,3.98,16.21,5.81,3.11,24.07,1.07,2.41,4.53,1.26,0.20,7.63,0.50,1.98,4.41,0.00,7.17,10.84,40.17,40.17
10:15-10:30,61DC2022/09/22,0.00,0.00,0.00,0.00,0.00,0.00,0.00,0.00,120.00,0.00,84.00,120.00,0.00,0.00,203.00,0.00,68.00,653.15,93.56,0.00,320.00,0.00,0.00,94.89,74.45,271.94,41.99,0.00,0.00,0.00,0.00,24.41,215.53,0.00,0.00,20.73,46.00,118.13,123.67,348.98,138.38,21.82,42.39,26.39,34.80,147.52,0.00,8.40,16.29,2.74,0.00,0.00,8.87,0.00,12.00,39.20,0.00,0.00,0.00,46.95,28.52,34.13,53.21,58.64,15.46,16.14,28.05,39.51,29.06,36.59,49.44,14.00,58.10,11.53,0.00,0.00,0.00,0.00,950.00,0.00,0.84,10.50,27.20,0.00,36.37,8.04,10.39,0.00,0.00,0.00,47.46,15.82,15.82,229.43,45.89,70.59,40.22,42.00,84.00,3.98,16.21,5.81,3.11,24.07,1.07,2.41,4.53,1.26,0.20,7.63,0.50,1.98,4.41,0.00,7.17,7.87,24.09,24.09
10:00-10:15,61DC2022/09/22,0.00,0.00,0.00,0.00,0.00,0.00,0.00,0.00,120.00,0.00,84.00,120.00,0.00,0.00,203.00,0.00,68.00,653.15,93.56,0.00,320.00,0.00,0.00,85.41,74.45,271.94,39.90,0.00,0.00,0.00,0.00,38.63,215.53,0.00,0.00,20.73,46.00,118.13,123.67,348.98,138.38,21.82,42.39,26.39,34.80,147.52,0.00,8.40,16.29,2.74,0.00,0.00,8.87,0.00,12.00,39.20,0.00,0.00,0.00,46.95,28.52,34.13,53.21,58.64,15.46,16.14,13.98,39.51,29.06,36.59,49.44,14.00,58.10,11.53,0.00,0.00,0.00,0.00,950.00,0.00,0.84,10.50,28.14,0.00,32.92,8.04,10.39,0.00,0.00,0.00,47.53,15.84,15.84,224.24,44.85,64.45,38.45,41.33,82.67,3.98,16.21,5.81,3.11,24.07,1.07,2.34,4.45,1.26,0.20,7.63,0.50,1.98,4.41,0.00,7.17,7.95,23.61,23.61
09:45-10:00,61DC2022/09/22,0.00,0.00,0.00,0.00,0.00,0.00,0.00,0.00,120.00,0.00,84.00,120.00,0.00,0.00,203.00,0.00,68.00,653.15,116.58,0.00,320.00,0.00,0.00,70.60,74.45,271.94,37.66,0.00,0.00,0.00,0.00,38.63,215.53,0.00,0.00,20.73,46.00,118.13,123.67,348.98,138.38,21.82,42.39,26.39,34.80,147.52,0.00,8.40,16.29,2.74,0.00,0.00,8.87,0.00,12.00,39.20,0.00,0.00,0.00,45.43,29.40,34.13,53.21,58.64,52.99,15.87,13.98,39.51,29.06,36.59,49.44,14.00,58.10,11.53,0.00,0.00,0.00,0.00,950.00,0.00,0.84,10.50,29.08,0.00,28.88,8.18,7.69,0.00,0.00,0.00,47.44,15.81,15.81,211.78,42.35,60.74,36.46,39.00,78.00,3.98,16.21,5.81,3.11,24.07,1.07,2.34,4.45,1.26,0.46,7.63,0.50,1.98,4.41,0.00,7.17,7.97,23.51,23.51
09:30-09:45,61DC2022/09/22,0.00,0.00,0.00,0.00,0.00,0.00,0.00,0.00,120.00,0.00,84.00,120.00,0.00,0.00,203.00,0.00,68.00,653.15,116.95,0.00,320.00,0.00,0.00,70.60,74.45,271.94,35.30,0.00,0.00,0.00,0.00,38.63,215.53,0.00,0.00,20.73,46.00,118.13,123.67,348.98,138.38,21.82,42.39,26.39,34.80,147.52,0.00,8.40,16.29,2.74,0.00,0.00,8.87,0.00,12.00,39.20,0.00,0.00,0.00,45.43,29.40,34.13,53.21,58.64,52.99,15.87,13.98,39.51,29.06,36.59,49.44,14.00,58.10,11.53,0.00,0.00,0.00,0.00,950.00,0.00,0.84,10.50,30.08,0.00,24.59,8.18,7.69,0.00,0.00,0.00,47.24,15.75,15.73,196.64,39.33,56.73,33.68,37.33,74.67,3.98,16.21,5.81,3.11,24.07,1.07,2.32,4.40,1.26,0.46,7.63,0.50,1.98,4.41,0.00,7.17,7.96,23.93,23.93
09:15-09:30,61DC2022/09/22,0.00,0.00,0.00,0.00,0.00,0.00,0.00,0.00,120.00,0.00,84.00,120.00,0.00,0.00,203.00,0.00,68.00,653.15,116.95,0.00,320.00,0.00,0.00,70.60,74.45,271.94,32.48,0.00,0.00,0.00,0.00,38.63,215.53,0.00,0.00,20.73,46.00,118.13,123.67,348.98,138.38,21.82,42.39,26.39,34.80,147.52,0.00,8.40,16.29,2.74,0.00,0.00,8.87,0.00,12.00,39.20,0.00,0.00,0.00,45.43,27.93,34.13,53.21,58.64,24.29,15.87,13.98,39.51,29.06,36.59,49.44,14.00,60.42,11.53,0.00,0.00,0.00,0.00,950.00,0.00,0.84,10.50,28.09,0.00,20.61,8.18,7.69,0.00,0.00,0.00,46.70,15.57,15.56,180.50,36.10,52.32,30.69,34.33,68.67,3.98,16.21,5.81,3.11,24.07,1.07,2.32,4.40,1.26,0.46,7.63,0.50,1.98,4.41,0.00,7.17,7.78,23.98,23.98
09:00-09:15,61DC2022/09/22,0.00,0.00,0.00,0.00,0.00,0.00,0.00,0.00,120.00,0.00,84.00,120.00,0.00,0.00,203.00,0.00,68.00,653.15,116.95,0.00,320.00,0.00,0.00,70.60,74.45,271.94,29.46,0.00,0.00,0.00,0.00,47.88,215.53,0.00,0.00,20.73,46.00,118.13,123.67,348.98,138.38,21.82,42.39,26.39,34.80,147.52,0.00,8.40,16.29,2.74,0.00,0.00,8.87,0.00,12.00,39.20,0.00,0.00,0.00,45.43,27.93,34.13,53.21,58.64,24.29,15.87,13.98,39.51,29.06,36.59,49.44,14.00,60.42,11.53,0.00,0.00,0.00,0.00,950.00,0.00,0.84,10.50,29.29,0.00,17.43,8.18,7.69,0.00,0.00,0.00,46.62,15.54,15.53,163.82,32.76,47.23,27.63,31.33,62.67,3.98,16.21,5.81,3.11,24.07,1.07,2.32,4.40,1.26,0.46,7.63,0.50,1.98,4.41,0.00,7.17,7.73,23.42,23.42
08:45-09:00,61DC2022/09/22,0.00,0.00,0.00,0.00,0.00,0.00,0.00,0.00,120.00,0.00,84.00,120.00,0.00,0.00,203.00,0.00,68.00,653.15,116.95,0.00,320.00,0.00,0.00,70.60,74.45,271.94,25.92,0.00,0.00,0.00,0.00,87.13,215.53,0.00,0.00,20.73,46.00,118.13,123.67,348.98,137.25,21.82,42.39,26.39,34.80,147.52,0.00,8.40,16.29,2.74,0.00,0.00,18.73,0.00,12.00,39.20,0.00,0.00,0.00,45.43,19.11,34.13,53.21,58.64,22.08,15.87,13.98,39.51,29.06,36.59,49.44,14.00,60.42,11.53,13.11,0.00,0.00,0.00,950.00,0.00,0.84,9.34,30.04,0.00,16.83,7.20,7.69,0.00,0.00,0.00,38.79,12.93,12.94,145.73,29.14,43.05,26.51,28.66,57.34,3.98,16.21,5.81,3.11,24.07,1.07,2.32,4.40,1.26,0.46,7.63,0.50,1.98,4.41,0.00,7.17,4.41,26.05,26.05
08:30-08:45,61DC2022/09/22,0.00,0.00,0.00,0.00,0.00,0.00,0.00,0.00,120.00,0.00,84.00,120.00,0.00,0.00,203.00,0.00,68.00,653.15,116.95,0.00,320.00,0.00,0.00,70.60,74.45,271.94,22.53,0.00,0.00,0.00,0.00,87.13,215.53,0.00,0.00,20.73,46.00,118.13,123.67,348.98,137.25,21.82,42.39,26.39,34.80,147.52,0.00,8.40,16.29,2.74,0.00,0.00,18.73,0.00,12.00,39.20,0.00,0.00,0.00,45.43,19.11,34.13,53.21,58.64,22.08,15.87,13.98,39.51,29.06,36.59,49.44,14.00,60.42,11.53,13.11,0.00,0.00,0.00,950.00,0.00,0.84,9.34,30.86,0.00,14.87,7.20,7.69,0.00,0.00,0.00,40.72,13.57,13.57,126.65,25.33,36.33,23.86,25.00,50.00,3.98,16.21,5.81,3.11,24.07,1.07,2.32,4.40,1.26,0.46,7.63,0.50,1.98,4.41,0.00,7.17,5.72,26.50,26.50
08:15-08:30,61DC2022/09/22,0.00,0.00,0.00,0.00,0.00,0.00,0.00,0.00,120.00,0.00,84.00,120.00,0.00,0.00,203.00,0.00,68.00,653.15,116.95,0.00,320.00,0.00,0.00,70.60,74.45,271.94,19.04,0.00,0.00,0.00,0.00,81.85,215.53,0.00,0.00,20.73,46.00,118.13,123.67,348.98,139.31,21.82,42.39,26.39,34.80,147.52,0.00,8.40,16.29,2.74,0.00,0.00,18.73,0.00,12.00,39.20,0.00,0.00,0.00,45.43,19.11,34.13,53.21,58.64,24.29,15.87,13.98,39.51,29.06,36.59,49.44,14.00,60.42,11.53,13.11,0.00,0.00,0.00,950.00,0.00,0.84,9.34,32.22,0.00,12.94,7.20,7.69,0.00,0.00,0.00,43.29,14.43,14.44,108.05,21.61,30.95,20.77,23.42,46.85,3.98,16.21,5.81,3.11,24.07,1.07,2.32,4.40,1.26,0.46,7.63,0.50,1.98,4.41,0.00,7.17,7.86,27.61,27.61
08:00-08:15,61DC2022/09/22,0.00,0.00,0.00,0.00,0.00,0.00,0.00,0.00,120.00,0.00,84.00,120.00,0.00,0.00,203.00,0.00,68.00,653.15,104.17,0.00,320.00,0.00,0.00,70.60,74.45,271.94,14.00,0.00,0.00,0.00,0.00,103.81,215.53,0.00,0.00,20.73,46.00,118.13,123.67,348.98,139.31,21.82,42.39,26.39,34.80,147.52,0.00,8.40,16.29,2.74,0.00,15.56,18.73,0.00,12.00,39.20,0.00,0.00,0.00,45.43,19.11,34.13,53.21,58.64,24.29,15.87,13.98,39.51,29.06,36.59,49.44,14.00,60.42,11.53,13.11,0.00,0.00,0.00,950.00,0.00,0.84,9.34,32.92,0.00,11.06,7.20,7.69,0.00,0.00,0.00,46.05,15.35,15.35,88.88,17.77,26.28,17.38,18.06,36.14,3.98,16.21,5.81,3.11,24.07,1.07,2.32,4.40,1.26,0.46,7.63,0.50,1.98,4.41,0.00,7.17,8.45,30.50,30.50
07:45-08:00,61DC2022/09/22,0.00,0.00,0.00,0.00,0.00,0.00,0.00,0.00,120.00,0.00,84.00,120.00,0.00,0.00,203.00,0.00,68.00,653.15,93.56,0.00,320.00,0.00,0.00,70.60,74.45,271.94,11.77,0.00,0.00,0.00,0.00,149.85,215.53,0.00,0.00,20.73,46.00,118.13,123.67,348.98,139.31,21.82,42.39,26.39,34.80,147.52,0.00,8.40,16.29,2.74,0.00,15.56,18.73,0.00,12.00,39.20,0.00,0.00,0.00,43.78,19.11,34.13,53.21,58.64,24.29,15.87,28.05,39.51,29.06,36.59,49.44,14.00,60.42,11.53,13.11,0.00,0.00,0.00,950.00,0.00,0.84,9.34,33.32,0.00,9.09,7.44,8.31,0.00,0.00,0.00,48.12,16.04,16.05,70.23,14.05,18.35,13.50,13.38,26.76,3.98,16.21,5.81,3.11,24.07,1.07,2.18,4.22,1.26,0.46,7.63,0.50,1.98,4.41,0.00,7.17,10.32,33.64,33.64
07:30-07:45,61DC2022/09/22,0.00,0.00,0.00,0.00,0.00,0.00,0.00,0.00,120.00,0.00,84.00,120.00,0.00,0.00,203.00,0.00,68.00,653.15,93.56,0.00,320.00,0.00,0.00,70.60,74.45,271.94,8.26,0.00,0.00,0.00,0.00,171.83,215.53,0.00,0.00,20.73,46.00,118.13,123.67,348.98,139.31,21.82,42.39,26.39,34.80,147.52,0.00,8.40,16.29,2.74,0.00,31.12,18.73,0.00,12.00,39.20,0.00,0.00,0.00,43.78,19.11,34.13,53.21,58.64,24.29,15.87,28.05,39.51,29.06,36.54,49.44,48.88,60.42,11.53,13.11,0.00,0.00,0.00,950.00,0.00,0.84,9.34,33.72,0.00,7.05,7.44,8.31,0.00,0.00,0.00,60.49,20.16,20.18,53.50,10.70,14.08,10.18,9.88,19.75,3.98,16.21,5.81,3.11,24.07,1.07,2.18,4.22,1.26,0.46,7.63,0.50,1.98,4.41,0.00,7.17,10.63,34.70,34.70
07:15-07:30,61DC2022/09/22,0.00,0.00,0.00,0.00,0.00,0.00,0.00,0.00,120.00,0.00,84.00,120.00,0.00,0.00,203.00,0.00,68.00,653.15,93.56,0.00,320.00,0.00,0.00,70.60,74.45,271.94,5.29,0.00,0.00,0.00,0.00,222.13,215.53,0.00,0.00,20.73,46.00,118.13,123.67,348.98,139.31,21.82,42.39,26.39,34.80,147.52,0.00,8.40,16.29,2.74,0.00,31.12,18.73,0.00,12.00,39.20,0.00,0.00,0.00,43.78,19.11,34.13,53.21,58.64,24.29,32.55,28.05,39.51,29.06,36.54,49.44,48.88,60.42,11.53,13.11,0.00,0.00,0.00,950.00,0.00,0.84,9.34,34.07,0.00,7.40,7.44,8.31,0.00,0.00,0.00,61.01,20.34,20.32,37.65,7.53,10.26,6.31,8.18,16.37,3.98,16.21,5.81,3.11,24.07,1.07,2.18,4.22,1.26,0.46,7.63,0.50,1.98,4.41,0.00,7.17,10.85,34.26,34.26
07:00-07:15,61DC2022/09/22,0.00,0.00,0.00,0.00,0.00,0.00,0.00,0.00,120.00,0.00,84.00,120.00,0.00,0.00,203.00,0.00,68.00,653.15,93.56,0.00,320.00,0.00,0.00,70.60,74.45,271.94,2.97,0.00,0.00,0.00,0.00,228.95,215.53,0.00,0.00,20.73,46.00,118.13,123.67,348.98,139.31,21.82,42.39,26.39,34.80,147.52,0.00,8.40,16.29,2.74,0.00,31.12,18.73,0.00,12.00,39.20,0.00,0.00,0.00,43.78,19.11,34.13,53.21,58.64,24.29,32.55,28.05,39.51,29.06,36.54,49.44,48.88,60.42,11.53,13.11,0.00,0.00,0.00,950.00,0.00,0.84,9.34,30.55,0.00,5.25,7.44,8.31,0.00,0.00,0.00,61.82,20.61,20.60,23.50,4.70,6.75,2.87,7.31,14.63,3.98,16.21,5.81,3.11,24.07,1.07,2.18,4.22,1.26,0.46,7.63,0.50,1.98,4.41,0.00,7.17,11.33,48.90,48.90
06:45-07:00,61DC2022/09/22,0.00,0.00,0.00,0.00,0.00,0.00,0.00,0.00,120.00,0.00,84.00,120.00,0.00,0.00,203.00,0.00,68.00,653.15,93.56,0.00,320.00,0.00,0.00,116.14,74.45,271.94,1.15,0.00,0.00,0.00,0.00,228.95,215.53,0.00,0.00,20.73,46.00,118.13,123.67,348.98,139.31,21.82,42.39,26.39,34.80,147.52,0.00,8.40,16.29,2.74,0.00,31.12,18.73,0.00,12.00,39.20,0.00,0.00,0.00,43.78,19.11,34.13,53.21,58.64,52.99,32.55,28.05,39.51,29.06,36.54,49.44,48.88,60.42,11.53,13.11,0.00,0.00,0.00,950.00,0.00,0.84,9.72,31.32,0.00,3.50,7.67,7.31,0.00,0.00,0.00,61.62,20.54,20.54,11.29,2.26,4.01,200.00,2.82,5.65,3.98,16.21,5.81,3.11,24.07,1.07,2.21,4.27,1.26,0.46,7.63,0.50,1.98,4.41,0.00,7.17,11.56,48.37,48.37
06:30-06:45,61DC2022/09/22,0.00,0.00,0.00,0.00,0.00,0.00,0.00,0.00,120.00,0.00,84.00,120.00,0.00,0.00,203.00,0.00,68.00,653.15,93.56,0.00,320.00,0.00,0.00,116.14,74.45,271.94,0.22,0.00,0.00,0.00,0.00,228.95,215.53,0.00,0.00,20.73,46.00,118.13,123.67,348.98,139.31,21.82,42.39,26.39,34.80,147.52,0.00,8.40,16.29,2.74,0.00,46.68,18.73,0.00,12.00,39.20,0.00,0.00,0.00,43.78,19.11,34.13,53.21,58.64,52.99,15.87,28.05,39.51,29.06,36.54,49.44,48.88,60.42,11.53,13.11,0.00,0.00,0.00,950.00,0.00,0.84,9.72,32.96,0.00,2.12,7.67,7.31,0.00,0.00,0.00,62.33,20.78,20.77,4.71,0.94,2.59,200.00,1.16,2.33,3.98,16.21,5.81,3.11,24.07,1.07,2.21,4.27,1.26,0.46,7.63,0.50,1.98,4.41,0.00,7.17,11.58,46.80,46.80
06:15-06:30,61DC2022/09/22,0.00,0.00,0.00,0.00,0.00,0.00,0.00,0.00,120.00,0.00,84.00,120.00,0.00,0.00,203.00,0.00,68.00,653.15,93.56,0.00,320.00,0.00,0.00,116.14,74.45,271.94,0.00,0.00,0.00,0.00,0.00,157.36,215.53,0.00,0.00,20.73,46.00,118.13,123.67,348.98,139.31,21.82,42.39,26.39,34.80,147.52,0.00,8.40,16.29,2.74,0.00,46.68,18.73,0.00,12.00,39.20,0.00,0.00,0.00,43.78,19.11,34.13,53.21,58.64,22.08,15.87,28.05,39.51,29.06,36.54,49.44,48.88,69.72,11.53,13.11,0.00,0.00,0.00,950.00,0.00,0.84,9.72,33.19,0.00,0.86,7.67,7.31,0.00,0.00,0.00,62.77,20.92,20.93,300.00,300.00,1.00,200.00,0.75,1.49,3.98,16.21,5.81,3.11,24.07,1.07,2.21,4.15,1.26,0.46,7.63,0.50,1.98,4.41,0.00,7.17,11.26,46.47,46.47
06:00-06:15,61DC2022/09/22,0.00,0.00,0.00,0.00,0.00,0.00,0.00,0.00,120.00,0.00,84.00,120.00,0.00,0.00,203.00,0.00,68.00,653.15,93.56,0.00,320.00,0.00,0.00,116.14,74.45,271.94,0.00,0.00,0.00,0.00,0.00,116.39,215.53,0.00,0.00,20.73,46.00,118.13,123.67,348.98,139.31,21.82,42.39,26.39,34.80,147.52,0.00,8.40,16.29,2.74,0.00,46.68,18.73,0.00,12.00,39.20,0.00,0.00,0.00,43.78,19.11,34.13,53.21,58.64,22.08,15.87,28.05,39.51,29.06,36.54,49.44,11.46,69.72,11.53,13.11,0.00,0.00,0.00,950.00,0.00,0.84,9.72,26.84,0.00,0.06,7.67,7.31,0.00,0.00,0.00,62.93,20.98,20.97,300.00,300.00,0.06,200.00,200.00,200.00,3.98,16.21,5.81,3.11,24.07,1.07,2.21,4.15,1.26,0.46,7.63,0.50,1.98,4.41,0.00,7.17,11.55,46.46,46.46
05:45-06:00,61DC2022/09/22,0.00,0.00,0.00,0.00,0.00,0.00,0.00,0.00,120.00,0.00,84.00,120.00,0.00,0.00,203.00,0.00,68.00,653.15,93.56,0.00,320.00,0.00,0.00,70.60,74.45,271.94,0.00,0.00,0.00,0.00,0.00,115.21,215.53,0.00,0.00,20.73,46.00,118.13,123.67,348.98,139.31,21.82,42.39,26.39,34.80,147.52,0.00,8.40,16.29,2.74,0.00,46.68,28.59,0.00,12.00,39.20,0.00,0.00,0.00,42.13,29.40,34.13,53.21,58.64,22.08,15.87,28.05,39.51,29.06,36.54,49.44,6.37,69.72,11.53,13.11,0.00,0.00,0.00,950.00,0.00,0.84,9.72,29.52,0.00,200.00,7.90,7.31,0.00,0.00,0.00,48.93,16.31,16.31,300.00,300.00,100.00,200.00,200.00,200.00,3.84,15.81,5.63,3.21,25.43,1.12,2.12,4.15,1.33,0.46,7.45,0.49,1.92,4.28,0.00,7.03,7.17,46.67,46.67
05:30-05:45,61DC2022/09/22,0.00,0.00,0.00,0.00,0.00,0.00,0.00,0.00,120.00,0.00,84.00,120.00,0.00,0.00,203.00,0.00,68.00,653.15,93.56,0.00,320.00,0.00,0.00,70.60,74.45,271.94,0.00,0.00,0.00,0.00,0.00,97.67,215.53,0.00,0.00,20.73,46.00,118.13,123.67,348.98,139.31,21.82,42.39,26.39,34.80,147.52,0.00,8.40,16.29,2.74,0.00,46.68,28.59,0.00,12.00,39.20,0.00,0.00,0.00,42.13,29.40,34.13,53.21,58.64,22.08,15.87,28.05,39.51,29.06,36.54,49.44,6.37,69.72,11.53,13.11,0.00,0.00,0.00,950.00,0.00,0.84,9.72,30.92,0.00,180.00,7.90,7.31,0.00,0.00,0.00,48.92,16.31,16.31,300.00,300.00,100.00,200.00,200.00,200.00,3.84,15.81,5.63,3.21,25.43,1.12,2.07,4.08,1.33,0.46,7.45,0.49,1.92,4.28,0.00,7.03,7.33,47.18,47.18
05:15-05:30,61DC2022/09/22,0.00,0.00,0.00,0.00,0.00,0.00,0.00,0.00,120.00,0.00,84.00,120.00,0.00,0.00,203.00,0.00,68.00,653.15,93.56,0.00,320.00,0.00,0.00,70.60,74.45,271.94,0.00,0.00,0.00,0.00,0.00,64.59,215.53,0.00,0.00,20.73,46.00,118.13,123.67,348.98,139.31,21.82,42.39,26.39,34.80,147.52,0.00,8.40,16.29,2.74,0.00,46.68,28.59,0.00,12.00,39.20,0.00,0.00,0.00,42.13,29.40,34.13,53.21,58.64,22.08,15.87,28.05,39.51,29.06,36.54,49.44,14.00,69.72,11.53,13.11,0.00,0.00,0.00,950.00,0.00,0.84,9.72,32.45,0.00,180.00,7.90,7.31,0.00,0.00,0.00,49.92,16.64,16.65,300.00,300.00,100.00,200.00,200.00,200.00,3.84,15.81,5.63,3.21,25.43,1.12,2.07,4.08,1.33,0.46,7.45,0.49,1.92,4.28,0.00,7.03,7.35,47.84,47.84
05:00-05:15,61DC2022/09/22,0.00,0.00,0.00,0.00,0.00,0.00,0.00,0.00,120.00,0.00,84.00,120.00,0.00,0.00,203.00,0.00,68.00,653.15,93.56,0.00,320.00,0.00,0.00,70.60,74.45,271.94,0.00,0.00,0.00,0.00,0.00,36.03,215.53,0.00,0.00,20.73,46.00,118.13,123.67,348.98,139.31,21.82,42.39,26.39,34.80,147.52,0.00,8.40,16.29,2.74,0.00,46.68,28.59,0.00,12.00,39.20,0.00,0.00,0.00,42.13,29.40,34.13,53.21,58.64,22.08,15.87,28.05,39.51,29.06,36.54,49.44,14.00,69.72,11.53,13.11,0.00,0.00,0.00,950.00,0.00,0.84,9.72,34.67,0.00,180.00,7.90,7.31,0.00,0.00,0.00,51.26,17.09,17.07,300.00,300.00,100.00,200.00,200.00,200.00,3.84,15.81,5.63,3.21,25.43,1.12,2.07,4.08,1.33,0.46,7.45,0.49,1.92,4.28,0.00,7.03,7.40,48.66,48.66
04:45-05:00,61DC2022/09/22,0.00,0.00,0.00,0.00,0.00,0.00,0.00,0.00,120.00,0.00,84.00,120.00,0.00,0.00,203.00,0.00,68.00,653.15,70.17,0.00,320.00,0.00,0.00,70.60,74.45,271.94,0.00,0.00,0.00,0.00,0.00,36.29,215.53,0.00,0.00,20.73,46.00,118.13,123.67,348.98,139.31,21.82,42.39,26.39,34.80,147.52,0.00,8.40,16.29,2.74,0.00,46.68,28.59,0.00,12.00,39.20,0.00,0.00,0.00,42.13,29.40,34.13,53.21,58.64,17.66,15.87,14.05,39.51,29.06,36.54,49.44,14.00,69.72,11.53,13.11,0.00,0.00,0.00,950.00,0.00,0.84,9.72,32.94,0.00,200.00,8.13,8.07,0.00,0.00,0.00,52.01,17.34,17.34,300.00,300.00,100.00,200.00,200.00,200.00,3.84,15.81,5.63,3.21,25.43,1.12,2.07,3.96,1.33,0.42,7.45,0.49,1.92,4.28,0.00,7.03,7.62,49.09,49.09
04:30-04:45,61DC2022/09/22,0.00,0.00,0.00,0.00,0.00,0.00,0.00,0.00,120.00,0.00,84.00,120.00,0.00,0.00,203.00,0.00,68.00,653.15,70.17,0.00,320.00,0.00,0.00,70.60,74.45,271.94,0.00,0.00,0.00,0.00,0.00,36.29,215.53,0.00,0.00,20.73,46.00,118.13,123.67,348.98,139.31,21.82,42.39,26.39,34.80,147.52,0.00,8.40,16.29,2.74,0.00,46.68,28.59,0.00,12.00,39.20,0.00,0.00,0.00,42.13,29.40,34.13,53.21,58.64,17.66,15.87,14.05,39.51,29.06,36.54,49.44,14.00,69.72,11.53,6.55,0.00,0.00,0.00,950.00,0.00,0.84,9.72,33.94,0.00,200.00,8.13,8.07,0.00,0.00,0.00,54.31,18.10,18.11,300.00,300.00,100.00,200.00,200.00,200.00,3.84,15.81,5.63,3.21,25.43,1.12,2.07,3.96,1.33,0.42,7.45,0.49,1.92,4.28,0.00,7.03,7.81,49.75,49.75
04:15-04:30,61DC2022/09/22,0.00,0.00,0.00,0.00,0.00,0.00,0.00,0.00,120.00,0.00,84.00,120.00,0.00,0.00,203.00,0.00,68.00,653.15,70.17,0.00,320.00,0.00,0.00,70.60,74.45,271.94,0.00,0.00,0.00,0.00,0.00,36.29,215.53,0.00,0.00,20.73,46.00,118.13,123.67,348.98,139.31,21.82,42.39,26.39,34.80,147.52,0.00,8.40,16.29,2.74,0.00,46.68,28.59,0.00,12.00,39.20,0.00,0.00,0.00,42.13,29.40,34.13,53.21,58.64,17.66,15.87,14.05,39.51,29.06,36.54,49.44,14.00,69.72,11.53,6.55,0.00,0.00,0.00,950.00,0.00,0.84,9.72,34.57,0.00,200.00,8.13,8.07,0.00,0.00,0.00,55.51,18.50,18.51,300.00,300.00,100.00,200.00,200.00,200.00,3.84,15.81,5.63,3.21,25.43,1.12,2.07,3.90,1.33,0.42,7.45,0.49,1.92,4.28,0.00,7.03,6.62,50.51,50.51
04:00-04:15,61DC2022/09/22,0.00,0.00,0.00,0.00,0.00,0.00,0.00,0.00,120.00,0.00,84.00,120.00,0.00,0.00,203.00,0.00,68.00,653.15,70.17,0.00,320.00,0.00,0.00,70.60,74.45,271.94,0.00,0.00,0.00,0.00,0.00,36.29,215.53,0.00,0.00,20.73,46.00,118.13,123.67,348.98,139.31,21.82,42.39,26.39,34.80,147.52,0.00,8.40,16.29,2.74,0.00,62.24,28.59,0.00,12.00,39.20,0.00,0.00,0.00,42.13,29.40,34.13,53.21,58.64,17.66,15.87,14.05,39.51,29.06,36.54,49.44,3.18,69.72,11.53,6.55,0.00,0.00,0.00,950.00,0.00,0.84,9.72,35.40,0.00,200.00,8.13,8.07,0.00,0.00,0.00,46.44,15.48,15.47,300.00,300.00,100.00,200.00,200.00,200.00,3.84,15.81,5.63,3.21,25.43,1.12,2.07,3.90,1.33,0.42,7.45,0.49,1.92,4.28,0.00,7.03,7.00,50.85,50.85
03:45-04:00,61DC2022/09/22,0.00,0.00,0.00,0.00,0.00,0.00,0.00,0.00,120.00,0.00,84.00,120.00,0.00,0.00,203.00,0.00,68.00,653.15,70.17,0.00,320.00,0.00,0.00,70.60,74.45,271.94,0.00,0.00,0.00,0.00,0.00,36.29,215.53,0.00,0.00,20.73,46.00,118.13,123.67,348.98,139.31,21.82,42.39,26.39,34.80,147.52,0.00,8.40,16.29,2.74,0.00,62.24,28.59,0.00,12.00,39.20,0.00,0.00,0.00,40.61,29.40,34.13,53.21,58.64,24.29,15.87,14.05,39.51,29.06,36.54,49.44,3.18,83.66,11.53,6.55,0.00,0.00,0.00,950.00,0.00,0.84,9.72,36.70,0.00,200.00,8.36,8.07,0.00,0.00,0.00,47.51,15.84,15.83,300.00,300.00,100.00,200.00,200.00,200.00,3.84,15.81,5.63,3.21,25.43,1.12,2.07,3.90,1.33,0.46,7.45,0.49,1.92,4.28,0.00,7.03,6.85,41.18,41.18
03:30-03:45,61DC2022/09/22,0.00,0.00,0.00,0.00,0.00,0.00,0.00,0.00,120.00,0.00,84.00,120.00,0.00,0.00,203.00,0.00,68.00,653.15,70.17,0.00,320.00,0.00,0.00,70.60,74.45,271.94,0.00,0.00,0.00,0.00,0.00,36.29,215.53,0.00,0.00,20.73,46.00,118.13,123.67,348.98,139.31,21.82,42.39,26.39,34.80,147.52,0.00,8.40,16.29,2.74,0.00,62.24,28.59,0.00,12.00,39.20,0.00,0.00,0.00,40.61,29.40,34.13,53.21,58.64,24.29,15.87,14.05,39.51,29.06,36.54,49.44,3.18,83.66,11.53,6.55,0.00,0.00,0.00,950.00,0.00,0.84,9.72,37.35,0.00,200.00,8.36,8.07,0.00,0.00,0.00,48.94,16.32,16.31,300.00,300.00,100.00,200.00,200.00,200.00,3.84,15.81,5.63,3.21,25.43,1.12,2.07,3.90,1.33,0.46,7.45,0.49,1.92,4.28,0.00,7.03,6.74,41.67,41.67
03:15-03:30,61DC2022/09/22,0.00,0.00,0.00,0.00,0.00,0.00,0.00,0.00,120.00,0.00,84.00,120.00,0.00,0.00,203.00,0.00,68.00,653.15,70.17,0.00,320.00,0.00,0.00,70.60,74.45,271.94,0.00,0.00,0.00,0.00,0.00,35.41,215.53,0.00,0.00,20.73,46.00,118.13,123.67,348.98,139.31,21.82,42.39,26.39,34.80,147.52,0.00,8.40,16.29,2.74,0.00,62.24,28.59,0.00,12.00,39.20,0.00,0.00,0.00,40.61,29.40,34.13,53.21,58.64,24.29,21.52,14.05,39.51,29.06,36.54,49.44,14.00,83.66,11.53,6.55,0.00,0.00,0.00,950.00,0.00,0.84,8.17,38.50,0.00,200.00,8.36,8.07,0.00,0.00,0.00,49.25,16.42,16.41,300.00,300.00,100.00,200.00,200.00,200.00,3.84,15.81,5.63,3.21,25.43,1.12,2.07,3.90,1.33,0.46,7.45,0.49,1.92,4.28,0.00,7.03,7.55,36.66,36.66
03:00-03:15,61DC2022/09/22,0.00,0.00,0.00,0.00,0.00,0.00,0.00,0.00,120.00,0.00,84.00,120.00,0.00,0.00,203.00,0.00,68.00,653.15,71.40,0.00,320.00,0.00,0.00,70.60,74.45,271.94,0.00,0.00,0.00,0.00,0.00,29.69,215.53,0.00,0.00,20.73,46.00,118.13,123.67,348.98,139.31,21.82,42.39,26.39,34.80,147.52,0.00,8.40,16.29,2.74,0.00,62.24,28.59,0.00,12.00,39.20,0.00,0.00,0.00,40.61,29.40,34.13,53.21,58.64,24.29,21.52,14.05,39.51,29.06,36.54,49.44,14.00,83.66,11.53,6.55,0.00,0.00,0.00,950.00,0.00,0.84,8.17,39.33,0.00,200.00,8.36,8.07,0.00,0.00,0.00,49.71,16.57,16.56,300.00,300.00,100.00,200.00,200.00,200.00,3.84,15.81,5.63,3.21,25.43,1.12,2.07,3.90,1.33,0.46,7.45,0.49,1.92,4.28,0.00,7.03,7.64,36.75,36.75
02:45-03:00,61DC2022/09/22,0.00,0.00,0.00,0.00,0.00,0.00,0.00,0.00,120.00,0.00,84.00,120.00,0.00,0.00,203.00,0.00,68.00,653.15,93.56,0.00,320.00,0.00,0.00,70.60,74.45,271.94,0.00,0.00,0.00,0.00,0.00,29.69,215.53,0.00,0.00,20.73,46.00,118.13,123.67,348.98,139.31,21.82,42.39,26.39,34.80,147.52,0.00,8.40,16.29,2.74,0.00,62.24,28.59,0.00,12.00,39.20,0.00,0.00,0.00,38.07,29.40,34.13,53.21,58.64,22.08,15.87,14.05,39.51,29.06,36.54,49.44,14.00,83.66,12.94,6.55,0.00,0.00,0.00,950.00,0.00,0.84,8.56,40.13,0.00,200.00,8.61,8.07,0.00,0.00,0.00,49.92,16.64,16.64,300.00,300.00,100.00,200.00,200.00,200.00,3.84,15.81,5.63,3.21,25.43,1.12,2.07,3.90,1.33,0.46,7.45,0.49,1.92,4.28,0.00,7.03,7.85,37.41,37.41
02:30-02:45,61DC2022/09/22,0.00,0.00,0.00,0.00,0.00,0.00,0.00,0.00,120.00,0.00,84.00,120.00,0.00,0.00,203.00,0.00,68.00,653.15,93.56,0.00,320.00,0.00,0.00,70.60,74.45,271.94,0.00,0.00,0.00,0.00,0.00,29.69,215.53,0.00,0.00,20.73,46.00,118.13,123.67,348.98,139.31,21.82,42.39,26.39,34.80,147.52,0.00,8.40,16.29,2.74,0.00,62.24,28.59,0.00,12.00,39.20,0.00,0.00,0.00,38.07,29.40,34.13,53.21,58.64,22.08,15.87,14.05,39.51,29.06,36.54,49.44,14.00,83.66,12.94,6.55,0.00,0.00,0.00,950.00,0.00,0.84,8.56,34.06,0.00,200.00,8.61,8.85,0.00,0.00,0.00,48.76,16.26,16.25,300.00,300.00,100.00,200.00,200.00,200.00,3.84,15.81,5.63,3.21,25.43,1.12,2.07,3.90,1.33,0.46,7.45,0.49,1.92,4.28,0.00,7.03,7.86,38.19,38.19
02:15-02:30,61DC2022/09/22,0.00,0.00,0.00,0.00,0.00,0.00,0.00,0.00,120.00,0.00,84.00,120.00,0.00,0.00,203.00,0.00,68.00,653.15,93.56,0.00,320.00,0.00,0.00,70.60,74.45,271.94,0.00,0.00,0.00,0.00,0.00,29.69,215.53,0.00,0.00,20.73,46.00,118.13,123.67,348.98,139.31,21.82,42.39,26.39,34.80,147.52,0.00,8.40,16.29,2.74,0.00,62.24,28.59,0.00,12.00,39.20,0.00,0.00,0.00,38.07,29.40,34.13,53.21,58.64,24.29,15.87,14.05,39.51,29.06,36.54,49.44,14.00,58.10,12.94,6.55,0.00,0.00,0.00,950.00,0.00,0.84,8.56,34.84,0.00,200.00,8.61,8.85,0.00,0.00,0.00,48.79,16.26,16.28,300.00,300.00,100.00,200.00,200.00,200.00,3.84,15.81,5.63,3.21,25.43,1.12,2.07,3.90,1.33,0.46,7.45,0.49,1.92,4.28,0.00,7.03,7.96,38.55,38.55
02:00-02:15,61DC2022/09/22,0.00,0.00,0.00,0.00,0.00,0.00,0.00,0.00,120.00,0.00,84.00,120.00,0.00,0.00,203.00,0.00,68.00,653.15,93.56,0.00,320.00,0.00,0.00,70.60,74.45,271.94,0.00,0.00,0.00,0.00,0.00,29.69,215.53,0.00,0.00,20.73,46.00,118.13,123.67,348.98,139.31,21.82,42.39,26.39,34.80,147.52,0.00,8.40,16.29,2.74,0.00,62.24,28.59,0.00,12.00,39.20,0.00,0.00,0.00,38.07,29.40,34.13,53.21,58.64,24.29,15.87,14.05,39.51,29.06,36.54,49.44,14.00,58.10,12.94,6.55,0.00,0.00,0.00,950.00,0.00,0.84,8.56,35.29,0.00,200.00,8.61,8.85,0.00,0.00,0.00,49.28,16.43,16.42,300.00,300.00,100.00,200.00,200.00,200.00,3.84,15.81,5.63,3.21,25.43,1.12,2.07,3.90,1.33,0.46,7.45,0.49,1.92,4.28,0.00,7.03,8.03,38.11,38.11
01:45-02:00,61DC2022/09/22,0.00,0.00,0.00,0.00,0.00,0.00,0.00,0.00,120.00,0.00,84.00,120.00,0.00,0.00,203.00,0.00,68.00,653.15,93.56,0.00,320.00,0.00,0.00,70.60,74.45,271.94,0.00,0.00,0.00,0.00,0.00,23.88,215.53,0.00,0.00,20.73,46.00,118.13,123.67,348.98,139.31,21.82,42.39,26.39,34.80,147.52,0.00,8.40,16.29,2.74,0.00,62.24,28.59,0.00,12.00,39.20,0.00,0.00,0.00,38.07,29.40,34.13,53.21,58.64,52.99,15.87,14.05,39.51,29.06,36.54,49.44,3.18,58.10,12.94,6.55,0.00,0.00,0.00,950.00,0.00,0.84,8.56,35.40,0.00,200.00,8.84,8.85,0.00,0.00,0.00,49.85,16.62,16.61,300.00,300.00,100.00,200.00,200.00,200.00,3.98,16.21,5.81,3.11,24.07,1.07,2.16,3.90,1.26,0.46,7.63,0.50,1.98,4.41,0.00,7.17,8.13,29.71,29.71
01:30-01:45,61DC2022/09/22,0.00,0.00,0.00,0.00,0.00,0.00,0.00,0.00,120.00,0.00,84.00,120.00,0.00,0.00,203.00,0.00,68.00,653.15,93.56,0.00,320.00,0.00,0.00,70.60,74.45,271.94,0.00,0.00,0.00,0.00,0.00,24.14,215.53,0.00,0.00,20.73,46.00,118.13,123.67,348.98,139.31,21.82,42.39,26.39,34.80,147.52,0.00,8.40,16.29,2.74,0.00,62.24,28.59,0.00,12.00,39.20,0.00,0.00,0.00,38.07,29.40,34.13,53.21,58.64,52.99,15.87,14.05,39.51,29.06,36.54,49.44,3.18,58.10,12.94,6.55,0.00,0.00,0.00,950.00,0.00,0.84,8.56,35.96,0.00,200.00,8.84,8.85,0.00,0.00,0.00,37.43,12.48,12.47,300.00,300.00,100.00,200.00,200.00,200.00,3.98,16.21,5.81,3.11,24.07,1.07,2.16,3.90,1.26,0.46,7.63,0.50,1.98,4.41,0.00,7.17,6.06,30.07,30.07
01:15-01:30,61DC2022/09/22,0.00,0.00,0.00,0.00,0.00,0.00,0.00,0.00,120.00,0.00,84.00,120.00,0.00,0.00,203.00,0.00,68.00,653.15,116.95,0.00,320.00,0.00,0.00,70.60,74.45,271.94,0.00,0.00,0.00,0.00,0.00,24.14,215.53,0.00,0.00,20.73,46.00,118.13,123.67,348.98,139.31,21.82,42.39,26.39,34.80,147.52,0.00,8.40,16.29,2.74,0.00,62.24,28.59,0.00,12.00,39.20,0.00,0.00,0.00,38.07,29.40,34.13,53.21,58.64,22.08,15.87,28.09,39.51,29.06,36.54,49.44,3.18,58.10,12.94,6.55,0.00,0.00,0.00,950.00,0.00,0.84,8.56,35.97,0.00,200.00,8.84,8.85,0.00,0.00,0.00,38.19,12.73,12.73,300.00,300.00,100.00,200.00,200.00,200.00,3.98,16.21,5.81,3.11,24.07,1.07,2.16,3.90,1.26,0.46,7.63,0.50,1.98,4.41,0.00,7.17,5.96,31.20,31.20
01:00-01:15,61DC2022/09/22,0.00,0.00,0.00,0.00,0.00,0.00,0.00,0.00,120.00,0.00,84.00,120.00,0.00,0.00,203.00,0.00,68.00,653.15,116.95,0.00,320.00,0.00,0.00,70.60,74.45,271.94,0.00,0.00,0.00,0.00,0.00,30.74,215.53,0.00,0.00,20.73,46.00,118.13,123.67,348.98,139.31,21.82,42.39,26.39,34.80,147.52,0.00,8.40,16.29,2.74,0.00,62.24,28.59,0.00,12.00,39.20,0.00,0.00,0.00,38.07,29.40,34.13,53.21,58.64,22.08,15.87,28.09,39.51,29.06,36.54,49.44,14.00,58.10,12.94,6.55,0.00,0.00,0.00,950.00,0.00,0.84,8.56,36.04,0.00,200.00,8.84,8.85,0.00,0.00,0.00,41.17,13.72,13.72,300.00,300.00,100.00,200.00,200.00,200.00,3.98,16.21,5.81,3.11,24.07,1.07,2.16,3.90,1.26,0.46,7.63,0.50,1.98,4.41,0.00,7.17,6.21,31.84,31.84
00:45-01:00,61DC2022/09/22,0.00,0.00,0.00,0.00,0.00,0.00,0.00,0.00,120.00,0.00,84.00,120.00,0.00,0.00,203.00,0.00,68.00,653.15,116.95,0.00,320.00,0.00,0.00,70.60,74.45,271.94,0.00,0.00,0.00,0.00,0.00,30.74,215.53,0.00,0.00,20.73,46.00,118.13,123.67,348.98,139.31,21.82,42.39,26.39,34.80,147.52,0.00,8.40,16.29,2.74,0.00,62.24,28.59,0.00,12.00,39.20,0.00,0.00,0.00,38.07,29.40,34.13,53.21,58.64,17.66,16.14,28.09,39.51,29.06,36.54,49.44,14.00,58.10,12.94,6.55,0.00,0.00,0.00,950.00,0.00,0.84,9.72,37.83,0.00,200.00,9.11,9.22,0.00,0.00,0.00,42.24,14.08,14.08,300.00,300.00,100.00,200.00,200.00,200.00,3.98,16.21,5.81,3.11,24.07,1.07,2.16,3.90,1.26,0.46,7.63,0.50,1.98,4.41,0.00,7.17,6.58,31.88,31.88
00:30-00:45,61DC2022/09/22,0.00,0.00,0.00,0.00,0.00,0.00,0.00,0.00,120.00,0.00,84.00,120.00,0.00,0.00,203.00,0.00,68.00,653.15,116.95,0.00,320.00,0.00,0.00,70.60,74.45,271.94,0.00,0.00,0.00,0.00,0.00,30.74,215.53,0.00,0.00,20.73,46.00,118.13,123.67,348.98,139.31,21.82,42.39,26.39,34.80,147.52,0.00,8.40,16.29,2.74,0.00,62.24,28.59,0.00,12.00,39.20,0.00,0.00,0.00,38.07,29.40,34.13,53.21,58.64,17.66,16.14,28.09,39.51,29.06,36.54,49.44,14.00,58.10,12.94,6.55,0.00,0.00,0.00,950.00,0.00,0.84,9.72,37.93,0.00,200.00,9.11,9.22,0.00,0.00,0.00,42.04,14.01,14.03,300.00,300.00,100.00,200.00,200.00,200.00,3.98,16.21,5.81,3.11,24.07,1.07,2.16,3.90,1.26,0.46,7.63,0.50,1.98,4.41,0.00,7.17,6.89,32.19,32.19
00:15-00:30,61DC2022/09/22,0.00,0.00,0.00,0.00,0.00,0.00,0.00,0.00,120.00,0.00,84.00,120.00,0.00,0.00,203.00,0.00,68.00,653.15,116.95,0.00,320.00,0.00,0.00,70.60,74.45,271.94,0.00,0.00,0.00,0.00,0.00,30.74,215.53,0.00,0.00,20.73,46.00,118.13,123.67,348.98,139.31,21.82,42.39,26.39,34.80,147.52,0.00,8.40,16.29,2.74,0.00,62.24,28.59,0.00,12.00,39.20,0.00,0.00,0.00,38.07,28.52,34.13,53.21,58.64,17.66,32.55,28.09,39.51,29.06,36.54,49.44,14.00,58.10,12.94,6.55,0.00,0.00,0.00,950.00,0.00,0.84,9.72,38.48,0.00,200.00,9.11,9.22,0.00,0.00,0.00,40.76,13.59,13.59,300.00,300.00,100.00,200.00,200.00,200.00,3.98,16.21,5.81,3.11,24.07,1.07,2.16,3.90,1.26,0.46,7.63,0.50,1.98,4.41,0.00,7.17,6.74,32.38,32.38
00:00-00:15,61DC2022/09/22,0.00,0.00,0.00,0.00,0.00,0.00,0.00,0.00,120.00,0.00,84.00,120.00,0.00,0.00,203.00,0.00,68.00,653.15,116.95,0.00,320.00,0.00,0.00,70.60,74.45,271.94,0.00,0.00,0.00,0.00,0.00,30.74,215.53,0.00,0.00,20.73,46.00,118.13,123.67,348.98,139.31,21.82,42.39,26.39,34.80,147.52,0.00,8.40,16.29,2.74,0.00,62.24,28.59,0.00,12.00,39.20,0.00,0.00,0.00,38.07,28.52,34.13,53.21,58.64,17.66,32.55,28.09,39.51,29.06,36.54,49.44,14.00,58.10,12.94,6.55,0.00,0.00,0.00,950.00,0.00,0.84,9.72,39.11,0.00,200.00,9.11,9.22,0.00,0.00,0.00,39.56,13.19,13.19,300.00,300.00,100.00,200.00,200.00,200.00,3.98,16.21,5.81,3.11,24.07,1.07,2.16,3.90,1.26,0.46,7.63,0.50,1.98,4.41,0.00,7.17,6.66,32.24,32.24
