Timeslot,revisionno,BTPS,PRAGATI,RPH,DADRI_T,GT_OC,CSGS,GT_RLNG,PRG_RLNG,DVC,GT_LF,GT_CC,PRG_G_CC,GT_RLG_C,GT_LF_CC,PG_RLG_C,REGULATE,MTPS6,JHAJJAR,NJPC,CCGT_OC,CCGT_CC,CCGT_RCC,CCGT_ROC,CLPJHAJR,MEJIA7,MAITHON,SECI,RITHL_CC,RITHL_OC,RITHL_RC,RITHL_RO,NHPC,DADRI_T2,ANTA_GF,AURY_GF,FARAKKA,RIHAND1,RIHAND2,RIHAND3,SASAN,SNGRAULI,UNCHHAR1,UNCHHAR2,UNCHHAR3,KAHLGAN1,KAHLGAN2,DADRI_GF,ANTA_RF,AURY_RF,DADRI_RF,KOLDAM,TH_HPP,KTWR_HEP,SEWA2,DMSWSL,NAPP,RAPPB,MUNDRA,RAMPUR,RAPPC,TALA,ANTA_LF,AURY_LF,DADRI_LF,URI,URI2,CHAMERA1,CHAMERA2,CHAMERA3,DHAULIGNGA,DULHASTI,PARBATI3,SALAL,TANAKPUR,BSIUL,UNCHAHAR4,PRG_CCLF,PRG_OCLF,CCGTCCSPOT,CCGTOCSPOT,SNG_HYDRO,SHEP,GIREL,RUMS_DMRC,SEIPL,THPPL,NHPPL,ANTA_CRF,AURY_CRF,DADR_CRF,ALFANR_I,ALFANR_II,ALFANR_III,ERCPL_FTG,ERPCL_FTG2,AP41PL_BHDL,ASE4PL,KUDGI,SRIJAN_M,SITAC_BRPL,SITAC_BYPL,TANDA2,KSHNGNGA,SOLAPUR,MEJA,TWEPL,GBHHPL,THAR_BYPL,THAR_BRPL,ASEJ2PL_BYPL,ASEJ2PL_TPDDL,CHANJUII,SECI_BRPL,SECI_BYPL,SECI_TPDDL,APSEPL_FTG,PARBATI2,KHURJA,GHATAMPUR,RAPPD,TEHRIPSP,TEHRIPSP_P
1,71IS2025/07/08,0.0000,0.0000,0.0000,0.0000,0.0000,0.0000,0.0000,0.0000,130.1300,0.0000,33.0000,149.9999,0.0000,0.0000,0.0000,0.0000,86.7400,223.1900,169.0700,0.0000,270.0000,0.0000,0.0000,115.3800,100.2000,270.5100,0.0000,0.0000,0.0000,0.0000,0.0000,0.0000,511.2000,0.0000,0.0000,20.0100,94.5600,120.4800,125.8400,330.0000,142.1400,20.8000,43.2700,26.6300,43.8000,142.6300,0.0000,9.6500,14.4300,11.7600,8.2900,53.4000,39.0100,0.0000,0.0000,20.3600,0.0000,0.0000,5.4800,62.9100,28.5300,0.0000,0.0000,0.0000,25.4800,21.0000,40.5400,45.3100,32.6500,40.8400,53.2600,18.5800,82.1500,12.5600,12.5400,3.1000,0.0000,0.0000,0.0000,0.0000,0.9900,10.4800,46.4700,0.0000,0.0000,6.8100,10.7300,0.0000,0.0000,0.0000,45.0000,15.0000,15.0000,0.0000,0.0000,0.0000,0.0000,0.0000,14.6700,0.0000,0.0000,5.3400,6.7800,0.0000,6.3300,20.0000,28.2600,0.0000,0.0000,0.0000,0.0000,0.0000,0.0000,0.0000,0.0000,0.0000,0.0000,8.5100,4.0700,23.5700,0.0000,0.0000
2,71IS2025/07/08,0.0000,0.0000,0.0000,0.0000,0.0000,0.0000,0.0000,0.0000,130.1300,0.0000,33.0000,149.9999,0.0000,0.0000,0.0000,0.0000,86.7400,223.1900,169.0700,0.0000,270.0000,0.0000,0.0000,115.3800,100.2000,270.5100,0.0000,0.0000,0.0000,0.0000,0.0000,0.0000,491.9600,0.0000,0.0000,18.4400,94.5600,120.4800,125.8400,330.0000,142.1400,20.8000,43.2700,26.6300,43.8000,142.6300,0.0000,0.0000,0.0000,0.0000,8.2900,53.4000,39.0100,0.0000,0.0000,20.3600,0.0000,0.0000,5.4800,62.9100,20.3300,0.0000,0.0000,0.0000,25.4800,21.0000,40.5400,45.3100,32.6500,40.8400,53.2600,18.5800,82.1500,12.5600,12.5400,3.1000,0.0000,0.0000,0.0000,0.0000,0.9200,10.4800,43.0200,0.0000,0.0000,5.6000,10.3500,0.0000,0.0000,0.0000,46.0100,15.3300,15.3300,0.0000,0.0000,0.0000,0.0000,0.0000,13.0700,0.0000,0.0000,5.3400,6.7800,0.0000,6.3300,16.0000,28.2600,0.0000,0.0000,0.0000,0.0000,0.0000,0.0000,0.0000,0.0000,0.0000,0.0000,8.5100,4.9100,23.5700,0.0000,0.0000
3,71IS2025/07/08,0.0000,0.0000,0.0000,0.0000,0.0000,0.0000,0.0000,0.0000,130.1300,0.0000,33.0000,149.9999,0.0000,0.0000,0.0000,0.0000,86.7400,196.2600,169.0700,0.0000,270.0000,0.0000,0.0000,115.3800,100.2000,270.5100,0.0000,0.0000,0.0000,0.0000,0.0000,0.0000,487.0100,0.0000,0.0000,18.4400,94.5600,120.4800,125.8400,330.0000,142.1400,20.8000,43.2700,26.6300,43.8000,142.6300,0.0000,0.0000,0.0000,0.0000,8.2900,53.4000,39.0100,0.0000,0.0000,20.3600,0.0000,0.0000,5.4800,62.9100,20.3300,0.0000,0.0000,0.0000,25.4800,21.0000,40.5400,45.3100,32.6500,40.8400,53.2600,18.5800,82.1500,12.5600,12.5400,3.1000,0.0000,0.0000,0.0000,0.0000,0.9200,10.4800,43.0200,0.0000,0.0000,5.6000,10.3500,0.0000,0.0000,0.0000,46.5000,15.5000,15.5000,0.0000,0.0000,0.0000,0.0000,0.0000,12.9400,0.0000,0.0000,5.3400,6.7800,0.0000,6.3300,12.5000,28.7700,0.0000,0.0000,0.0000,0.0000,0.0000,0.0000,0.0000,0.0000,0.0000,0.0000,8.5100,3.2400,23.5700,0.0000,0.0000
4,71IS2025/07/08,0.0000,0.0000,0.0000,0.0000,0.0000,0.0000,0.0000,0.0000,130.1300,0.0000,33.0000,149.9999,0.0000,0.0000,0.0000,0.0000,86.7400,178.9500,169.0700,0.0000,270.0000,0.0000,0.0000,115.3800,100.2000,270.5100,0.0000,0.0000,0.0000,0.0000,0.0000,0.0000,487.0100,0.0000,0.0000,18.4400,94.5600,120.4800,125.8400,330.0000,142.1400,20.8000,43.2700,26.6300,43.8000,142.6300,0.0000,0.0000,0.0000,0.0000,8.2900,53.4000,39.0100,0.0000,0.0000,20.3600,0.0000,0.0000,5.4800,62.9100,20.3300,0.0000,0.0000,0.0000,25.4800,21.0000,40.5400,45.3100,32.6500,40.8400,53.2600,18.5800,82.1500,12.5600,12.5400,3.1000,0.0000,0.0000,0.0000,0.0000,0.9200,10.4800,43.0200,0.0000,0.0000,5.6000,10.3500,0.0000,0.0000,0.0000,46.9900,15.6700,15.6700,0.0000,0.0000,0.0000,0.0000,0.0000,12.7900,0.0000,0.0000,5.3400,6.7800,0.0000,6.3300,12.5000,28.7700,0.0000,0.0000,0.0000,0.0000,0.0000,0.0000,0.0000,0.0000,0.0000,0.0000,8.5100,3.2400,23.5700,0.0000,0.0000
5,71IS2025/07/08,0.0000,0.0000,0.0000,0.0000,0.0000,0.0000,0.0000,0.0000,130.1300,0.0000,33.0000,149.9999,0.0000,0.0000,0.0000,0.0000,86.7400,150.1000,169.0700,0.0000,269.9999,0.0000,0.0000,115.3800,100.2000,270.5100,0.0000,0.0000,0.0000,0.0000,0.0000,0.0000,431.1500,0.0000,0.0000,18.4400,94.5600,120.4800,125.8400,330.0000,142.1400,20.8000,43.2700,26.6300,43.8000,142.6300,0.0000,0.0000,0.0000,0.0000,8.2900,53.4000,39.0100,0.0000,0.0000,20.3600,0.0000,0.0000,5.4800,62.9100,20.3300,0.0000,0.0000,0.0000,25.4800,21.0000,40.5400,45.3100,32.6500,40.8400,53.2600,18.5800,82.1500,12.5600,12.5400,3.1000,0.0000,0.0000,0.0000,0.0000,0.9200,10.4800,43.0200,0.0000,0.0000,5.1300,10.2000,0.0000,0.0000,0.0000,47.5100,15.8300,15.8300,0.0000,0.0000,0.0000,0.0000,0.0000,12.7900,0.0000,0.0000,5.3400,6.7800,0.0000,6.3300,12.5000,26.7500,0.0000,0.0000,0.0000,0.0000,0.0000,0.0000,0.0000,0.0000,0.0000,0.0000,8.5100,3.2400,23.5700,0.0000,0.0000
6,71IS2025/07/08,0.0000,0.0000,0.0000,0.0000,0.0000,0.0000,0.0000,0.0000,130.1300,0.0000,33.0000,149.9999,0.0000,0.0000,0.0000,0.0000,86.7400,165.6700,169.0700,0.0000,269.9999,0.0000,0.0000,115.3800,100.2000,270.5100,0.0000,0.0000,0.0000,0.0000,0.0000,0.0000,322.3100,0.0000,0.0000,18.4400,94.5600,120.4800,125.8400,330.0000,142.1400,20.8000,43.2700,26.6300,43.8000,142.6300,0.0000,0.0000,0.0000,0.0000,8.2900,53.4000,39.0100,0.0000,0.0000,20.3600,0.0000,0.0000,5.4800,62.9100,20.3300,0.0000,0.0000,0.0000,25.4800,21.0000,40.5400,45.3100,32.6500,40.8400,53.2600,18.5800,82.1500,12.5600,12.5400,3.1000,0.0000,0.0000,0.0000,0.0000,0.9200,10.4800,43.0200,0.0000,0.0000,5.1300,10.2000,0.0000,0.0000,0.0000,49.0100,16.3300,16.3300,0.0000,0.0000,0.0000,0.0000,0.0000,12.8500,0.0000,0.0000,5.3400,6.7800,0.0000,6.3300,12.5000,26.7500,0.0000,0.0000,0.0000,0.0000,0.0000,0.0000,0.0000,0.0000,0.0000,0.0000,8.5100,3.2400,23.5700,0.0000,0.0000
7,71IS2025/07/08,0.0000,0.0000,0.0000,0.0000,0.0000,0.0000,0.0000,0.0000,130.1300,0.0000,33.0000,149.9999,0.0000,0.0000,0.0000,0.0000,86.7400,159.7200,169.0700,0.0000,269.9999,0.0000,0.0000,115.3800,100.2000,270.5100,0.0000,0.0000,0.0000,0.0000,0.0000,0.0000,259.1300,0.0000,0.0000,18.4400,94.5600,120.4800,125.8400,330.0000,142.1400,20.8000,43.2700,26.6300,43.8000,142.6300,0.0000,0.0000,0.0000,0.0000,8.2900,53.4000,39.0100,0.0000,0.0000,20.3600,0.0000,0.0000,5.4800,62.9100,18.9100,0.0000,0.0000,0.0000,25.4800,21.0000,40.5400,45.3100,32.6500,40.8400,53.2600,18.5800,82.1500,12.5600,12.5400,3.1000,0.0000,0.0000,0.0000,0.0000,0.9200,10.4800,43.0200,0.0000,0.0000,5.1300,10.2000,0.0000,0.0000,0.0000,43.0100,14.3300,14.3300,0.0000,0.0000,0.0000,0.0000,0.0000,12.9400,0.0000,0.0000,5.3400,6.7800,0.0000,6.3300,12.5000,26.7500,0.0000,0.0000,0.0000,0.0000,0.0000,0.0000,0.0000,0.0000,0.0000,0.0000,8.5100,3.2400,23.5700,0.0000,0.0000
8,71IS2025/07/08,0.0000,0.0000,0.0000,0.0000,0.0000,0.0000,0.0000,0.0000,130.1300,0.0000,33.0000,149.9999,0.0000,0.0000,0.0000,0.0000,86.7400,127.0200,169.0700,0.0000,269.9999,0.0000,0.0000,97.3500,100.2000,270.5100,0.0000,0.0000,0.0000,0.0000,0.0000,0.0000,191.8000,0.0000,0.0000,18.4400,94.5600,120.4800,125.8400,330.0000,142.1400,16.6900,35.8100,22.1000,43.8000,142.6300,0.0000,0.0000,0.0000,0.0000,8.2900,53.4000,39.0100,0.0000,0.0000,20.3600,0.0000,0.0000,5.4800,62.9100,18.9100,0.0000,0.0000,0.0000,25.4800,21.0000,40.5400,45.3100,32.6500,40.8400,53.2600,18.5800,82.1500,12.5600,12.5400,3.1000,0.0000,0.0000,0.0000,0.0000,0.9200,10.4800,43.0200,0.0000,0.0000,5.1300,10.2000,0.0000,0.0000,0.0000,44.5100,14.8300,14.8300,0.0000,0.0000,0.0000,0.0000,0.0000,13.0600,0.0000,0.0000,5.3400,6.7800,0.0000,6.3300,12.5000,26.7500,0.0000,0.0000,0.0000,0.0000,0.0000,0.0000,0.0000,0.0000,0.0000,0.0000,8.5100,3.2400,23.5700,0.0000,0.0000
9,71IS2025/07/08,0.0000,0.0000,0.0000,0.0000,0.0000,0.0000,0.0000,0.0000,130.1300,0.0000,33.0000,149.9999,0.0000,0.0000,0.0000,0.0000,86.7400,127.0200,169.0700,0.0000,269.9999,0.0000,0.0000,100.1300,100.2000,270.5100,0.0000,0.0000,0.0000,0.0000,0.0000,0.0000,144.6700,0.0000,0.0000,18.4400,94.5600,120.4800,125.8400,330.0000,142.1400,16.3800,35.2100,21.7100,43.8000,142.6300,0.0000,0.0000,0.0000,0.0000,8.2900,53.4000,39.0100,0.0000,0.0000,20.3600,0.0000,0.0000,5.4800,62.9100,18.9100,0.0000,0.0000,0.0000,25.4800,21.0000,40.5400,45.3100,32.6500,40.8500,53.2600,18.5800,82.1500,12.5600,12.5400,3.1000,0.0000,0.0000,0.0000,0.0000,0.9200,10.4800,43.0200,0.0000,0.0000,5.1300,9.9700,0.0000,0.0000,0.0000,43.0100,14.3300,14.3300,0.0000,0.0000,0.0000,0.0000,0.0000,13.1100,0.0000,0.0000,5.3400,6.7800,0.0000,6.3300,15.0000,26.7500,0.0000,0.0000,0.0000,0.0000,0.0000,0.0000,0.0000,0.0000,0.0000,0.0000,8.5100,3.2400,23.5700,0.0000,0.0000
10,71IS2025/07/08,0.0000,0.0000,0.0000,0.0000,0.0000,0.0000,0.0000,0.0000,130.1300,0.0000,33.0000,149.9999,0.0000,0.0000,0.0000,0.0000,86.7400,127.0200,169.0700,0.0000,269.9999,0.0000,0.0000,98.7000,100.2000,270.5100,0.0000,0.0000,0.0000,0.0000,0.0000,0.0000,106.0900,0.0000,0.0000,18.4400,94.5600,120.4800,125.8400,330.0000,142.1400,16.3800,34.9600,21.5400,43.8000,142.6300,0.0000,0.0000,0.0000,0.0000,8.2900,53.4000,39.0100,0.0000,0.0000,20.3600,0.0000,0.0000,5.4800,62.9100,18.9100,0.0000,0.0000,0.0000,25.4800,21.0000,40.5400,45.3100,32.6500,40.8500,53.2600,18.5800,82.1500,12.5600,12.5400,3.1000,0.0000,0.0000,0.0000,0.0000,0.9200,10.4800,43.0200,0.0000,0.0000,5.1300,9.9700,0.0000,0.0000,0.0000,43.9900,14.6700,14.6700,0.0000,0.0000,0.0000,0.0000,0.0000,13.0900,0.0000,0.0000,5.3400,6.7800,0.0000,6.3300,12.5000,26.2500,0.0000,0.0000,0.0000,0.0000,0.0000,0.0000,0.0000,0.0000,0.0000,0.0000,8.5100,3.2400,23.5700,0.0000,0.0000
11,71IS2025/07/08,0.0000,0.0000,0.0000,0.0000,0.0000,0.0000,0.0000,0.0000,130.1300,0.0000,33.0000,149.9999,0.0000,0.0000,0.0000,0.0000,86.7400,127.0200,169.0700,0.0000,269.9999,0.0000,0.0000,97.9400,100.2000,270.5100,0.0000,0.0000,0.0000,0.0000,0.0000,0.0000,109.0900,0.0000,0.0000,18.4400,94.5600,120.4800,125.8400,330.0000,142.1400,16.3800,34.9600,21.5400,43.8000,142.6300,0.0000,0.0000,0.0000,0.0000,8.2900,53.4000,39.0100,0.0000,0.0000,20.3600,0.0000,0.0000,5.4800,62.9100,18.9100,0.0000,0.0000,0.0000,25.4800,21.0000,40.5400,45.3100,32.6500,40.8500,53.2600,18.5800,82.1500,12.5600,12.5400,3.1000,0.0000,0.0000,0.0000,0.0000,0.9200,10.4800,43.0200,0.0000,0.0000,5.1300,9.9700,0.0000,0.0000,0.0000,45.4900,15.1700,15.1700,0.0000,0.0000,0.0000,0.0000,0.0000,13.0600,0.0000,0.0000,5.3400,6.7800,0.0000,6.3300,15.0000,26.2500,0.0000,0.0000,0.0000,0.0000,0.0000,0.0000,0.0000,0.0000,0.0000,0.0000,8.5100,3.2400,23.5700,0.0000,0.0000
12,71IS2025/07/08,0.0000,0.0000,0.0000,0.0000,0.0000,0.0000,0.0000,0.0000,130.1300,0.0000,33.0000,149.9999,0.0000,0.0000,0.0000,0.0000,86.7400,127.0200,169.0700,0.0000,269.9999,0.0000,0.0000,115.3800,100.2000,270.5100,0.0000,0.0000,0.0000,0.0000,0.0000,0.0000,166.7900,0.0000,0.0000,18.4400,94.5600,120.4800,125.8400,330.0000,142.1400,16.3800,34.9600,21.5400,43.8000,142.6300,0.0000,0.0000,0.0000,0.0000,8.2900,53.4000,39.0100,0.0000,0.0000,20.3600,0.0000,0.0000,5.4800,62.9100,18.9100,0.0000,0.0000,0.0000,25.4800,21.0000,40.5400,45.3100,32.6500,40.8500,53.2600,18.5800,82.1500,12.5600,12.5400,3.1000,0.0000,0.0000,0.0000,0.0000,0.9200,10.4800,43.0200,0.0000,0.0000,5.1300,9.9700,0.0000,0.0000,0.0000,46.0100,15.3300,15.3300,0.0000,0.0000,0.0000,0.0000,0.0000,13.0300,0.0000,0.0000,5.3400,6.7800,0.0000,6.3300,20.0000,26.2500,0.0000,0.0000,0.0000,0.0000,0.0000,0.0000,0.0000,0.0000,0.0000,0.0000,8.5100,3.2400,23.5700,0.0000,0.0000
13,71IS2025/07/08,0.0000,0.0000,0.0000,0.0000,0.0000,0.0000,0.0000,0.0000,130.1300,0.0000,33.9999,149.9999,0.0000,0.0000,0.0000,0.0000,86.7400,127.0200,169.0700,0.0000,269.9999,0.0000,0.0000,115.3800,100.2000,270.5100,0.0000,0.0000,0.0000,0.0000,0.0000,0.0000,289.4300,0.0000,0.0000,18.4400,94.5600,120.4800,125.8400,330.0000,142.1400,20.8000,43.2700,26.6300,43.8000,142.6300,0.0000,0.0000,0.0000,0.0000,8.2900,53.4000,39.0100,0.0000,0.0000,20.3600,0.0000,0.0000,5.4800,62.9100,18.9100,0.0000,0.0000,0.0000,25.4800,21.0000,40.5400,45.3100,32.6500,40.8500,53.2600,18.5800,78.7900,11.4600,12.5400,3.1000,0.0000,0.0000,0.0000,0.0000,0.9200,10.4800,43.0200,0.0000,0.0000,3.7300,9.9700,0.0000,0.0000,0.0000,34.5000,11.5000,11.5000,0.0000,0.0000,0.0000,0.0000,0.0000,13.4600,0.0000,0.0000,5.3400,6.7800,0.0000,6.3300,24.0000,26.2500,0.0000,0.0000,0.0000,0.0000,0.0000,0.0000,0.0000,0.0000,0.0000,0.0000,8.5100,3.2400,23.5700,0.0000,0.0000
14,71IS2025/07/08,0.0000,0.0000,0.0000,0.0000,0.0000,0.0000,0.0000,0.0000,130.1300,0.0000,33.9999,149.9999,0.0000,0.0000,0.0000,0.0000,86.7400,127.0200,169.0700,0.0000,269.9999,0.0000,0.0000,115.3800,100.2000,270.5100,0.0000,0.0000,0.0000,0.0000,0.0000,0.0000,243.7700,0.0000,0.0000,18.4400,94.5600,120.4800,125.8400,330.0000,142.1400,20.8000,43.2700,26.6300,43.8000,142.6300,0.0000,0.0000,0.0000,0.0000,8.2900,53.4000,39.0100,0.0000,0.0000,20.3600,0.0000,0.0000,5.4800,62.9100,18.9100,0.0000,0.0000,0.0000,25.4800,21.0000,40.5400,45.3100,32.6500,40.8500,53.2600,18.5800,78.7900,11.4600,12.5400,3.1000,0.0000,0.0000,0.0000,0.0000,0.9200,10.4800,43.0200,0.0000,0.0000,3.7300,9.9700,0.0000,0.0000,0.0000,34.9900,11.6700,11.6700,0.0000,0.0000,0.0000,0.0000,0.0000,14.1000,0.0000,0.0000,5.3400,6.7800,0.0000,6.3300,24.0000,26.2500,0.0000,0.0000,0.0000,0.0000,0.0000,0.0000,0.0000,0.0000,0.0000,0.0000,8.5100,3.2400,23.5700,0.0000,0.0000
15,71IS2025/07/08,0.0000,0.0000,0.0000,0.0000,0.0000,0.0000,0.0000,0.0000,130.1300,0.0000,33.9999,149.9999,0.0000,0.0000,0.0000,0.0000,86.7400,127.0200,169.0700,0.0000,269.9999,0.0000,0.0000,115.3800,100.2000,270.5100,0.0000,0.0000,0.0000,0.0000,0.0000,0.0000,224.5300,0.0000,0.0000,18.4400,94.5600,120.4800,125.8400,330.0000,142.1400,20.8000,43.2700,26.6300,43.8000,142.6300,0.0000,0.0000,0.0000,0.0000,8.2900,53.4000,39.0100,0.0000,0.0000,20.3600,0.0000,0.0000,5.4800,62.9100,18.9100,0.0000,0.0000,0.0000,25.4800,21.0000,40.5400,45.3100,32.6500,40.8500,53.2600,21.4500,78.7900,11.4600,12.5400,3.1000,0.0000,0.0000,0.0000,0.0000,0.9200,10.4800,43.0200,0.0000,0.0000,3.7300,9.9700,0.0000,0.0000,0.0000,37.0100,12.3300,12.3300,0.0000,0.0000,0.0000,0.0000,0.0000,11.6300,0.0000,0.0000,5.3400,6.7800,0.0000,6.3300,18.0000,26.2500,0.0000,0.0000,0.0000,0.0000,0.0000,0.0000,0.0000,0.0000,0.0000,0.0000,8.5100,3.2400,23.5700,0.0000,0.0000
16,71IS2025/07/08,0.0000,0.0000,0.0000,0.0000,0.0000,0.0000,0.0000,0.0000,130.1300,0.0000,33.9999,149.9999,0.0000,0.0000,0.0000,0.0000,86.7400,127.0200,169.0700,0.0000,269.9999,0.0000,0.0000,92.5600,100.2000,270.5100,0.0000,0.0000,0.0000,0.0000,0.0000,0.0000,224.5300,0.0000,0.0000,18.4400,94.5600,120.4800,125.8400,330.0000,142.1400,20.8000,43.2700,26.6300,43.8000,142.6300,0.0000,0.0000,0.0000,0.0000,8.2900,53.4000,39.0100,0.0000,0.0000,20.3600,0.0000,0.0000,5.4800,62.9100,18.9100,0.0000,0.0000,0.0000,25.4800,21.0000,40.5400,45.3100,32.6500,40.8500,53.2600,21.4500,78.7900,11.4600,12.5400,3.1000,0.0000,0.0000,0.0000,0.0000,0.9200,10.4800,43.0200,0.0000,0.0000,3.7300,9.9700,0.0000,0.0000,0.0000,39.0000,13.0000,13.0000,0.0000,0.0000,0.0000,0.0000,0.0000,12.3200,0.0000,0.0000,5.3400,6.7800,0.0000,6.3300,12.0000,26.2500,0.0000,0.0000,0.0000,0.0000,0.0000,0.0000,0.0000,0.0000,0.0000,0.0000,8.5100,3.2400,23.5700,0.0000,0.0000
17,71IS2025/07/08,0.0000,0.0000,0.0000,0.0000,0.0000,0.0000,0.0000,0.0000,130.1300,0.0000,33.9999,149.9999,0.0000,0.0000,0.0000,0.0000,86.7400,127.0200,169.0700,0.0000,269.9999,0.0000,0.0000,101.9200,100.2000,270.5100,0.0000,0.0000,0.0000,0.0000,0.0000,0.0000,224.5300,0.0000,0.0000,18.4400,94.5600,120.4800,125.8400,330.0000,142.1400,20.8000,43.2700,26.6300,43.8000,142.6300,0.0000,0.0000,0.0000,0.0000,8.2900,53.4000,39.0100,0.0000,0.0000,20.3600,0.0000,0.0000,5.4800,62.9100,18.9100,0.0000,0.0000,0.0000,25.4800,21.0000,40.5400,45.3100,32.6500,40.8500,53.2600,21.4500,78.7900,11.4600,12.5400,3.1000,0.0000,0.0000,0.0000,0.0000,0.9200,10.4800,40.0200,0.0000,0.0000,3.7300,9.9700,0.0000,0.0000,0.0000,39.0000,13.0000,13.0000,0.0000,0.0000,0.0000,0.0000,0.0000,12.7400,0.0000,0.0000,5.3400,6.7800,0.0000,6.3300,12.0000,26.2500,0.0000,0.0000,0.0000,0.0000,0.0000,0.0000,0.0000,0.0000,0.0000,0.0000,8.5100,3.2400,23.5700,0.0000,0.0000
18,71IS2025/07/08,0.0000,0.0000,0.0000,0.0000,0.0000,0.0000,0.0000,0.0000,130.1300,0.0000,33.9999,149.9999,0.0000,0.0000,0.0000,0.0000,86.7400,127.0200,169.0700,0.0000,269.9999,0.0000,0.0000,115.3800,100.2000,270.5100,0.0000,0.0000,0.0000,0.0000,0.0000,0.0000,224.5300,0.0000,0.0000,18.4400,94.5600,120.4800,125.8400,330.0000,142.1400,20.8000,43.2700,26.6300,43.8000,142.6300,0.0000,0.0000,0.0000,0.0000,8.2900,53.4000,39.0100,0.0000,0.0000,20.3600,0.0000,0.0000,5.4800,62.9100,18.9100,0.0000,0.0000,0.0000,25.4800,21.0000,40.5400,45.3100,32.6500,40.8500,53.2600,21.4500,78.7900,11.4600,12.5400,3.1000,0.0000,0.0000,0.0000,0.0000,0.9200,10.4800,40.0200,0.0000,0.0000,3.7300,9.9700,0.0000,0.0000,0.0000,40.5000,13.5000,13.5000,0.0000,0.0000,0.0000,0.0000,0.0000,13.0200,0.0000,0.0000,5.3400,6.7800,0.0000,6.3300,12.0000,26.2500,0.0000,0.0000,0.0000,0.0000,0.0000,0.0000,0.0000,0.0000,0.0000,0.0000,8.5100,3.2400,23.5700,0.0000,0.0000
19,71IS2025/07/08,0.0000,0.0000,0.0000,0.0000,0.0000,0.0000,0.0000,0.0000,130.1300,0.0000,33.9999,149.9999,0.0000,0.0000,0.0000,0.0000,86.7400,127.0200,169.0700,0.0000,269.9999,0.0000,0.0000,102.3100,100.2000,270.5100,0.0000,0.0000,0.0000,0.0000,0.0000,0.0000,224.5300,0.0000,0.0000,18.4400,94.5600,120.4800,125.8400,330.0000,142.1400,20.8000,43.2700,26.6300,41.4500,142.6300,0.0000,0.0000,0.0000,0.0000,8.2900,53.4000,39.0100,0.0000,0.0000,20.3600,0.0000,0.0000,5.4800,62.9100,17.3300,0.0000,0.0000,0.0000,25.4800,21.0000,40.5400,45.3100,32.6500,40.8500,53.2600,21.4500,78.7900,11.4600,12.5400,3.1000,0.0000,0.0000,0.0000,0.0000,0.9200,10.4800,36.0100,0.0000,0.0000,3.7300,9.9700,0.0000,0.0000,0.0000,40.9900,13.6700,13.6700,0.0000,0.0000,0.0000,0.0000,0.0000,13.2600,0.0000,0.0000,5.3400,6.7800,0.0000,6.3300,12.0000,26.2500,0.0000,0.0000,0.0000,0.0000,0.0000,0.0000,0.0000,0.0000,0.0000,0.0000,8.5100,3.2400,23.5700,0.0000,0.0000
20,71IS2025/07/08,0.0000,0.0000,0.0000,0.0000,0.0000,0.0000,0.0000,0.0000,130.1300,0.0000,33.9999,149.9999,0.0000,0.0000,0.0000,0.0000,86.7400,127.0200,169.0700,0.0000,269.9999,0.0000,0.0000,79.4700,100.2000,270.5100,0.0000,0.0000,0.0000,0.0000,0.0000,0.0000,195.6800,0.0000,0.0000,18.4400,94.5600,120.4800,125.8400,330.0000,142.1400,20.8000,43.2700,26.6300,41.4500,142.6300,0.0000,0.0000,0.0000,0.0000,8.2900,53.4000,39.0100,0.0000,0.0000,20.3600,0.0000,0.0000,5.4800,62.9100,17.1700,0.0000,0.0000,0.0000,25.4800,21.0000,40.5400,45.3100,32.6500,40.8500,53.2600,21.4500,78.7900,11.4600,12.5400,3.1000,0.0000,0.0000,0.0000,0.0000,0.9200,10.4800,35.6100,0.0000,0.0000,3.7300,9.9700,0.0000,0.0000,0.0000,42.0000,14.0000,14.0000,0.0000,0.0000,0.0000,0.0000,0.0000,13.4200,0.0000,0.0000,5.3400,6.7800,0.0000,6.3300,12.0000,26.2500,0.0000,0.0000,0.0000,0.0000,0.0000,0.0000,0.0000,0.0000,0.0000,0.0000,8.5100,3.2400,23.5700,0.0000,0.0000
21,71IS2025/07/08,0.0000,0.0000,0.0000,0.0000,0.0000,0.0000,0.0000,0.0000,130.1300,0.0000,33.9999,149.9999,0.0000,0.0000,0.0000,0.0000,86.7400,138.5600,169.0700,0.0000,269.9999,0.0000,0.0000,64.1500,100.2000,270.5100,0.0000,0.0000,0.0000,0.0000,0.0000,0.0000,180.3000,0.0000,0.0000,18.4400,94.5600,120.4800,125.8400,330.0000,142.1400,20.8000,43.2700,26.4700,41.4500,142.6300,0.0000,0.0000,0.0000,0.0000,8.2900,53.4000,39.0100,0.0000,0.0000,20.3600,0.0000,0.0000,5.4800,62.9100,16.7600,0.0000,0.0000,0.0000,25.4800,21.0000,40.5400,45.3100,32.6500,40.8500,53.2600,21.4500,78.7900,11.4600,12.5400,3.1000,0.0000,0.0000,0.0000,0.0000,0.9200,10.4800,35.2100,0.0000,0.0000,3.3600,9.8200,0.0000,0.0000,0.0000,32.5100,10.8300,10.8300,0.0000,0.0000,0.0000,0.0000,0.0000,10.0000,0.0000,0.0000,5.3400,6.7800,0.0000,6.3300,12.0000,26.2500,0.0000,0.0000,0.0000,0.0000,0.0000,0.0000,0.0000,0.0000,0.0000,0.0000,8.5100,3.2400,23.5700,0.0000,0.0000
22,71IS2025/07/08,0.0000,0.0000,0.0000,0.0000,0.0000,0.0000,0.0000,0.0000,130.1300,0.0000,33.9999,149.9999,0.0000,0.0000,0.0000,0.0000,86.7400,138.5600,169.0700,0.0000,269.9999,0.0000,0.0000,99.8500,100.2000,270.5100,0.0000,0.0000,0.0000,0.0000,0.0000,0.0000,141.8200,0.0000,0.0000,18.4400,94.5600,120.4800,125.8400,330.0000,142.1400,20.8000,43.2700,26.6300,41.4500,142.6300,0.0000,0.0000,0.0000,0.0000,8.2900,53.4000,39.0100,0.0000,0.0000,20.3600,0.0000,0.0000,5.4800,62.9100,16.4900,0.0000,0.0000,0.0000,25.4800,21.0000,40.5400,45.3100,32.6500,40.8500,53.2600,21.4500,78.7900,11.4600,12.5400,3.1000,0.0000,0.0000,0.0000,0.0000,0.9200,10.4800,35.4100,0.0000,0.0000,3.3600,9.8200,0.0000,0.0000,0.0000,33.0000,11.0000,11.0000,0.0000,0.0000,0.0000,0.0000,0.0000,10.0000,0.0000,0.0000,5.3400,6.7800,0.0000,6.3300,12.0000,26.2500,0.0000,0.0000,0.0000,0.0000,0.0000,0.0000,0.0000,0.0000,0.0000,0.0000,8.5100,3.2400,23.5700,0.0000,0.0000
23,71IS2025/07/08,0.0000,0.0000,0.0000,0.0000,0.0000,0.0000,0.0000,0.0000,130.1300,0.0000,33.9999,149.9999,0.0000,0.0000,0.0000,0.0000,86.7400,138.5600,169.0700,0.0000,269.9999,0.0000,0.0000,99.3400,100.2000,270.5100,0.0000,0.0000,0.0000,0.0000,0.0000,0.0000,122.5800,0.0000,0.0000,18.4400,94.5600,120.4800,125.8400,330.0000,142.1400,20.8000,43.2700,26.6300,41.4500,142.6300,0.0000,0.0000,0.0000,0.0000,8.2900,53.4000,29.2800,0.0000,0.0000,20.3600,0.0000,0.0000,5.4800,62.9100,16.2000,0.0000,0.0000,0.0000,25.4800,21.0000,40.5400,45.3100,32.6500,40.8500,53.2600,21.4500,78.7900,11.4600,12.5400,3.1000,0.0000,0.0000,0.0000,0.0000,0.9200,10.4800,39.0100,0.0000,0.0000,3.3600,9.8200,0.0000,0.0000,0.0000,28.4800,9.4900,9.4900,0.0000,0.0000,0.0000,0.0000,0.0000,4.0000,0.0000,0.0000,5.3400,6.7800,0.0000,6.3300,12.0000,26.2500,0.0000,0.0000,0.0000,0.0000,0.0000,0.0000,0.0000,0.0000,0.0000,0.0000,8.5100,3.2400,23.5700,0.0000,0.0000
24,71IS2025/07/08,0.0000,0.0000,0.0000,0.0000,0.0000,0.0000,0.0000,0.0000,130.1300,0.0000,33.9999,149.9999,0.0000,0.0000,0.0000,0.0000,86.7400,138.5600,169.0700,0.0000,269.9999,0.0000,0.0000,98.9800,100.2000,270.5100,0.0000,0.0000,0.0000,0.0000,0.0000,0.0000,95.6600,0.0000,0.0000,18.4400,94.5600,120.4800,125.8400,330.0000,142.1400,20.8000,43.2700,26.6300,41.4500,142.6300,0.0000,0.0000,0.0000,0.0000,8.2900,53.4000,29.2800,0.0000,0.0000,20.3600,0.0000,0.0000,5.4800,62.9100,16.0600,0.0000,0.0000,0.0000,25.4800,21.0000,40.5400,45.3100,32.6500,40.8500,53.2600,21.4500,78.7900,11.4600,12.5400,3.1000,0.0000,0.0000,0.0000,0.0000,0.9200,10.4800,39.0100,0.0000,0.8300,3.3600,9.8200,0.0000,0.0000,0.0000,28.9100,9.6300,9.6300,0.9300,0.1900,0.0000,0.0000,0.0000,4.3300,0.0000,0.0000,5.3400,6.7800,0.0000,6.3300,12.0000,26.2500,1.0000,0.0000,0.0000,0.0000,0.0000,0.0000,0.0000,0.0000,0.0000,0.0000,8.5100,3.2400,23.5700,0.0000,0.0000
25,71IS2025/07/08,0.0000,0.0000,0.0000,0.0000,0.0000,0.0000,0.0000,0.0000,100.2100,0.0000,33.9999,149.9999,0.0000,0.0000,0.0000,0.0000,68.8500,134.7200,169.0700,0.0000,269.9999,0.0000,0.0000,97.9000,100.2000,270.5100,0.0000,0.0000,0.0000,0.0000,0.0000,0.0000,95.6600,0.0000,0.0000,15.5300,94.5600,120.4800,125.8400,330.0000,142.1400,18.7600,37.4500,22.9500,34.1700,113.6500,0.0000,0.0000,0.0000,0.0000,8.2900,53.4000,29.2800,0.0000,0.0000,20.3600,0.0000,0.0000,5.4800,62.9100,15.9800,0.0000,0.0000,0.0000,50.3600,21.0000,40.5400,45.3100,32.6500,40.8500,53.2600,21.4500,78.7900,11.4600,12.5400,2.7000,0.0000,0.0000,0.0000,0.0000,0.9200,10.4800,40.0200,0.0000,2.4000,3.3600,9.8200,0.0000,0.0000,0.0000,25.0900,8.3700,8.3700,3.7800,0.7600,1.0000,1.0000,0.0000,4.6700,0.0000,0.0000,4.1800,6.7800,0.0000,6.3300,12.0000,26.2500,1.0000,0.0000,0.0000,1.0000,0.0000,0.0000,0.0000,0.0000,0.0000,0.0000,6.5300,3.2400,23.5700,0.0000,0.0000
26,71IS2025/07/08,0.0000,0.0000,0.0000,0.0000,0.0000,0.0000,0.0000,0.0000,100.2100,0.0000,33.9999,149.9999,0.0000,0.0000,0.0000,0.0000,68.8500,134.7200,169.0700,0.0000,269.9999,0.0000,0.0000,97.9500,100.2000,270.5100,0.0000,0.0000,0.0000,0.0000,0.0000,0.0000,95.6600,0.0000,0.0000,15.5300,94.5600,120.4800,125.8400,330.0000,142.1400,15.9800,33.8100,20.6600,34.1700,113.6500,0.0000,0.0000,0.0000,0.0000,8.2900,53.4000,19.5100,0.0000,0.0000,20.3600,0.0000,0.0000,5.4800,62.9100,15.9800,0.0000,0.0000,0.0000,50.3600,37.4800,40.5400,45.3100,32.6500,40.8500,53.2600,21.4500,78.7900,11.4600,12.5400,2.2200,0.0000,0.0000,0.0000,0.0000,0.9200,10.4800,40.0200,0.0000,4.9600,3.3600,9.8200,0.0000,0.0000,0.0000,25.0900,8.3700,8.3700,6.6200,1.3300,2.0000,2.0000,0.0000,4.6700,0.0000,0.0000,4.1800,6.7800,0.0000,6.3300,12.0000,26.2500,3.0000,0.0000,1.0000,2.0000,0.0000,0.0000,0.0000,0.0000,0.0000,0.0000,6.5300,3.2400,23.5700,0.0000,0.0000
27,71IS2025/07/08,0.0000,0.0000,0.0000,0.0000,0.0000,0.0000,0.0000,0.0000,100.2100,0.0000,33.9999,149.9999,0.0000,0.0000,0.0000,0.0000,68.8500,134.7200,169.0700,0.0000,269.9999,0.0000,0.0000,97.8900,100.2000,270.5100,0.0000,0.0000,0.0000,0.0000,0.0000,0.0000,95.6600,0.0000,0.0000,18.4400,94.5600,120.4800,125.8400,330.0000,142.1400,15.9800,33.8100,20.6600,41.4500,142.6300,0.0000,0.0000,0.0000,0.0000,8.2900,53.4000,9.7500,0.0000,0.0000,20.3600,0.0000,0.0000,5.4800,62.9100,17.9900,0.0000,0.0000,0.0000,50.3600,37.4800,40.5400,45.3100,32.6500,40.8500,53.2600,21.4500,78.7900,11.4600,12.5400,2.2200,0.0000,0.0000,0.0000,0.0000,0.9200,10.4800,40.0200,0.0000,9.0600,3.7300,9.8200,0.0000,0.0000,0.0000,25.0900,8.3700,8.3700,9.4700,1.9000,3.0000,3.0000,0.0000,2.3300,0.0000,0.0000,5.3400,6.7800,0.0000,6.3300,11.3000,26.2500,5.0000,0.0000,2.0000,3.0000,0.0000,1.1500,1.4800,1.4800,0.0000,0.0000,6.5300,3.2400,23.5700,0.0000,0.0000
28,71IS2025/07/08,0.0000,0.0000,0.0000,0.0000,0.0000,0.0000,0.0000,0.0000,100.2100,0.0000,33.9999,149.9999,0.0000,0.0000,0.0000,0.0000,68.8500,124.5700,169.0700,0.0000,269.9999,0.0000,0.0000,70.1300,100.2000,270.5100,0.0000,0.0000,0.0000,0.0000,0.0000,0.0000,95.6500,0.0000,0.0000,18.4400,94.5600,120.4800,125.8400,330.0000,142.1400,11.8600,23.8000,14.6500,41.4500,142.6300,0.0000,0.0000,0.0000,0.0000,8.2900,53.4000,9.7500,0.0000,0.0000,20.3600,0.0000,0.0000,5.4800,62.9100,17.9900,0.0000,0.0000,0.0000,50.3600,37.4800,40.5400,45.3100,32.6500,40.8500,53.2600,21.4500,78.7900,11.4600,12.5400,2.2200,0.0000,0.0000,0.0000,0.0000,0.9200,10.4800,40.0200,0.0000,13.6500,3.7300,9.8200,0.0000,0.0000,0.0000,25.0900,8.3700,8.3700,25.2800,5.0600,6.0000,4.0000,0.0000,2.3300,0.0000,0.0000,5.3400,6.7800,0.0000,6.3300,11.3000,26.2500,7.0000,0.0000,3.0000,7.0000,0.0000,1.5300,1.9900,1.9900,0.0000,0.0000,6.5300,3.2400,23.5700,0.0000,0.0000
29,71IS2025/07/08,0.0000,0.0000,0.0000,0.0000,0.0000,0.0000,0.0000,0.0000,100.2100,0.0000,33.0000,149.9999,0.0000,0.0000,0.0000,0.0000,68.8500,124.5700,169.0700,0.0000,269.9999,0.0000,0.0000,70.1300,100.2000,270.5100,0.0000,0.0000,0.0000,0.0000,0.0000,0.0000,50.3100,0.0000,0.0000,17.2300,94.5600,120.4800,125.8400,330.0000,142.1400,11.8500,26.2600,15.5900,32.8600,113.6500,0.0000,0.0000,0.0000,0.0000,8.2900,53.4000,9.7500,0.0000,0.0000,20.3600,0.0000,0.0000,5.4800,62.9100,18.2600,0.0000,0.0000,0.0000,25.4800,37.4800,40.5400,45.3100,32.6500,40.8500,53.2600,21.4500,78.7900,11.4600,18.8100,2.2200,0.0000,0.0000,0.0000,0.0000,0.9200,10.4800,38.0200,0.0000,19.1800,3.7300,9.8200,0.0000,0.0000,0.0000,25.0900,8.3700,8.3700,35.7100,7.1400,11.0000,5.0000,0.0000,2.5000,0.0000,0.0000,4.1800,6.7800,0.0000,6.3300,11.3000,26.2500,9.0000,0.0000,7.0000,13.0000,0.0000,2.1700,2.8100,2.8100,0.0000,0.0000,6.5300,3.2400,23.5700,0.0000,0.0000
30,71IS2025/07/08,0.0000,0.0000,0.0000,0.0000,0.0000,0.0000,0.0000,0.0000,72.4600,0.0000,33.0000,149.9999,0.0000,0.0000,0.0000,0.0000,48.9700,124.5700,169.0700,0.0000,269.9999,0.0000,0.0000,70.1300,100.2000,270.5100,0.0000,0.0000,0.0000,0.0000,0.0000,0.0000,50.3100,0.0000,0.0000,14.2800,94.5600,120.4800,125.8400,330.0000,142.1400,11.8600,23.8000,14.6500,29.7100,113.6500,0.0000,0.0000,0.0000,0.0000,8.2900,53.4000,9.7500,0.0000,0.0000,20.3600,0.0000,0.0000,5.4800,62.9100,19.3300,0.0000,0.0000,0.0000,25.4800,21.0000,40.5400,45.3100,32.6500,40.8500,53.2600,21.4500,78.7900,11.4600,18.8100,2.2200,0.0000,0.0000,0.0000,0.0000,0.9200,10.4800,38.0200,0.0000,25.1600,3.7300,9.8200,0.0000,0.0000,0.0000,25.0900,8.3700,8.3700,45.8100,9.1600,14.0000,6.0000,0.0000,2.6700,0.0000,0.0000,4.1800,6.7800,0.0000,6.3300,11.3000,26.2500,12.0000,0.0000,8.0000,17.0000,0.0000,2.8000,3.6200,3.6200,0.0000,0.0000,6.5300,3.2400,23.5700,0.0000,0.0000
31,71IS2025/07/08,0.0000,0.0000,0.0000,0.0000,0.0000,0.0000,0.0000,0.0000,72.4600,0.0000,33.0000,149.9999,0.0000,0.0000,0.0000,0.0000,38.4700,124.5700,169.0700,0.0000,269.9999,0.0000,0.0000,70.1300,100.2000,270.5100,0.0000,0.0000,0.0000,0.0000,0.0000,0.0000,50.3100,0.0000,0.0000,11.0100,94.5600,120.4800,125.8400,330.0000,142.1400,11.8600,23.8000,16.4400,29.8400,113.6500,0.0000,0.0000,0.0000,0.0000,8.2900,53.4000,9.7500,0.0000,0.0000,20.3600,0.0000,0.0000,5.4800,62.9100,21.4500,0.0000,0.0000,0.0000,25.4800,21.0000,40.5500,45.3100,32.6500,40.8500,53.2600,21.4500,78.7900,11.4600,18.8100,2.2200,0.0000,0.0000,0.0000,0.0000,0.9200,10.4800,31.0100,0.0000,30.3600,3.7300,9.8200,0.0000,0.0000,0.0000,22.5000,7.5000,7.5000,56.3000,11.2600,18.0000,8.0000,0.0000,1.6700,0.0000,0.0000,4.1800,6.7800,0.0000,6.3300,11.3000,26.2500,15.0000,0.0000,12.0000,23.0000,0.0000,3.4300,4.4300,4.4300,0.0000,0.0000,6.5300,3.2400,23.5700,0.0000,0.0000
32,71IS2025/07/08,0.0000,0.0000,0.0000,0.0000,0.0000,0.0000,0.0000,0.0000,72.4600,0.0000,33.0000,149.9999,0.0000,0.0000,0.0000,0.0000,38.4700,124.5700,169.0700,0.0000,269.9999,0.0000,0.0000,70.1300,100.2000,270.5100,0.0000,0.0000,0.0000,0.0000,0.0000,0.0000,50.3100,0.0000,0.0000,10.7000,94.5600,120.4800,125.8400,330.0000,142.1400,11.8600,23.8000,16.4400,29.8400,113.6500,0.0000,0.0000,0.0000,0.0000,8.2900,53.4000,9.7500,0.0000,0.0000,20.3600,0.0000,0.0000,5.4800,62.9100,21.4500,0.0000,0.0000,0.0000,25.4800,21.0000,40.5500,45.3100,32.6500,40.8500,53.2600,21.4500,78.7900,11.4600,18.8100,2.2200,0.0000,0.0000,0.0000,0.0000,0.9200,10.4800,31.2100,0.0000,35.2400,3.7300,9.8200,0.0000,0.0000,0.0000,22.5000,7.5000,7.5000,67.0500,13.4100,23.0000,12.0000,0.0000,1.6700,0.0000,0.0000,4.1800,6.7800,0.0000,6.3300,11.3000,26.2500,19.0000,0.0000,15.0000,30.0000,0.0000,4.0600,5.2500,5.2500,0.0000,0.0000,6.5300,3.2400,23.5700,0.0000,0.0000
33,71IS2025/07/08,0.0000,0.0000,0.0000,0.0000,0.0000,0.0000,0.0000,0.0000,54.8200,0.0000,33.0000,149.9999,0.0000,0.0000,0.0000,0.0000,38.4700,124.5700,169.0700,0.0000,269.9999,0.0000,0.0000,70.1300,71.3500,270.5100,0.0000,0.0000,0.0000,0.0000,0.0000,0.0000,50.4500,0.0000,0.0000,13.4000,94.5600,120.4800,125.8400,332.4800,142.1400,13.0500,23.8000,16.4400,37.7500,142.6300,0.0000,0.0000,0.0000,0.0000,8.2900,53.4000,9.7500,0.0000,0.0000,20.3600,0.0000,0.0000,5.4800,62.9100,21.5800,0.0000,0.0000,0.0000,25.4800,21.0000,40.5500,45.3100,32.6500,40.8500,53.2600,21.4500,78.7900,11.4600,18.8100,2.2200,0.0000,0.0000,0.0000,0.0000,0.9200,10.4800,31.6100,0.0000,40.6700,3.7300,9.8200,0.0000,0.0000,0.0000,22.5000,7.5000,7.5000,79.0400,15.8100,25.0000,16.0000,0.0000,1.6700,0.0000,0.0000,5.3400,6.7800,0.0000,6.3300,11.3000,28.7700,24.0000,0.0000,14.0000,29.0000,0.0000,4.8600,6.2800,6.2800,0.0000,0.0000,6.5300,3.2400,23.5700,0.0000,0.0000
34,71IS2025/07/08,0.0000,0.0000,0.0000,0.0000,0.0000,0.0000,0.0000,0.0000,54.8200,0.0000,33.0000,152.0000,0.0000,0.0000,0.0000,0.0000,38.4700,124.5700,169.0700,0.0000,269.9999,0.0000,0.0000,70.1300,52.9000,270.5100,0.0000,0.0000,0.0000,0.0000,0.0000,0.0000,50.4500,0.0000,0.0000,13.4000,94.5600,120.4800,125.8400,332.7300,142.1400,13.0500,23.8000,16.4400,37.7500,142.6300,0.0000,0.0000,0.0000,0.0000,8.2900,53.4000,9.7500,0.0000,0.0000,20.3600,0.0000,0.0000,5.4800,62.9100,21.5800,0.0000,0.0000,0.0000,25.4800,37.4800,40.5500,45.3100,32.6500,40.8500,53.2600,21.4500,78.7900,11.4600,18.8100,2.2200,0.0000,0.0000,0.0000,0.0000,0.9200,10.4800,33.0100,0.0000,45.4700,3.7300,9.8200,0.0000,0.0000,0.0000,22.5000,7.5000,7.5000,91.7700,18.3600,28.0000,19.0000,0.0000,2.3300,0.0000,0.0000,5.3400,6.7800,0.0000,6.3300,11.3000,28.7700,27.0000,0.0000,18.0000,35.0000,0.0000,5.6700,7.3400,7.3400,0.0000,0.0000,6.5300,3.2400,23.5700,0.0000,0.0000
35,71IS2025/07/08,0.0000,0.0000,0.0000,0.0000,0.0000,0.0000,0.0000,0.0000,54.8200,0.0000,33.0000,152.0000,0.0000,0.0000,0.0000,0.0000,38.4700,124.5700,169.0700,0.0000,269.9999,0.0000,0.0000,70.1300,52.9000,270.5100,0.0000,0.0000,0.0000,0.0000,0.0000,0.0000,50.4500,0.0000,0.0000,13.4000,94.5600,120.4800,125.8400,332.7300,142.1400,13.0500,23.8000,16.4400,32.3900,124.6700,0.0000,0.0000,0.0000,0.0000,8.2900,40.0500,9.7500,0.0000,0.0000,20.3600,0.0000,0.0000,5.4800,62.9100,22.9900,0.0000,0.0000,0.0000,50.3600,37.4800,40.5500,45.3100,32.6500,40.8500,53.2600,21.4500,78.7900,11.4600,18.8100,2.2200,0.0000,0.0000,0.0000,0.0000,0.9200,9.7700,33.6100,0.0000,51.4800,3.7300,9.8200,0.0000,0.0000,0.0000,19.9900,6.6700,6.6700,105.0700,21.0100,33.0000,22.0000,0.0000,3.0000,0.0000,0.0000,5.3400,6.7800,0.0000,8.5100,11.3000,27.7600,36.0000,0.0000,22.0000,43.0000,0.0000,6.5100,8.4200,8.4200,0.0000,0.0000,6.5300,3.2400,23.5700,0.0000,0.0000
36,71IS2025/07/08,0.0000,0.0000,0.0000,0.0000,0.0000,0.0000,0.0000,0.0000,54.8200,0.0000,33.0000,152.0000,0.0000,0.0000,0.0000,0.0000,38.4700,124.5700,169.0700,0.0000,269.9999,0.0000,0.0000,70.1300,52.9000,270.5100,0.0000,0.0000,0.0000,0.0000,0.0000,0.0000,50.4500,0.0000,0.0000,13.4000,94.5600,120.4800,125.8400,332.7300,142.1400,13.0500,23.8000,16.4400,32.8100,124.6700,0.0000,0.0000,0.0000,0.0000,8.2900,13.3500,9.7500,0.0000,0.0000,20.3600,0.0000,0.0000,5.4800,62.9100,22.9500,0.0000,0.0000,0.0000,50.3600,37.4800,40.5500,45.3100,32.6500,40.8500,53.2600,21.4500,78.7900,11.4600,18.8100,2.2200,0.0000,0.0000,0.0000,0.0000,0.9200,9.7700,35.0100,0.0000,57.5300,3.7300,9.8200,0.0000,0.0000,0.0000,19.9900,6.6700,6.6700,118.7000,23.7400,37.0000,25.0000,0.0000,3.6700,0.0000,0.0000,5.3400,6.7800,0.0000,8.5100,11.3000,27.7600,42.0000,0.0000,25.0000,50.0000,0.0000,7.3600,9.5200,9.5200,0.0000,0.0000,6.5300,3.2400,23.5700,0.0000,0.0000
37,71IS2025/07/08,0.0000,0.0000,0.0000,0.0000,0.0000,0.0000,0.0000,0.0000,54.8200,0.0000,32.0000,152.0000,0.0000,0.0000,0.0000,0.0000,38.4700,124.5700,169.0700,0.0000,269.9998,0.0000,0.0000,70.1300,52.9000,270.5100,0.0000,0.0000,0.0000,0.0000,0.0000,0.0000,50.4500,0.0000,0.0000,13.4000,94.5600,120.4800,125.8400,332.7300,142.1400,13.0500,23.8000,16.4400,37.7500,142.6300,0.0000,0.0000,0.0000,0.0000,8.2900,0.0000,9.7500,0.0000,0.0000,20.3600,0.0000,0.0000,5.4800,62.9100,21.8500,0.0000,0.0000,0.0000,50.3600,37.4800,40.5500,45.3100,32.6500,40.8500,53.2600,22.1600,78.7900,11.4600,12.5400,2.2200,0.0000,0.0000,0.0000,0.0000,0.9200,9.7700,37.0200,0.0000,63.5900,3.7300,9.5900,0.0000,0.0000,0.0000,19.9900,6.6700,6.6700,135.9900,27.2000,48.0000,27.0000,0.0000,4.3300,0.0000,0.0000,5.3400,6.7800,0.0000,8.5100,11.3000,28.2600,46.0000,0.0000,28.0000,57.0000,0.0000,8.1100,10.5000,10.5000,0.0000,0.0000,6.5300,3.2400,23.5700,0.0000,0.0000
38,71IS2025/07/08,0.0000,0.0000,0.0000,0.0000,0.0000,0.0000,0.0000,0.0000,54.8200,0.0000,32.0000,152.0000,0.0000,0.0000,0.0000,0.0000,38.4700,124.5700,169.0700,0.0000,269.9998,0.0000,0.0000,70.1300,52.9000,270.5100,0.0000,0.0000,0.0000,0.0000,0.0000,0.0000,50.4500,0.0000,0.0000,13.4000,94.5600,120.4800,125.8400,332.7300,142.1400,13.0500,23.8000,16.4400,37.7500,142.6300,0.0000,0.0000,0.0000,0.0000,8.2900,0.0000,9.7500,0.0000,0.0000,20.3600,0.0000,0.0000,5.4800,62.9100,21.8500,0.0000,0.0000,0.0000,25.4800,21.0000,40.5500,45.3100,32.6500,40.8500,53.2600,22.1600,78.7900,11.4600,12.5400,2.2200,0.0000,0.0000,0.0000,0.0000,0.9200,9.7700,37.6200,0.0000,69.3000,3.7300,9.5900,0.0000,0.0000,0.0000,19.9900,6.6700,6.6700,148.4300,29.6900,54.0000,30.0000,0.0000,5.1700,0.0000,0.0000,5.3400,6.7800,0.0000,8.5100,11.3000,28.2600,51.0000,0.0000,31.0000,61.0000,0.0000,8.7900,11.3700,11.3700,0.0000,0.0000,6.5300,3.2400,23.5700,0.0000,-90.8100
39,71IS2025/07/08,0.0000,0.0000,0.0000,0.0000,0.0000,0.0000,0.0000,0.0000,82.5600,0.0000,32.0000,152.0000,0.0000,0.0000,0.0000,0.0000,58.3500,124.5700,169.0700,0.0000,269.9998,0.0000,0.0000,70.1300,69.2500,270.5100,0.0000,0.0000,0.0000,0.0000,0.0000,0.0000,50.4500,0.0000,0.0000,15.9300,94.5600,120.4800,125.8400,332.7300,142.1400,13.0500,26.3400,16.4300,43.8000,142.6300,0.0000,0.0000,0.0000,0.0000,8.2900,0.0000,9.7500,0.0000,0.0000,20.3600,0.0000,0.0000,5.4800,62.9100,19.1700,0.0000,0.0000,0.0000,25.4800,16.4900,27.0300,45.3100,32.6500,40.8500,53.2600,22.1600,78.7900,11.4600,18.8100,2.2200,0.0000,0.0000,0.0000,0.0000,0.9200,9.7700,38.0200,0.0000,100.6600,3.7300,9.5900,0.0000,0.0000,0.0000,19.9900,6.6700,6.6700,162.9500,32.5900,61.0000,32.0000,0.0000,5.5000,0.0000,0.0000,5.3400,6.7800,0.0000,8.5100,11.3000,28.2600,57.0000,0.0000,33.0000,65.0000,0.0000,9.4300,12.2000,12.2000,0.0000,0.0000,6.5300,3.2400,23.5700,0.0000,-90.8100
40,71IS2025/07/08,0.0000,0.0000,0.0000,0.0000,0.0000,0.0000,0.0000,0.0000,82.5600,0.0000,32.0000,152.0000,0.0000,0.0000,0.0000,0.0000,58.3500,124.5700,169.0700,0.0000,269.9998,0.0000,0.0000,70.1300,100.2000,270.5100,0.0000,0.0000,0.0000,0.0000,0.0000,0.0000,50.4500,0.0000,0.0000,15.9300,94.5600,120.4800,125.8400,332.7300,142.1400,13.0500,26.3400,16.4300,43.8000,142.6300,0.0000,0.0000,0.0000,0.0000,8.2900,0.0000,9.7500,0.0000,0.0000,20.3600,0.0000,0.0000,5.4800,62.9100,19.1700,0.0000,0.0000,0.0000,25.4800,16.4900,27.0300,45.3100,32.6500,40.8500,53.2600,22.1600,78.7900,11.4600,18.8100,2.2200,0.0000,0.0000,0.0000,0.0000,0.9200,9.7700,38.0200,0.0000,104.7000,3.7300,9.5900,0.0000,0.0000,0.0000,19.9900,6.6700,6.6700,174.6000,34.9200,67.0000,34.0000,0.0000,5.8300,0.0000,0.0000,5.3400,6.7800,0.0000,8.5100,11.3000,28.2600,61.0000,0.0000,35.0000,71.0000,0.0000,10.0200,12.9700,12.9700,0.0000,0.0000,6.5300,3.2400,23.5700,0.0000,-90.8100
41,71IS2025/07/08,0.0000,0.0000,0.0000,0.0000,0.0000,0.0000,0.0000,0.0000,82.5600,0.0000,32.0000,152.0000,0.0000,0.0000,0.0000,0.0000,58.3500,124.5700,169.0700,0.0000,269.9998,0.0000,0.0000,115.3800,100.2000,270.5100,0.0000,0.0000,0.0000,0.0000,0.0000,0.0000,50.4500,0.0000,0.0000,16.2700,94.5600,120.4800,125.8400,332.7300,142.1400,13.0500,26.3400,16.4300,43.8000,142.6300,0.0000,0.0000,0.0000,0.0000,8.2900,0.0000,9.7500,0.0000,0.0000,20.3600,0.0000,0.0000,5.4800,62.9100,19.8800,0.0000,0.0000,0.0000,28.1400,16.4900,13.5000,45.3100,32.6500,40.8500,53.2600,21.4500,78.7900,9.4800,18.8100,2.2200,0.0000,0.0000,0.0000,0.0000,0.9200,9.7700,31.2100,0.0000,115.8500,3.5400,9.3600,0.0000,0.0000,0.0000,22.5000,7.5000,7.5000,186.5200,37.3100,75.0000,36.0000,0.0000,6.1700,0.0000,0.0000,5.3400,6.7800,0.0000,8.5100,11.3000,28.7700,64.0000,0.0000,38.0000,75.0000,0.0000,10.5300,13.6300,13.6300,0.0000,0.0000,6.5300,3.2400,23.5700,0.0000,-90.8100
42,71IS2025/07/08,0.0000,0.0000,0.0000,0.0000,0.0000,0.0000,0.0000,0.0000,82.5600,0.0000,32.0000,145.0000,0.0000,0.0000,0.0000,0.0000,58.3500,124.5700,169.0700,0.0000,269.9998,0.0000,0.0000,115.3800,100.2000,270.5100,0.0000,0.0000,0.0000,0.0000,0.0000,0.0000,50.4500,0.0000,0.0000,16.2700,94.5600,120.4800,125.8400,332.7300,142.1400,13.0500,26.3400,16.4300,43.8000,142.6300,0.0000,0.0000,0.0000,0.0000,8.2900,0.0000,9.7500,0.0000,0.0000,20.3600,0.0000,0.0000,5.4800,62.9100,20.2400,0.0000,0.0000,0.0000,28.1400,16.4900,0.0000,45.3100,32.6500,40.8500,53.2600,21.4500,78.7900,9.4800,18.8100,2.2200,0.0000,0.0000,0.0000,0.0000,0.9200,9.7700,32.0100,0.0000,117.4600,3.5400,9.3600,0.0000,0.0000,0.0000,25.0100,8.3300,8.3300,198.0300,39.6100,79.0000,37.0000,0.0000,6.1700,0.0000,0.0000,5.3400,6.7800,0.0000,8.5100,11.3000,28.7700,69.0000,0.0000,40.0000,80.0000,0.0000,11.0200,14.2600,14.2600,0.0000,0.0000,6.5300,3.2400,23.5700,0.0000,-90.8100
43,71IS2025/07/08,0.0000,0.0000,0.0000,0.0000,0.0000,0.0000,0.0000,0.0000,82.5600,0.0000,32.0000,145.0000,0.0000,0.0000,0.0000,0.0000,58.3500,123.1800,169.0700,0.0000,269.9998,0.0000,0.0000,115.3800,100.2000,270.5100,0.0000,0.0000,0.0000,0.0000,0.0000,0.0000,8.1400,0.0000,0.0000,16.2700,94.5600,120.4800,125.8400,332.7300,142.1400,11.8500,26.3400,16.1300,43.8000,142.6300,0.0000,0.0000,0.0000,0.0000,8.2900,0.0000,9.7500,0.0000,0.0000,20.3600,0.0000,0.0000,5.4800,62.9100,20.2700,0.0000,0.0000,0.0000,28.1400,16.4900,0.0000,45.3100,32.6500,40.8500,53.2600,20.0100,78.7900,9.4800,18.8100,2.2200,0.0000,0.0000,0.0000,0.0000,0.9200,9.7700,21.0100,0.0000,121.1300,3.5400,9.3600,0.0000,0.0000,0.0000,27.4900,9.1700,9.1700,195.8300,39.1700,85.0000,38.0000,0.0000,6.3300,0.0000,0.0000,5.3400,6.7800,0.0000,8.5100,11.3000,28.7700,73.0000,0.0000,42.0000,83.0000,0.0000,11.4600,14.8200,14.8200,0.0000,0.0000,6.5300,3.2400,23.5700,0.0000,-90.8100
44,71IS2025/07/08,0.0000,40.0000,0.0000,0.0000,0.0000,0.0000,0.0000,0.0000,82.5600,0.0000,32.0000,145.0000,0.0000,0.0000,0.0000,0.0000,58.3500,123.1800,169.0700,0.0000,269.9998,0.0000,0.0000,115.3800,100.2000,270.5100,0.0000,0.0000,0.0000,0.0000,0.0000,0.0000,8.1400,0.0000,0.0000,16.2700,94.5600,120.4800,125.8400,332.7300,142.1400,11.8500,26.3400,16.1300,43.8000,142.6300,0.0000,0.0000,0.0000,0.0000,8.2900,0.0000,9.7500,0.0000,0.0000,20.3600,0.0000,0.0000,5.4800,62.9100,20.3100,0.0000,0.0000,0.0000,28.1400,16.4900,0.0000,45.3100,32.6500,40.8500,53.2600,20.0100,78.7900,9.4800,18.8100,2.2200,0.0000,0.0000,0.0000,0.0000,0.9200,9.7700,21.0100,0.0000,121.9200,3.5400,9.3600,0.0000,0.0000,0.0000,30.0000,10.0000,10.0000,204.1700,40.8300,88.0000,39.0000,0.0000,6.5000,0.0000,0.0000,5.3400,6.7800,0.0000,8.5100,11.3000,28.2600,76.0000,0.0000,44.0000,88.0000,0.0000,11.8700,15.3600,15.3600,0.0000,0.0000,6.5300,3.2400,23.5700,0.0000,-90.8100
45,71IS2025/07/08,0.0000,40.0000,0.0000,0.0000,0.0000,0.0000,0.0000,0.0000,82.5600,0.0000,31.0000,145.0000,0.0000,0.0000,0.0000,0.0000,58.3500,123.1800,169.0700,0.0000,269.9998,0.0000,0.0000,115.3800,100.2000,270.5100,0.0000,0.0000,0.0000,0.0000,0.0000,0.0000,8.1400,0.0000,0.0000,16.2700,94.5600,120.4800,125.8400,332.7300,142.1400,11.8500,26.3400,16.1300,43.8000,142.6300,0.0000,0.0000,0.0000,0.0000,8.2900,0.0000,9.7500,0.0000,0.0000,20.3600,0.0000,0.0000,5.4800,62.9100,20.3300,0.0000,0.0000,0.0000,28.1400,16.4900,0.0000,45.3100,32.6500,40.8500,53.2600,20.0100,78.7900,9.4800,18.8100,2.2200,0.0000,0.0000,0.0000,0.0000,0.9200,9.4600,18.9600,0.0000,121.9200,3.2600,9.5900,0.0000,0.0000,0.0000,32.5100,10.8300,10.8300,227.5000,45.5000,85.0000,40.0000,0.0000,6.3300,0.0000,0.0000,5.3400,6.7800,0.0000,6.3300,11.3000,28.2600,76.0000,0.0000,44.0000,87.0000,0.0000,12.0800,15.6300,15.6300,0.0000,0.0000,6.5300,3.2400,23.5700,0.0000,-90.8100
46,71IS2025/07/08,0.0000,60.0000,0.0000,0.0000,0.0000,0.0000,0.0000,0.0000,82.5600,0.0000,31.0000,145.0001,0.0000,0.0000,0.0000,0.0000,58.3500,123.1800,169.0700,0.0000,269.9998,0.0000,0.0000,115.3800,100.2000,270.5100,0.0000,0.0000,0.0000,0.0000,0.0000,0.0000,8.1400,0.0000,0.0000,16.2700,94.5600,120.4800,125.8400,332.7300,142.1400,11.8500,26.3400,16.1300,43.8000,142.6300,0.0000,0.0000,0.0000,0.0000,8.2900,0.0000,9.7500,0.0000,0.0000,20.3600,0.0000,0.0000,5.4800,62.9100,20.3600,0.0000,0.0000,0.0000,28.1400,16.4900,0.0000,45.3100,21.7500,40.8500,53.2600,20.0100,78.7900,9.4800,18.8100,2.2200,0.0000,0.0000,0.0000,0.0000,0.9200,9.4600,18.9600,0.0000,119.9700,3.2600,9.5900,0.0000,0.0000,0.0000,38.0800,12.6900,12.6900,232.7500,46.5500,85.0000,40.0000,0.0000,6.0000,0.0000,0.0000,5.3400,6.7800,0.0000,6.3300,11.3000,28.2600,76.0000,0.0000,44.0000,87.0000,0.0000,12.2400,15.8400,15.8400,0.0000,0.0000,6.5300,3.2400,23.5700,0.0000,-90.8100
47,71IS2025/07/08,0.0000,60.0000,0.0000,0.0000,0.0000,0.0000,0.0000,0.0000,82.5600,0.0000,31.0000,145.0001,0.0000,0.0000,0.0000,0.0000,58.3500,151.5900,169.0700,0.0000,269.9998,0.0000,0.0000,115.3800,100.2000,270.5100,0.0000,0.0000,0.0000,0.0000,0.0000,0.0000,8.1400,0.0000,0.0000,16.2700,94.5600,120.4800,125.8400,332.7300,142.1400,11.8500,26.3400,16.1300,43.8000,142.6300,0.0000,0.0000,0.0000,0.0000,8.2900,0.0000,9.7500,0.0000,0.0000,20.3600,0.0000,0.0000,5.4800,62.9100,22.7900,0.0000,0.0000,0.0000,28.1400,16.4900,0.0000,45.3100,21.7500,40.8500,53.2600,18.5700,78.7900,9.4800,18.8100,2.2200,0.0000,0.0000,0.0000,0.0000,0.9200,9.4600,20.4000,0.0000,119.9700,3.2600,9.5900,0.0000,0.0000,0.0000,37.3900,12.4600,12.4600,232.7500,46.5500,86.0000,41.0000,0.0000,7.0000,0.0000,0.0000,5.3400,6.7800,0.0000,6.3300,11.3000,28.2600,76.0000,0.0000,44.0000,87.0000,0.0000,12.4200,16.0600,16.0600,0.0000,0.0000,6.5300,3.2400,23.5700,0.0000,-90.8100
48,71IS2025/07/08,0.0000,80.0000,0.0000,0.0000,0.0000,0.0000,0.0000,0.0000,82.5600,0.0000,31.0000,145.0000,0.0000,0.0000,0.0000,0.0000,58.3500,180.4400,169.0700,0.0000,269.9998,0.0000,0.0000,115.3800,100.2000,270.5100,0.0000,0.0000,0.0000,0.0000,0.0000,0.0000,8.1400,0.0000,0.0000,16.2700,94.5600,120.4800,125.8400,332.7300,142.1400,11.8500,26.3400,16.1300,43.8000,142.6300,0.0000,0.0000,0.0000,0.0000,8.2900,0.0000,9.7500,0.0000,0.0000,20.3600,0.0000,0.0000,5.4800,62.9100,22.8500,0.0000,0.0000,0.0000,28.1400,16.4900,0.0000,45.3100,21.7500,40.8500,53.2600,18.5700,78.7900,9.4800,18.8100,2.2200,0.0000,0.0000,0.0000,0.0000,0.9200,9.4600,22.3900,0.0000,119.9700,3.2600,9.5900,0.0000,0.0000,0.0000,35.7700,11.9200,11.9200,232.7500,46.5500,86.0000,42.0000,0.0000,7.3300,0.0000,0.0000,5.3400,6.7800,0.0000,6.3300,11.3000,28.2600,76.0000,0.0000,44.0000,87.0000,0.0000,12.6000,16.3000,16.3000,0.0000,0.0000,6.5300,3.2400,23.5700,0.0000,-90.8100
49,71IS2025/07/08,0.0000,0.0000,0.0000,0.0000,0.0000,0.0000,0.0000,0.0000,112.4900,0.0000,31.0000,250.0000,0.0000,0.0000,0.0000,0.0000,76.2600,210.2600,169.0700,0.0000,270.0000,0.0000,0.0000,115.3800,100.2000,270.5100,0.0000,0.0000,0.0000,0.0000,0.0000,0.0000,8.1400,0.0000,0.0000,16.2700,94.5600,120.4800,125.8400,297.5600,142.1400,15.9900,35.8100,22.1000,43.8000,142.6300,0.0000,0.0000,0.0000,0.0000,8.2900,0.0000,9.7500,0.0000,0.0000,20.3600,0.0000,0.0000,5.4800,62.9100,22.8500,0.0000,0.0000,0.0000,33.9800,16.4900,0.0000,45.3100,21.7500,40.8500,35.9900,18.5700,78.7900,9.4800,18.8100,3.1000,0.0000,0.0000,0.0000,0.0000,0.9200,10.0800,20.0100,0.0000,119.9700,3.9100,10.0500,0.0000,0.0000,0.0000,35.7700,11.9200,11.9200,225.0000,45.0000,91.0000,42.0000,0.0000,7.3300,0.0000,0.0000,5.3400,6.7800,0.0000,6.3300,11.3000,27.2500,69.0000,0.0000,42.0000,83.0000,0.0000,12.5600,16.2500,16.2500,0.0000,0.0000,6.5300,3.2400,23.5700,0.0000,-90.8100
50,71IS2025/07/08,0.0000,0.0000,0.0000,0.0000,0.0000,0.0000,0.0000,0.0000,112.4900,0.0000,31.0000,285.0001,0.0000,0.0000,0.0000,0.0000,76.2600,210.2600,169.0700,0.0000,270.0000,0.0000,0.0000,115.3800,100.2000,270.5100,0.0000,0.0000,0.0000,0.0000,0.0000,0.0000,8.1400,0.0000,0.0000,16.2700,94.5600,120.4800,125.8400,297.5600,142.1400,16.6900,35.8100,22.1000,43.8000,142.6300,0.0000,0.0000,0.0000,0.0000,8.2900,0.0000,9.7500,0.0000,0.0000,20.3600,0.0000,0.0000,5.4800,62.9100,22.8500,0.0000,0.0000,0.0000,33.9800,16.4900,0.0000,45.3100,21.7500,40.8500,35.9900,18.5700,78.7900,9.4800,18.8100,3.1000,0.0000,0.0000,0.0000,0.0000,0.9200,10.0800,20.0100,0.0000,90.2000,3.9100,10.0500,0.0000,0.0000,0.0000,35.7700,11.9200,11.9200,225.0000,45.0000,91.0000,42.0000,0.0000,8.0000,0.0000,0.0000,5.3400,6.7800,0.0000,6.3300,11.3000,27.2500,70.0000,0.0000,41.0000,82.0000,0.0000,12.5000,16.1800,16.1800,0.0000,0.0000,6.5300,3.2400,23.5700,0.0000,-90.8100
51,71IS2025/07/08,0.0000,0.0000,0.0000,0.0000,22.0001,0.0000,0.0000,0.0000,112.4900,0.0000,0.0000,285.0001,0.0000,0.0000,0.0000,0.0000,76.2600,210.2600,169.0700,0.0000,270.0000,0.0000,0.0000,115.3800,100.2000,270.5100,0.0000,0.0000,0.0000,0.0000,0.0000,0.0000,56.2200,0.0000,0.0000,16.2700,94.5600,120.4800,125.8400,297.5600,142.1400,16.6900,35.8100,22.1000,43.8000,142.6300,0.0000,0.0000,0.0000,0.0000,8.2900,0.0000,9.7500,0.0000,0.0000,20.3600,0.0000,0.0000,5.4800,62.9100,22.6200,0.0000,0.0000,0.0000,28.1400,16.4900,0.0000,45.3100,21.7500,40.8500,35.9900,18.5700,78.7900,9.4800,18.8100,3.1000,0.0000,0.0000,0.0000,0.0000,0.9200,10.0800,18.0100,0.0000,92.9300,3.9100,10.0500,0.0000,0.0000,0.0000,36.1600,12.0600,12.0600,199.9700,40.0000,86.0000,43.0000,0.0000,8.3300,0.0000,0.0000,5.3400,6.7800,0.0000,6.3300,11.3000,27.2500,61.0000,0.0000,40.0000,80.0000,0.0000,12.4600,16.1300,16.1300,0.0000,0.0000,6.5300,3.2400,23.5700,0.0000,-90.8100
52,71IS2025/07/08,0.0000,0.0000,0.0000,0.0000,22.0001,0.0000,0.0000,0.0000,112.4900,0.0000,0.0000,285.0001,0.0000,0.0000,0.0000,0.0000,76.2600,210.2600,169.0700,0.0000,270.0000,0.0000,0.0000,115.3800,100.2000,270.5100,0.0000,0.0000,0.0000,0.0000,0.0000,0.0000,104.3100,0.0000,0.0000,16.2700,94.5600,120.4800,125.8400,297.5600,142.1400,16.6900,35.8100,22.1000,43.8000,142.6300,0.0000,0.0000,0.0000,0.0000,8.2900,0.0000,9.7500,0.0000,0.0000,20.3600,0.0000,0.0000,5.4800,62.9100,22.6200,0.0000,0.0000,0.0000,28.1400,16.4900,0.0000,45.3100,21.7500,40.8500,35.9900,18.5700,78.7900,9.4800,18.8100,3.1000,0.0000,0.0000,0.0000,0.0000,0.9200,10.0800,18.4100,0.0000,95.2100,3.9100,10.0500,0.0000,0.0000,0.0000,38.1900,12.7300,12.7300,200.7100,40.1400,86.0000,43.0000,0.0000,8.6700,0.0000,0.0000,5.3400,6.7800,0.0000,6.3300,11.3000,27.2500,61.0000,0.0000,39.0000,79.0000,0.0000,12.4100,16.0500,16.0500,0.0000,0.0000,6.5300,3.2400,23.5700,0.0000,-90.8100
53,71IS2025/07/08,0.0000,0.0000,0.0000,0.0000,22.0001,0.0000,0.0000,0.0000,112.4900,0.0000,0.0000,285.0001,0.0000,0.0000,0.0000,0.0000,76.2600,210.2600,169.0700,0.0000,270.0000,0.0000,0.0000,115.3800,100.2000,270.5100,0.0000,0.0000,0.0000,0.0000,0.0000,0.0000,152.4000,0.0000,0.0000,16.2700,94.5600,120.4800,125.8400,297.5600,142.1400,16.6900,35.8100,22.1000,43.8000,142.6300,0.0000,0.0000,0.0000,0.0000,8.2900,0.0000,9.7500,0.0000,0.0000,20.3600,0.0000,0.0000,5.4800,62.9100,21.0200,0.0000,0.0000,0.0000,28.1400,16.4900,0.0000,45.3100,21.7500,40.8500,35.9900,18.5700,78.7900,9.4800,18.8100,3.1000,0.0000,0.0000,0.0000,0.0000,0.9200,10.0800,18.8100,0.0000,96.6200,3.9100,10.5800,0.0000,0.0000,0.0000,36.5800,12.1900,12.1900,220.8300,44.1700,86.0000,41.0000,0.0000,9.3300,0.0000,0.0000,5.3400,6.7800,0.0000,6.3300,11.3000,27.7600,69.0000,0.0000,41.0000,81.0000,0.0000,12.1700,15.7500,15.7500,0.0000,0.0000,6.5300,3.2400,23.5700,0.0000,-90.8100
54,71IS2025/07/08,0.0000,0.0000,0.0000,0.0000,23.0000,0.0000,0.0000,0.0000,112.4900,0.0000,0.0000,285.0001,0.0000,0.0000,0.0000,0.0000,76.2600,210.2600,169.0700,0.0000,270.0000,0.0000,0.0000,115.3800,100.2000,270.5100,0.0000,0.0000,0.0000,0.0000,0.0000,0.0000,152.4000,0.0000,0.0000,16.2700,94.5600,120.4800,125.8400,297.5600,142.1400,16.6900,35.8100,22.1000,43.8000,142.6300,0.0000,0.0000,0.0000,0.0000,8.2900,0.0000,9.7500,0.0000,0.0000,20.3600,0.0000,0.0000,5.4800,62.9100,21.0200,0.0000,0.0000,0.0000,28.1400,16.4900,0.0000,45.3100,21.7500,40.8500,35.9900,18.5700,78.7900,9.4800,18.8100,3.1000,0.0000,0.0000,0.0000,0.0000,0.9200,10.0800,19.8100,0.0000,97.2200,3.9100,10.5800,0.0000,0.0000,0.0000,36.1600,12.0600,12.0600,220.8300,44.1700,86.0000,41.0000,0.0000,10.0000,0.0000,0.0000,5.3400,6.7800,0.0000,6.3300,11.3000,27.7600,69.0000,0.0000,40.0000,80.0000,0.0000,11.9900,15.5200,15.5200,0.0000,0.0000,6.5300,3.2400,23.5700,0.0000,-90.8100
55,71IS2025/07/08,0.0000,0.0000,0.0000,0.0000,23.0000,0.0000,0.0000,0.0000,130.1300,0.0000,0.0000,285.0001,0.0000,0.0000,0.0000,0.0000,86.7400,210.2600,169.0700,0.0000,270.0000,0.0000,0.0000,115.3800,100.2000,270.5100,0.0000,0.0000,0.0000,0.0000,0.0000,0.0000,200.4900,0.0000,0.0000,19.2700,94.5600,120.4800,125.8400,297.5600,142.1400,16.6900,35.8100,22.1000,43.8000,142.6300,0.0000,0.0000,0.0000,0.0000,8.2900,0.0000,9.7500,0.0000,0.0000,20.3600,0.0000,0.0000,5.4800,62.9100,21.0300,0.0000,0.0000,0.0000,28.1400,16.4900,0.0000,30.2000,21.7500,40.8500,35.9900,20.0100,78.7900,9.4800,12.5500,3.1000,0.0000,0.0000,0.0000,0.0000,0.9200,10.2300,29.0100,0.0000,90.5800,3.9100,10.5800,0.0000,0.0000,0.0000,37.3900,12.4600,12.4600,208.3300,41.6700,83.0000,41.0000,0.0000,10.3300,0.0000,0.0000,5.3400,6.7800,0.0000,6.3300,11.3000,28.2600,69.0000,0.0000,43.0000,87.0000,0.0000,11.7500,15.2000,15.2000,0.0000,0.0000,6.5300,3.2400,23.5700,0.0000,-90.8100
56,71IS2025/07/08,0.0000,0.0000,0.0000,0.0000,25.0000,0.0000,0.0000,0.0000,130.1300,0.0000,0.0000,285.0001,0.0000,0.0000,0.0000,0.0000,86.7400,210.2600,169.0700,0.0000,270.0000,0.0000,0.0000,115.3800,100.2000,270.5100,0.0000,0.0000,0.0000,0.0000,0.0000,0.0000,248.5800,0.0000,0.0000,19.2700,94.5600,120.4800,125.8400,297.5600,142.1400,16.6900,35.8100,22.1000,43.8000,142.6300,0.0000,0.0000,0.0000,0.0000,8.2900,0.0000,9.7500,0.0000,0.0000,20.3600,0.0000,0.0000,5.4800,62.9100,21.0900,0.0000,0.0000,0.0000,28.1400,16.4900,0.0000,30.2000,21.7500,40.8500,35.9900,20.0100,78.7900,9.4800,12.5500,3.1000,0.0000,0.0000,0.0000,0.0000,0.9200,10.2300,32.0100,0.0000,83.4300,3.9100,10.5800,0.0000,0.0000,0.0000,36.9700,12.3300,12.3300,208.3300,41.6700,82.0000,41.0000,0.0000,10.6700,0.0000,0.0000,5.3400,6.7800,0.0000,6.3300,11.3000,28.2600,69.0000,0.0000,43.0000,87.0000,0.0000,11.5900,15.0000,15.0000,0.0000,0.0000,6.5300,3.2400,23.5700,0.0000,0.0000
57,71IS2025/07/08,0.0000,0.0000,0.0000,0.0000,25.0000,0.0000,0.0000,0.0000,130.1300,0.0000,0.0000,285.0001,0.0000,0.0000,0.0000,0.0000,86.7400,210.2600,169.0700,0.0000,270.0000,0.0000,0.0000,115.3800,100.2000,270.5100,0.0000,0.0000,0.0000,0.0000,0.0000,0.0000,296.6700,0.0000,0.0000,19.2700,94.5600,120.4800,125.8400,297.5600,142.1400,16.6900,35.8100,22.1000,43.8000,142.6300,0.0000,0.0000,0.0000,0.0000,8.2900,13.3500,9.7500,0.0000,0.0000,20.3600,0.0000,0.0000,5.4800,62.9100,21.0900,0.0000,0.0000,0.0000,28.1400,16.4900,0.0000,30.2000,21.7500,40.8500,53.2600,18.5700,78.7900,9.4800,12.5500,3.1000,0.0000,0.0000,0.0000,0.0000,0.9200,10.2300,35.0200,0.0000,76.1600,4.1100,10.7300,0.0000,0.0000,0.0000,37.3900,12.4600,12.4600,208.3300,41.6700,77.0000,39.0000,0.0000,11.4500,0.0000,0.0000,5.3400,6.7800,0.0000,6.3300,11.3000,28.2600,75.0000,0.0000,43.0000,87.0000,0.0000,11.4200,14.7800,14.7800,0.0000,0.0000,6.5300,3.2400,23.5700,0.0000,0.0000
58,71IS2025/07/08,0.0000,0.0000,0.0000,0.0000,24.0000,0.0000,0.0000,0.0000,130.1300,0.0000,0.0000,285.0001,0.0000,0.0000,0.0000,0.0000,86.7400,210.2600,169.0700,0.0000,270.0000,0.0000,0.0000,115.3800,100.2000,270.5100,0.0000,0.0000,0.0000,0.0000,0.0000,0.0000,296.6700,0.0000,0.0000,19.2700,94.5600,120.4800,125.8400,297.5600,142.1400,16.6900,35.8100,22.1000,43.8000,142.6300,0.0000,0.0000,0.0000,0.0000,8.2900,40.0500,9.7500,0.0000,0.0000,20.3600,0.0000,0.0000,5.4800,62.9100,21.0900,0.0000,0.0000,0.0000,28.1400,16.4900,0.0000,30.2000,21.7500,40.8500,53.2600,18.5700,78.7900,9.4800,12.5500,3.1000,0.0000,0.0000,0.0000,0.0000,0.9200,10.2300,38.0100,0.0000,68.9400,4.1100,10.7300,0.0000,0.0000,0.0000,38.1900,12.7300,12.7300,208.3300,41.6700,75.0000,37.0000,0.0000,12.1900,0.0000,0.0000,5.3400,6.7800,0.0000,6.3300,11.3000,28.2600,73.0000,0.0000,43.0000,85.0000,0.0000,11.2600,14.5700,14.5700,0.0000,0.0000,6.5300,3.2400,23.5700,0.0000,0.0000
59,71IS2025/07/08,0.0000,0.0000,0.0000,0.0000,24.0000,0.0000,0.0000,0.0000,130.1300,0.0000,0.0000,285.0001,0.0000,0.0000,0.0000,0.0000,86.7400,220.7400,169.0700,0.0000,270.0000,0.0000,0.0000,115.3800,100.2000,270.5100,0.0000,0.0000,0.0000,0.0000,0.0000,0.0000,318.7900,0.0000,0.0000,19.2700,94.5600,120.4800,125.8400,297.5600,142.1400,20.8000,43.2700,26.6300,43.8000,142.6300,0.0000,0.0000,0.0000,0.0000,8.2900,53.4000,9.7500,0.0000,0.0000,20.3600,0.0000,0.0000,5.4800,62.9100,21.0900,0.0000,0.0000,0.0000,33.9800,23.9800,0.0000,30.2000,21.7500,40.8500,53.2600,17.8700,78.7900,9.4800,12.5500,3.1000,0.0000,0.0000,0.0000,0.0000,0.9200,10.2300,40.0200,0.0000,90.2800,4.1100,10.7300,0.0000,0.0000,0.0000,46.6600,15.5600,15.5600,166.6700,33.3300,73.0000,35.0000,0.0000,13.0100,0.0000,0.0000,5.3400,6.7800,0.0000,6.3300,11.3000,28.7700,72.0000,0.0000,41.0000,82.0000,0.0000,10.9700,14.2000,14.2000,0.0000,0.0000,8.5100,3.2400,23.5700,0.0000,0.0000
60,71IS2025/07/08,0.0000,0.0000,0.0000,0.0000,24.0000,0.0000,0.0000,0.0000,130.1300,0.0000,0.0000,285.0001,0.0000,0.0000,0.0000,0.0000,86.7400,220.7400,169.0700,0.0000,270.0000,0.0000,0.0000,115.3800,100.2000,270.5100,0.0000,0.0000,0.0000,0.0000,0.0000,0.0000,339.9500,0.0000,0.0000,19.2700,94.5600,120.4800,125.8400,297.5600,142.1400,20.8000,43.2700,26.6300,43.8000,142.6300,0.0000,0.0000,0.0000,0.0000,8.2900,53.4000,9.7500,0.0000,0.0000,20.3600,0.0000,0.0000,5.4800,62.9100,21.0900,0.0000,0.0000,0.0000,33.9800,23.9800,0.0000,30.2000,21.7500,40.8500,53.2600,17.8700,78.7900,9.4800,12.5500,3.1000,0.0000,0.0000,0.0000,0.0000,0.9200,10.2300,40.0200,0.0000,85.4900,4.1100,10.7300,0.0000,0.0000,0.0000,48.6900,16.2300,16.2300,166.6700,33.3300,72.0000,33.0000,0.0000,13.9400,0.0000,0.0000,5.3400,6.7800,0.0000,6.3300,11.3000,28.7700,69.0000,0.0000,39.0000,79.0000,0.0000,10.8100,13.9800,13.9800,0.0000,0.0000,8.5100,3.2400,23.5700,0.0000,0.0000
61,71IS2025/07/08,0.0000,0.0000,0.0000,0.0000,24.0000,0.0000,0.0000,0.0000,130.1300,0.0000,0.0000,285.0001,0.0000,0.0000,0.0000,0.0000,86.7400,220.7400,169.0700,0.0000,270.0000,0.0000,0.0000,115.3800,100.2000,270.5100,0.0000,0.0000,0.0000,0.0000,0.0000,0.0000,388.0400,0.0000,0.0000,19.2700,94.5600,120.4800,125.8400,297.5600,142.1400,20.8000,43.2700,26.6300,43.8000,142.6300,0.0000,0.0000,0.0000,0.0000,8.2900,53.4000,19.7400,0.0000,0.0000,20.3600,0.0000,0.0000,5.4800,62.9100,21.7800,0.0000,0.0000,0.0000,19.1200,23.9800,0.0000,30.2000,21.7500,40.8500,53.2600,17.8700,78.7900,9.4800,12.5500,3.1000,0.0000,0.0000,0.0000,0.0000,0.9200,10.4700,40.0200,0.0000,80.5100,4.6600,10.7300,0.0000,0.0000,0.0000,51.1000,17.0400,17.0400,166.6700,33.3300,72.0000,31.0000,0.0000,20.6700,0.0000,0.0000,5.3400,6.7800,0.0000,6.3300,11.3000,28.7700,66.0000,0.0000,37.0000,73.0000,0.0000,10.4900,13.5700,13.5700,0.0000,0.0000,8.5100,3.2400,23.5700,0.0000,0.0000
62,71IS2025/07/08,0.0000,0.0000,0.0000,0.0000,24.0000,0.0000,0.0000,0.0000,130.1300,0.0000,0.0000,285.0001,0.0000,0.0000,0.0000,0.0000,86.7400,220.7400,169.0700,0.0000,270.0000,0.0000,0.0000,115.3800,100.2000,270.5100,0.0000,0.0000,0.0000,0.0000,0.0000,0.0000,455.3700,0.0000,0.0000,19.2700,94.5600,120.4800,125.8400,297.5600,142.1400,20.8000,43.2700,26.6300,43.8000,142.6300,0.0000,0.0000,0.0000,0.0000,8.2900,53.4000,19.5100,0.0000,0.0000,20.3600,0.0000,0.0000,5.4800,62.9100,21.7800,0.0000,0.0000,0.0000,19.1200,23.9800,13.5100,30.2000,21.7500,40.8500,53.2600,17.8700,78.7900,9.4800,12.5500,3.1000,0.0000,0.0000,0.0000,0.0000,0.9200,10.4700,40.0200,0.0000,55.5800,4.6600,10.7300,0.0000,0.0000,0.0000,53.9300,17.9800,17.9800,166.6700,33.3300,67.0000,30.0000,0.0000,21.3300,0.0000,0.0000,5.3400,6.7800,0.0000,6.3300,11.3000,28.7700,63.0000,0.0000,33.0000,67.0000,0.0000,9.9100,12.8300,12.8300,0.0000,0.0000,8.5100,3.2400,23.5700,0.0000,0.0000
63,71IS2025/07/08,0.0000,0.0000,0.0000,0.0000,24.0000,0.0000,0.0000,0.0000,130.1300,0.0000,0.0000,285.0001,0.0000,0.0000,0.0000,0.0000,86.7400,220.7400,169.0700,0.0000,270.0000,0.0000,0.0000,115.3800,100.2000,270.5100,0.0000,0.0000,0.0000,0.0000,0.0000,0.0000,479.4100,0.0000,0.0000,19.2700,94.5600,120.4800,125.8400,297.5600,142.1400,20.8000,43.2700,26.6300,43.8000,142.6300,0.0000,0.0000,0.0000,0.0000,8.2900,53.4000,19.5100,0.0000,0.0000,20.3600,0.0000,0.0000,5.4800,62.9100,21.7800,0.0000,0.0000,0.0000,19.1200,23.9800,13.5100,30.2000,21.7500,40.8500,35.9900,17.8700,78.7900,9.4800,12.5500,3.1000,0.0000,0.0000,0.0000,0.0000,0.9200,10.4700,40.0200,0.0000,51.3300,4.6600,10.7300,0.0000,0.0000,0.0000,53.5400,17.8400,17.8400,166.6700,33.3300,63.0000,28.0000,0.0000,20.9600,0.0000,0.0000,5.3400,6.7800,0.0000,6.3300,11.3000,28.7700,58.0000,0.0000,31.0000,63.0000,0.0000,9.3100,12.0400,12.0400,0.0000,0.0000,8.5100,3.2400,23.5700,0.0000,0.0000
64,71IS2025/07/08,0.0000,0.0000,0.0000,0.0000,24.0000,0.0000,0.0000,0.0000,130.1300,0.0000,0.0000,285.0001,0.0000,0.0000,0.0000,0.0000,86.7400,220.7400,169.0700,0.0000,270.0000,0.0000,0.0000,115.3800,100.2000,270.5100,0.0000,0.0000,0.0000,0.0000,0.0000,0.0000,479.4100,0.0000,0.0000,19.2700,94.5600,120.4800,125.8400,297.5600,142.1400,20.8000,43.2700,26.6300,43.8000,142.6300,0.0000,0.0000,0.0000,0.0000,8.2900,53.4000,19.5100,0.0000,0.0000,20.3600,0.0000,0.0000,5.4800,62.9100,21.7800,0.0000,0.0000,0.0000,19.1200,23.9800,27.0300,30.2000,21.7500,40.8500,35.9900,17.8700,78.7900,9.4800,12.5500,3.1000,0.0000,0.0000,0.0000,0.0000,0.9200,10.4700,40.0200,0.0000,67.0900,4.6600,10.7300,0.0000,0.0000,0.0000,53.5400,17.8400,17.8400,164.4100,32.8800,58.0000,26.0000,0.0000,21.1500,0.0000,0.0000,5.3400,6.7800,0.0000,6.3300,11.3000,28.7700,54.0000,0.0000,28.0000,57.0000,0.0000,8.8000,11.3700,11.3700,0.0000,0.0000,8.5100,3.2400,23.5700,0.0000,0.0000
65,71IS2025/07/08,0.0000,0.0000,0.0000,0.0000,24.0000,0.0000,0.0000,0.0000,130.1300,0.0000,0.0000,285.0001,0.0000,0.0000,0.0000,0.0000,86.7400,220.7400,169.0700,0.0000,270.0000,0.0000,0.0000,115.3800,100.2000,270.5100,0.0000,0.0000,0.0000,0.0000,0.0000,0.0000,414.5100,0.0000,0.0000,19.2700,94.5600,120.4800,125.8400,297.5600,142.1400,20.8000,43.2700,26.6300,43.8000,142.6300,0.0000,0.0000,0.0000,0.0000,8.2900,53.4000,19.5100,0.0000,0.0000,20.3600,0.0000,0.0000,5.4800,62.9100,20.6700,0.0000,0.0000,0.0000,19.1200,16.4900,40.5400,30.2000,21.7500,40.8500,35.9900,17.8700,78.7900,9.4800,12.5400,3.1000,0.0000,0.0000,0.0000,0.0000,0.9200,10.4700,40.0200,0.0000,62.0300,5.1300,10.7300,0.0000,0.0000,0.0000,53.1300,17.7100,17.7100,125.0000,25.0000,53.0000,24.0000,0.0000,19.1600,0.0000,0.0000,5.3400,6.7800,0.0000,6.3300,11.3000,28.7700,48.0000,0.0000,27.0000,53.0000,0.0000,8.1600,10.5500,10.5500,0.0000,0.0000,8.5100,3.2400,23.5700,0.0000,0.0000
66,71IS2025/07/08,0.0000,0.0000,0.0000,0.0000,24.0000,0.0000,0.0000,0.0000,130.1300,0.0000,0.0000,285.0001,0.0000,0.0000,0.0000,0.0000,86.7400,220.7400,169.0700,0.0000,270.0000,0.0000,0.0000,115.3800,100.2000,270.5100,0.0000,0.0000,0.0000,0.0000,0.0000,0.0000,454.3100,0.0000,0.0000,19.2700,94.5600,120.4800,125.8400,297.5600,142.1400,20.8000,43.2700,26.6300,43.8000,142.6300,0.0000,0.0000,0.0000,0.0000,8.2900,53.4000,19.5100,0.0000,0.0000,20.3600,0.0000,0.0000,5.4800,62.9100,20.5600,0.0000,0.0000,0.0000,19.1200,16.4900,40.5400,30.2000,21.7500,40.8500,35.9900,17.8700,78.7900,9.4800,12.5400,3.1000,0.0000,0.0000,0.0000,0.0000,0.9200,10.4700,40.0200,0.0000,56.3300,5.1300,10.7300,0.0000,0.0000,0.0000,53.1300,17.7100,17.7100,122.5900,24.5200,47.0000,21.0000,0.0000,19.2700,0.0000,0.0000,5.3400,6.7800,0.0000,6.3300,11.3000,28.7700,42.0000,0.0000,23.0000,47.0000,0.0000,7.4500,9.6500,9.6500,0.0000,0.0000,8.5100,3.2400,23.5700,0.0000,0.0000
67,71IS2025/07/08,0.0000,0.0000,0.0000,0.0000,24.0000,0.0000,0.0000,0.0000,130.1300,0.0000,0.0000,285.0001,0.0000,0.0000,0.0000,0.0000,86.7400,220.7400,169.0700,0.0000,269.9998,0.0000,0.0000,115.3800,100.2000,270.5100,0.0000,0.0000,0.0000,0.0000,0.0000,0.0000,455.2700,0.0000,0.0000,19.2700,94.5600,120.4800,125.8400,297.5600,142.1400,20.8000,43.2700,26.6300,43.8000,142.6300,0.0000,0.0000,0.0000,0.0000,8.2900,53.4000,19.5100,0.0000,0.0000,20.3600,0.0000,0.0000,5.4800,62.9100,20.5600,0.0000,0.0000,0.0000,19.1200,16.4900,40.5400,30.2000,32.6300,40.8500,53.2600,17.8700,78.2300,9.4800,12.5400,3.1000,0.0000,0.0000,0.0000,0.0000,0.9200,10.4700,40.0200,0.0000,49.7700,5.1300,10.7300,0.0000,0.0000,0.0000,48.2700,16.1000,16.1000,111.3400,22.2700,43.0000,18.0000,0.0000,16.6700,0.0000,0.0000,5.3400,6.7800,0.0000,6.3300,11.3000,28.7700,36.0000,0.0000,21.0000,41.0000,0.0000,6.6700,8.6200,8.6200,0.0000,0.0000,8.5100,3.2400,23.5700,0.0000,0.0000
68,71IS2025/07/08,0.0000,0.0000,0.0000,0.0000,24.0000,0.0000,0.0000,0.0000,130.1300,0.0000,0.0000,285.0001,0.0000,0.0000,0.0000,0.0000,86.7400,220.7400,169.0700,0.0000,269.9998,0.0000,0.0000,115.3800,100.2000,270.5100,0.0000,0.0000,0.0000,0.0000,0.0000,0.0000,455.2700,0.0000,0.0000,19.2700,94.5600,120.4800,125.8400,297.5600,142.1400,20.8000,43.2700,26.6300,43.8000,142.6300,0.0000,0.0000,0.0000,0.0000,8.2900,53.4000,19.5100,0.0000,0.0000,20.3600,0.0000,0.0000,5.4800,62.9100,20.3600,0.0000,0.0000,0.0000,19.1200,16.4900,40.5400,30.2000,32.6300,40.8500,53.2600,17.8700,78.2300,9.4800,12.5400,3.1000,0.0000,0.0000,0.0000,0.0000,0.9200,10.4700,40.0200,0.0000,43.1600,5.1300,10.7300,0.0000,0.0000,0.0000,49.9100,16.6300,16.6300,99.8000,19.9600,38.0000,16.0000,0.0000,17.3300,0.0000,0.0000,5.3400,6.7800,0.0000,6.3300,11.3000,28.7700,33.0000,0.0000,18.0000,37.0000,0.0000,5.8800,7.6100,7.6100,0.0000,0.0000,8.5100,3.2400,23.5700,0.0000,0.0000
69,71IS2025/07/08,0.0000,0.0000,0.0000,0.0000,0.0000,0.0000,0.0000,0.0000,130.1300,0.0000,34.9999,285.0001,0.0000,0.0000,0.0000,0.0000,86.7400,220.7400,169.0700,0.0000,269.9999,0.0000,0.0000,115.3800,100.2000,270.5100,0.0000,0.0000,0.0000,0.0000,0.0000,0.0000,459.2600,0.0000,0.0000,19.2700,94.5600,120.4800,125.8400,297.5600,142.1400,20.8000,43.2700,26.6300,43.8000,142.6300,0.0000,0.0000,0.0000,0.0000,8.2900,53.4000,19.5100,0.0000,0.0000,20.3600,0.0000,0.0000,5.4800,62.9100,19.8500,0.0000,0.0000,0.0000,33.9800,23.9800,40.5400,30.2000,32.6300,40.8500,53.2600,17.8700,78.2300,9.4800,12.5400,3.1000,0.0000,0.0000,0.0000,0.0000,0.9200,10.4700,40.0200,0.0000,36.7700,5.6000,10.7300,0.0000,0.0000,0.0000,52.7100,17.5800,17.5800,88.5400,17.7100,36.0000,11.0000,0.0000,17.6700,0.0000,0.0000,5.3400,6.7800,0.0000,6.3300,11.3000,28.7700,27.0000,0.0000,12.0000,23.0000,0.0000,5.0400,6.5300,6.5300,0.0000,0.0000,8.5100,3.2400,23.5700,0.0000,0.0000
70,71IS2025/07/08,0.0000,0.0000,0.0000,0.0000,0.0000,0.0000,0.0000,0.0000,130.1300,0.0000,34.1563,285.0001,0.0000,0.0000,0.0000,0.0000,86.7400,220.7400,169.0700,0.0000,269.9999,0.0000,0.0000,115.3800,100.2000,270.5100,0.0000,0.0000,0.0000,0.0000,0.0000,0.0000,459.2600,0.0000,0.0000,19.2700,94.5600,120.4800,125.8400,297.5600,142.1400,20.8000,43.2700,26.6300,43.8000,142.6300,0.0000,0.0000,0.0000,0.0000,8.2900,53.4000,19.5100,0.0000,0.0000,20.3600,0.0000,0.0000,5.4800,62.9100,19.5900,0.0000,0.0000,0.0000,33.9800,23.9800,40.5400,45.3100,32.6300,40.8500,53.2600,17.8700,78.2300,9.4800,12.5400,3.1000,0.0000,0.0000,0.0000,0.0000,0.9200,10.4700,40.0200,0.0000,16.5800,5.6000,10.7300,0.0000,0.0000,0.0000,55.9600,18.6500,18.6500,76.1700,15.2400,31.0000,8.0000,0.0000,18.3300,0.0000,0.0000,5.3400,6.7800,0.0000,6.3300,11.3000,28.7700,24.0000,0.0000,8.0000,17.0000,0.0000,4.2500,5.5000,5.5000,0.0000,0.0000,8.5100,3.2400,23.5700,0.0000,0.0000
71,71IS2025/07/08,0.0000,0.0000,0.0000,0.0000,24.0000,0.0000,0.0000,0.0000,130.1300,0.0000,0.0000,285.0001,0.0000,0.0000,0.0000,0.0000,86.7400,220.7400,169.0700,0.0000,269.9999,0.0000,0.0000,115.3800,100.2000,270.5100,0.0000,0.0000,0.0000,0.0000,0.0000,0.0000,487.1500,0.0000,0.0000,19.2700,94.5600,120.4800,125.8400,297.5600,142.1400,20.8000,43.2700,26.6300,43.8000,142.6300,0.0000,0.0000,0.0000,0.0000,8.2900,53.4000,19.5100,0.0000,0.0000,20.3600,0.0000,0.0000,5.4800,62.9100,16.7200,0.0000,0.0000,0.0000,27.6100,16.4900,40.5400,45.3100,32.6300,40.8500,53.2600,17.8700,78.2300,9.4800,12.5400,3.1000,0.0000,0.0000,0.0000,0.0000,0.9200,10.4700,40.0200,0.0000,16.5800,5.6000,10.7300,0.0000,0.0000,0.0000,49.9900,16.6700,16.6700,54.1600,10.8300,20.0000,7.0000,0.0000,18.8800,0.0000,0.0000,5.3400,6.7800,0.0000,6.3300,11.3000,28.2600,21.0000,0.0000,7.0000,15.0000,0.0000,3.4800,4.5000,4.5000,0.0000,0.0000,8.5100,3.2400,23.5700,0.0000,0.0000
72,71IS2025/07/08,0.0000,0.0000,0.0000,0.0000,24.0000,0.0000,0.0000,0.0000,130.1300,0.0000,0.0000,285.0001,0.0000,0.0000,0.0000,0.0000,86.7400,220.7400,169.0700,0.0000,269.9999,0.0000,0.0000,115.3800,100.2000,270.5100,0.0000,0.0000,0.0000,0.0000,0.0000,0.0000,506.3900,0.0000,0.0000,19.2700,94.5600,120.4800,125.8400,297.5600,142.1400,20.8000,43.2700,26.6300,43.8000,142.6300,0.0000,0.0000,0.0000,0.0000,8.2900,53.4000,19.5100,0.0000,0.0000,20.3600,0.0000,0.0000,5.4800,62.9100,16.6200,0.0000,0.0000,0.0000,27.6100,16.4900,40.5400,45.3100,32.6300,40.8500,53.2600,17.8700,78.2300,9.4800,18.8100,3.1000,0.0000,0.0000,0.0000,0.0000,0.9200,10.4700,40.0200,0.0000,16.5800,5.6000,10.7300,0.0000,0.0000,0.0000,49.9900,16.6700,16.6700,43.9800,8.8000,14.0000,6.0000,0.0000,18.5300,0.0000,0.0000,5.3400,6.7800,0.0000,6.3300,11.3000,28.2600,16.0000,0.0000,5.0000,10.0000,0.0000,2.7200,3.5200,3.5200,0.0000,0.0000,8.5100,3.2400,23.5700,0.0000,0.0000
73,71IS2025/07/08,0.0000,0.0000,0.0000,0.0000,24.0000,0.0000,0.0000,0.0000,130.1300,0.0000,0.0000,285.0001,0.0000,0.0000,0.0000,0.0000,86.7400,220.7400,169.0700,0.0000,269.9999,0.0000,0.0000,115.3800,100.2000,270.5100,0.0000,0.0000,0.0000,0.0000,0.0000,0.0000,528.3800,0.0000,0.0000,19.2700,94.5600,120.4800,125.8400,297.5600,142.1400,20.8000,43.2700,26.6300,43.8000,142.6300,0.0000,0.0000,0.0000,0.0000,8.2900,53.4000,19.5100,0.0000,0.0000,20.3600,0.0000,0.0000,5.4800,62.9100,16.3000,0.0000,0.0000,0.0000,29.7300,16.4900,40.5400,45.3100,32.6300,40.8500,53.2600,17.8700,78.2300,9.4800,18.8100,3.1000,0.0000,0.0000,0.0000,0.0000,0.9200,10.4700,40.0200,0.0000,12.8300,6.0600,10.7300,0.0000,0.0000,0.0000,49.9900,16.6700,16.6700,35.2600,7.0500,8.0000,5.0000,0.0000,18.1700,0.0000,0.0000,5.3400,6.7800,0.0000,6.3300,11.3000,29.7800,12.0000,0.0000,3.0000,5.0000,0.0000,2.1800,2.8200,2.8200,0.0000,0.0000,8.5100,0.0000,23.5700,0.0000,0.0000
74,71IS2025/07/08,0.0000,0.0000,0.0000,0.0000,24.0000,0.0000,0.0000,0.0000,130.1300,0.0000,0.0000,285.0001,0.0000,0.0000,0.0000,0.0000,86.7400,220.7400,169.0700,0.0000,269.9999,0.0000,0.0000,115.3800,100.2000,270.5100,0.0000,0.0000,0.0000,0.0000,0.0000,0.0000,528.3800,0.0000,0.0000,19.2700,94.5600,120.4800,125.8400,297.5600,142.1400,20.8000,43.2700,26.6300,43.8000,142.6300,0.0000,0.0000,0.0000,0.0000,8.2900,53.4000,19.5100,0.0000,0.0000,20.3600,0.0000,0.0000,5.4800,62.9100,16.0600,0.0000,0.0000,0.0000,29.7300,16.4900,40.5400,45.3100,32.6300,40.8400,53.2600,17.8700,78.2300,9.4800,18.8100,3.1000,0.0000,0.0000,0.0000,0.0000,0.9200,10.4700,40.0200,0.0000,8.1300,6.0600,10.7300,0.0000,0.0000,0.0000,49.9900,16.6700,16.6700,26.7300,5.3500,5.0000,3.0000,0.0000,17.9000,0.0000,0.0000,5.3400,6.7800,0.0000,6.3300,11.3000,29.7800,9.0000,0.0000,1.0000,3.0000,0.0000,1.6200,2.1000,2.1000,0.0000,0.0000,8.5100,0.0000,23.5700,0.0000,0.0000
75,71IS2025/07/08,0.0000,0.0000,0.0000,0.0000,24.0000,0.0000,0.0000,0.0000,130.1300,0.0000,0.0000,285.0001,0.0000,0.0000,0.0000,0.0000,86.7400,220.7400,169.0700,0.0000,269.9999,0.0000,0.0000,115.3800,100.2000,270.5100,0.0000,0.0000,0.0000,0.0000,0.0000,0.0000,528.3800,0.0000,0.0000,19.2700,94.5600,120.4800,125.8400,297.5600,142.1400,20.8000,43.2700,26.6300,43.8000,142.6300,0.0000,0.0000,0.0000,0.0000,8.2900,54.0000,29.2800,0.0000,0.0000,20.3600,0.0000,0.0000,5.4800,62.9100,15.9400,0.0000,0.0000,0.0000,50.3600,16.4900,40.5400,45.3100,32.6400,40.8400,53.2600,17.8700,78.2300,1.7200,18.8100,3.1000,0.0000,0.0000,0.0000,0.0000,0.9200,10.4700,43.0200,0.0000,3.8500,6.0600,10.7300,0.0000,0.0000,0.0000,55.0100,18.3300,18.3300,19.9100,3.9800,2.0000,1.0000,0.0000,17.6100,0.0000,0.0000,5.3400,6.7800,0.0000,6.3300,11.3000,29.7800,6.0000,0.0000,0.0000,1.0000,0.0000,0.0000,0.0000,0.0000,0.0000,0.0000,8.5100,0.0000,23.5700,0.0000,0.0000
76,71IS2025/07/08,0.0000,0.0000,0.0000,0.0000,24.0000,0.0000,0.0000,0.0000,130.1300,0.0000,0.0000,285.0001,0.0000,0.0000,0.0000,0.0000,86.7400,220.7400,169.0700,0.0000,269.9999,0.0000,0.0000,115.3800,100.2000,270.5100,0.0000,0.0000,0.0000,0.0000,0.0000,0.0000,528.3800,0.0000,0.0000,19.2700,94.5600,120.4800,125.8400,297.5600,142.1400,20.8000,43.2700,26.6300,43.8000,142.6300,0.0000,0.0000,0.0000,0.0000,8.2900,54.0000,39.0100,5.8900,0.0000,20.3600,0.0000,0.0000,5.4800,62.9100,15.8300,0.0000,0.0000,0.0000,50.3600,16.4900,40.5400,45.3200,32.6500,40.8400,53.2600,21.4500,78.2300,1.7200,18.8100,3.1000,0.0000,0.0000,0.0000,0.0000,0.9200,10.4700,43.0200,0.0000,1.3700,6.0600,10.7300,0.0000,0.0000,0.0000,54.0000,18.0000,18.0000,14.7200,2.9400,1.0000,1.0000,0.0000,17.3300,0.0000,0.0000,5.3400,6.7800,0.0000,6.3300,11.3000,29.7800,4.0000,0.0000,0.0000,0.0000,0.0000,0.0000,0.0000,0.0000,0.0000,0.0000,8.5100,0.0000,23.5700,0.0000,0.0000
77,71IS2025/07/08,0.0000,0.0000,0.0000,0.0000,24.0000,0.0000,0.0000,0.0000,130.1300,0.0000,0.0000,285.0001,0.0000,0.0000,0.0000,0.0000,86.7400,220.7400,169.0700,0.0000,290.0000,0.0000,0.0000,115.3800,100.2000,270.5100,0.0000,0.0000,0.0000,0.0000,0.0000,0.0000,528.3800,0.0000,0.0000,19.2700,94.5600,120.4800,125.8400,297.5600,142.1400,20.8000,43.2700,26.6300,43.8000,142.6300,0.0000,29.2100,0.0000,0.0000,8.2900,54.0000,39.0100,11.7500,0.0000,20.3600,0.0000,0.0000,5.4800,62.9100,15.8300,0.0000,0.0000,0.0000,50.3600,37.4800,40.5400,45.3200,32.6500,40.8400,53.2600,35.7400,78.2300,1.7200,18.8100,3.1000,0.0000,0.0000,0.0000,0.0000,0.9200,10.4700,43.0200,0.0000,0.0000,6.5300,10.7300,0.0000,0.0000,0.0000,40.5300,13.5200,13.5200,9.7900,1.9600,0.0000,0.0000,0.0000,17.2700,0.0000,0.0000,5.3400,6.7800,0.0000,6.3300,11.3000,29.7800,2.0000,0.0000,0.0000,0.0000,0.0000,0.0000,0.0000,0.0000,0.0000,0.0000,8.5100,0.0000,23.5700,72.0100,0.0000
78,71IS2025/07/08,0.0000,0.0000,0.0000,0.0000,24.0000,0.0000,0.0000,0.0000,130.1300,0.0000,0.0000,285.0001,0.0000,0.0000,0.0000,0.0000,86.7400,220.7400,170.6600,0.0000,290.0000,0.0000,0.0000,115.3800,100.2000,270.5100,0.0000,0.0000,0.0000,0.0000,0.0000,0.0000,528.3800,0.0000,0.0000,19.2700,94.5600,120.4800,125.8400,297.5600,142.1400,20.8000,43.2700,26.6300,43.8000,142.6300,0.0000,44.0200,0.0000,0.0000,8.2900,54.0000,42.9300,18.7500,0.0000,20.3600,0.0000,0.0000,5.6200,62.9100,15.8300,0.0000,0.0000,0.0000,29.7300,37.4800,40.6600,47.7000,34.3400,42.8800,55.4700,37.1700,78.2300,9.4800,19.6800,3.1000,0.0000,0.0000,0.0000,0.0000,0.9200,10.4700,43.0200,0.0000,0.0000,6.5300,10.7300,0.0000,0.0000,0.0000,39.4100,13.1300,13.1300,5.7200,1.1400,0.0000,0.0000,0.0000,17.3200,0.0000,0.0000,5.3400,6.9100,0.0000,6.3300,11.3000,30.2800,1.0000,0.0000,0.0000,0.0000,0.0000,0.0000,0.0000,0.0000,0.0000,0.0000,8.5100,0.0000,23.5700,72.0100,0.0000
79,71IS2025/07/08,0.0000,0.0000,0.0000,0.0000,24.0000,0.0000,0.0000,0.0000,130.1300,0.0000,0.0000,285.0001,0.0000,0.0000,0.0000,0.0000,86.7400,220.7400,170.6600,0.0000,290.0000,0.0000,0.0000,115.3800,100.2000,270.5100,0.0000,0.0000,0.0000,0.0000,0.0000,0.0000,528.3800,0.0000,0.0000,19.2700,94.5600,120.4800,125.8400,297.5600,142.1400,20.8000,43.2700,26.6300,43.8000,142.6300,0.0000,44.3900,45.9200,60.0900,8.2900,54.0000,42.9300,18.7500,0.0000,20.3600,0.0000,0.0000,5.6200,62.9100,16.0600,0.0000,0.0000,0.0000,29.7300,37.4800,40.6600,47.7000,34.3400,42.8800,55.4700,37.1700,78.2300,9.4800,19.6800,3.1000,0.0000,0.0000,0.0000,0.0000,0.9200,10.4700,43.0200,0.0000,0.0000,6.5300,10.7300,0.0000,0.0000,0.0000,38.2500,12.7500,12.7500,1.0700,0.2200,0.0000,0.0000,0.0000,17.4000,0.0000,0.0000,5.3400,6.9100,0.0000,6.3300,11.3000,31.2900,0.0000,0.0000,0.0000,0.0000,0.0000,0.0000,0.0000,0.0000,0.0000,0.0000,8.5100,0.0000,23.5700,72.0100,0.0000
80,71IS2025/07/08,0.0000,0.0000,0.0000,0.0000,24.0000,0.0000,0.0000,0.0000,130.1300,0.0000,0.0000,285.0001,0.0000,0.0000,0.0000,0.0000,86.7400,220.7400,170.6600,0.0000,290.0000,0.0000,0.0000,115.3800,100.2000,270.5100,0.0000,0.0000,0.0000,0.0000,0.0000,0.0000,528.3800,0.0000,0.0000,19.2700,94.5600,120.4800,125.8400,297.5600,142.1400,20.8000,43.2700,26.6300,43.8000,142.6300,0.0000,44.3900,73.4400,73.4900,8.2900,54.0000,42.9300,18.7500,0.0000,20.3600,0.0000,0.0000,5.6200,62.9100,16.2000,0.0000,0.0000,0.0000,29.7300,37.4800,40.6600,47.7000,34.3400,42.8800,55.4700,37.1700,78.2300,11.4600,19.6800,3.1000,0.0000,0.0000,0.0000,0.0000,0.9200,10.4700,43.0200,0.0000,0.0000,6.5300,10.7300,0.0000,0.0000,0.0000,38.2500,12.7500,12.7500,0.1100,0.0200,0.0000,0.0000,0.0000,17.4900,0.0000,0.0000,5.3400,6.9100,0.0000,6.3300,11.3000,31.2900,0.0000,0.0000,0.0000,0.0000,0.0000,0.0000,0.0000,0.0000,0.0000,0.0000,8.5100,0.0000,23.5700,72.0100,0.0000
81,71IS2025/07/08,0.0000,0.0000,0.0000,0.0000,24.0000,0.0000,0.0000,0.0000,130.1300,0.0000,0.0000,290.0000,0.0000,0.0000,0.0000,0.0000,86.7400,220.7400,170.6600,0.0000,290.0000,0.0000,0.0000,115.3800,100.2000,270.5100,0.0000,0.0000,0.0000,0.0000,0.0000,0.0000,528.3800,0.0000,0.0000,19.2700,94.5600,120.4800,125.8400,297.5600,142.1400,20.8000,43.2700,26.6300,43.8000,142.6300,0.0000,73.3200,119.3600,133.5800,8.2900,54.0000,42.9300,18.7500,0.0000,20.3600,0.0000,0.0000,5.6200,62.9100,16.2600,0.0000,0.0000,0.0000,29.7300,23.9800,40.6600,47.7000,34.3400,42.8800,55.4700,37.1700,78.2300,11.4600,19.6800,3.1000,0.0000,0.0000,0.0000,0.0000,0.9200,10.4700,43.0200,0.0000,0.0000,6.5300,10.7300,0.0000,0.0000,0.0000,38.2500,12.7500,12.7500,0.0000,0.0000,0.0000,0.0000,0.0000,17.3300,0.0000,0.0000,5.3400,6.9100,0.0000,6.3300,11.3000,30.7900,0.0000,0.0000,0.0000,0.0000,0.0000,0.0000,0.0000,0.0000,0.0000,0.0000,8.5100,0.0000,23.5700,72.0100,0.0000
82,71IS2025/07/08,0.0000,0.0000,0.0000,0.0000,0.0000,0.0000,0.0000,0.0000,130.1300,0.0000,31.0000,290.0000,0.0000,0.0000,0.0000,0.0000,86.7400,220.7400,170.6600,0.0000,290.0000,0.0000,0.0000,115.3800,100.2000,270.5100,0.0000,0.0000,0.0000,0.0000,0.0000,0.0000,528.3800,0.0000,0.0000,19.2700,94.5600,120.4800,125.8400,297.5600,142.1400,20.8000,43.2700,26.6300,43.8000,142.6300,0.0000,121.9300,140.7700,143.3500,8.2900,54.0000,42.9300,18.7500,0.0000,20.3600,0.0000,0.0000,5.6200,62.9100,16.3800,0.0000,0.0000,0.0000,50.3600,23.9800,40.6600,47.7000,34.3400,42.8800,55.4700,37.1700,78.2300,11.4600,19.6800,3.1000,0.0000,0.0000,0.0000,0.0000,0.9200,10.4700,43.0200,0.0000,0.0000,6.5300,10.7300,0.0000,0.0000,0.0000,38.2500,12.7500,12.7500,0.0000,0.0000,0.0000,0.0000,0.0000,17.0400,0.0000,0.0000,5.3400,6.9100,0.0000,6.3300,11.3000,30.7900,0.0000,0.0000,0.0000,0.0000,0.0000,0.0000,0.0000,0.0000,0.0000,0.0000,8.5100,0.0000,23.5700,72.0100,0.0000
83,71IS2025/07/08,0.0000,0.0000,0.0000,0.0000,0.0000,0.0000,0.0000,0.0000,130.1300,0.0000,34.0000,290.0000,0.0000,0.0000,0.0000,0.0000,86.7400,220.7400,170.6600,0.0000,290.0000,0.0000,0.0000,115.3800,100.2000,270.5100,0.0000,0.0000,0.0000,0.0000,0.0000,0.0000,528.3800,0.0000,0.0000,19.2700,94.5600,120.4800,125.8400,297.5600,142.1400,20.8000,43.2700,26.6300,43.8000,142.6300,0.0000,131.5500,160.0000,162.5800,8.2900,54.0000,42.9300,18.7500,0.0000,20.3600,0.0000,0.0000,5.6200,62.9100,16.4300,0.0000,0.0000,0.0000,50.3600,29.9800,40.6600,47.7000,34.3400,42.8800,55.4700,37.1600,78.2300,11.4600,19.6800,3.1000,0.0000,0.0000,0.0000,0.0000,0.9200,10.4700,43.0200,0.0000,0.0000,6.5300,10.7300,0.0000,0.0000,0.0000,38.1600,12.7300,12.7300,0.0000,0.0000,0.0000,0.0000,0.0000,16.7300,0.0000,0.0000,5.3400,6.9100,0.0000,6.3300,11.3000,30.2800,0.0000,0.0000,0.0000,0.0000,0.0000,0.0000,0.0000,0.0000,0.0000,0.0000,8.5100,0.0000,23.5700,72.0100,0.0000
84,71IS2025/07/08,0.0000,0.0000,0.0000,0.0000,0.0000,0.0000,0.0000,0.0000,130.1300,0.0000,34.0000,290.0000,0.0000,0.0000,0.0000,0.0000,86.7400,220.7400,170.6600,0.0000,290.0000,0.0000,0.0000,115.3800,100.2000,270.5100,0.0000,0.0000,0.0000,0.0000,0.0000,0.0000,528.3800,0.0000,0.0000,19.2700,94.5600,120.4800,125.8400,297.5600,142.1400,20.8000,43.2700,26.6300,43.8000,142.6300,0.0000,141.1700,169.6200,172.2000,8.2900,54.0000,42.9300,18.7500,0.0000,20.3600,0.0000,0.0000,5.6200,62.9100,16.5300,0.0000,0.0000,0.0000,31.8500,29.9800,40.6600,47.7000,34.3400,42.8800,55.4700,37.1600,78.2300,11.4600,19.6800,3.1000,0.0000,0.0000,0.0000,0.0000,0.9200,10.4700,43.0200,0.0000,0.0000,6.5300,10.7300,0.0000,0.0000,0.0000,37.8700,12.6200,12.6200,0.0000,0.0000,0.0000,0.0000,0.0000,16.4100,0.0000,0.0000,5.3400,6.9100,0.0000,6.3300,11.3000,30.2800,0.0000,0.0000,0.0000,0.0000,0.0000,0.0000,0.0000,0.0000,0.0000,0.0000,8.5100,0.0000,23.5700,72.0100,0.0000
85,71IS2025/07/08,0.0000,0.0000,0.0000,0.0000,0.0000,0.0000,0.0000,0.0000,130.1300,0.0000,34.0000,290.0000,0.0000,0.0000,0.0000,0.0000,86.7400,220.7400,170.6600,0.0000,290.0000,0.0000,0.0000,115.3800,100.2000,270.5100,0.0000,0.0000,0.0000,0.0000,0.0000,0.0000,528.3800,0.0000,0.0000,19.2700,94.5600,120.4800,125.8400,297.5600,142.1400,20.8000,43.2700,26.6300,43.8000,142.6300,0.0000,161.0200,188.8600,191.4400,8.2900,54.0000,42.9300,18.7500,0.0000,20.3600,0.0000,0.0000,5.6200,62.9100,16.6900,0.0000,0.0000,0.0000,21.2400,21.0000,40.6600,47.7000,34.3400,42.8800,55.4700,37.1600,78.2300,11.4600,19.6800,3.1000,0.0000,0.0000,0.0000,0.0000,0.9200,10.4700,43.0200,0.0000,0.0000,6.5300,10.7300,0.0000,0.0000,0.0000,37.2300,12.4200,12.4200,0.0000,0.0000,0.0000,0.0000,0.0000,16.1400,0.0000,0.0000,5.3400,6.9100,0.0000,6.3300,11.3000,30.2800,0.0000,0.0000,0.0000,0.0000,0.0000,0.0000,0.0000,0.0000,0.0000,0.0000,8.5100,0.0000,23.5700,72.0100,0.0000
86,71IS2025/07/08,0.0000,0.0000,0.0000,0.0000,0.0000,0.0000,0.0000,0.0000,130.1300,0.0000,34.0000,290.0000,0.0000,0.0000,0.0000,0.0000,86.7400,220.7400,169.0700,0.0000,290.0000,0.0000,0.0000,115.3800,100.2000,270.5100,0.0000,0.0000,0.0000,0.0000,0.0000,0.0000,528.3800,0.0000,0.0000,19.2700,94.5600,120.4800,125.8400,297.5600,132.4400,20.8000,43.2700,26.6300,43.8000,142.6300,0.0000,161.0200,188.8600,191.4400,8.2900,54.0000,39.0100,17.6400,0.0000,20.3600,0.0000,0.0000,5.4800,62.9100,16.7600,0.0000,0.0000,0.0000,21.2400,21.0000,40.5400,45.3200,32.6500,40.8400,53.2600,8.5800,78.2300,11.4600,12.5400,3.1000,0.0000,0.0000,0.0000,0.0000,0.9200,10.4700,43.0200,0.0000,0.0000,6.5300,10.7300,0.0000,0.0000,0.0000,36.9400,12.3100,12.3100,0.0000,0.0000,0.0000,0.0000,0.0000,15.9100,0.0000,0.0000,5.3400,6.7800,0.0000,6.3300,11.3000,29.7800,0.0000,0.0000,0.0000,0.0000,0.0000,0.0000,0.0000,0.0000,0.0000,0.0000,8.5100,0.0000,23.5700,72.0100,0.0000
87,71IS2025/07/08,0.0000,0.0000,0.0000,0.0000,0.0000,0.0000,0.0000,0.0000,130.1300,0.0000,34.0000,290.0000,0.0000,0.0000,0.0000,0.0000,86.7400,220.7400,169.0700,0.0000,290.0000,0.0000,0.0000,115.3800,100.2000,270.5100,0.0000,0.0000,0.0000,0.0000,0.0000,0.0000,528.3800,0.0000,0.0000,19.2700,94.5600,120.4800,125.8400,297.5600,132.4400,20.8000,43.2700,26.6300,43.8000,142.6300,0.0000,180.2500,208.0900,210.6700,8.2900,54.0000,39.0100,17.6400,0.0000,20.3600,0.0000,0.0000,5.4800,62.9100,16.9200,0.0000,0.0000,0.0000,21.2400,16.4900,40.5400,45.3200,32.6500,40.8400,53.2600,8.5800,78.2300,9.4800,12.5400,3.1000,0.0000,0.0000,0.0000,0.0000,0.9200,10.4700,40.0200,0.0000,0.0000,6.0600,10.7300,0.0000,0.0000,0.0000,35.3900,11.8000,11.8000,0.0000,0.0000,0.0000,0.0000,0.0000,19.3300,0.0000,0.0000,5.3400,6.7800,0.0000,6.3300,11.3000,29.7800,0.0000,0.0000,0.0000,0.0000,0.0000,0.0000,0.0000,0.0000,0.0000,0.0000,8.5100,0.0000,23.5700,72.0100,0.0000
88,71IS2025/07/08,0.0000,0.0000,0.0000,0.0000,0.0000,0.0000,0.0000,0.0000,130.1300,0.0000,34.0000,290.0000,0.0000,0.0000,0.0000,0.0000,86.7400,220.7400,170.6600,0.0000,290.0000,0.0000,0.0000,115.3800,100.2000,270.5100,0.0000,0.0000,0.0000,0.0000,0.0000,0.0000,528.3800,0.0000,0.0000,19.2700,94.5600,120.4800,125.8400,297.5600,132.4400,20.8000,43.2700,26.6300,43.8000,142.6300,0.0000,180.2500,208.0900,210.6700,8.2900,54.0000,42.9300,18.7500,0.0000,20.3600,0.0000,0.0000,5.6200,62.9100,17.0500,0.0000,0.0000,0.0000,21.2400,16.4900,40.6600,47.7000,34.3400,42.8800,55.4700,37.1700,78.2300,9.4800,19.6800,3.1000,0.0000,0.0000,0.0000,0.0000,0.9200,10.4700,39.8200,0.0000,0.0000,6.0600,10.7300,0.0000,0.0000,0.0000,36.0200,12.0000,12.0000,0.0000,0.0000,0.0000,0.0000,0.0000,19.0000,0.0000,0.0000,5.3400,6.9100,0.0000,6.3300,11.3000,29.7800,0.0000,0.0000,0.0000,0.0000,0.0000,0.0000,0.0000,0.0000,0.0000,0.0000,8.5100,0.0000,23.5700,72.0100,0.0000
89,71IS2025/07/08,0.0000,0.0000,0.0000,0.0000,0.0000,0.0000,0.0000,0.0000,130.1300,0.0000,34.0000,290.0000,0.0000,0.0000,0.0000,0.0000,86.7400,220.7400,170.6600,0.0000,290.0000,0.0000,0.0000,115.3800,100.2000,270.5100,0.0000,0.0000,0.0000,0.0000,0.0000,0.0000,528.3800,0.0000,0.0000,19.2700,94.5600,120.4800,125.8400,297.5600,132.4400,20.8000,43.2700,26.6300,43.8000,142.6300,0.0000,182.0800,208.0900,210.6700,8.2900,54.0000,42.9300,18.7500,0.0000,20.3600,0.0000,0.0000,5.6200,62.9100,17.2000,0.0000,0.0000,0.0000,21.2400,21.0000,40.6600,47.7000,34.3400,42.8800,55.4700,37.1700,78.2300,9.4800,19.6800,3.1000,0.0000,0.0000,0.0000,0.0000,0.9200,10.4700,39.6200,0.0000,0.0000,5.9200,10.7300,0.0000,0.0000,0.0000,46.4800,15.5000,15.5000,0.0000,0.0000,0.0000,0.0000,0.0000,18.3300,0.0000,0.0000,5.3400,6.9100,0.0000,6.3300,11.3000,29.7800,0.0000,0.0000,0.0000,0.0000,0.0000,0.0000,0.0000,0.0000,0.0000,0.0000,8.5100,0.0000,23.5700,72.0100,0.0000
90,71IS2025/07/08,0.0000,0.0000,0.0000,0.0000,0.0000,0.0000,0.0000,0.0000,130.1300,0.0000,34.0000,290.0000,0.0000,0.0000,0.0000,0.0000,86.7400,220.7400,170.6600,0.0000,290.0000,0.0000,0.0000,115.3800,100.2000,270.5100,0.0000,0.0000,0.0000,0.0000,0.0000,0.0000,528.3800,0.0000,0.0000,19.2700,94.5600,120.4800,125.8400,297.5600,132.4400,20.8000,43.2700,26.6300,43.8000,142.6300,0.0000,182.0800,208.0900,210.6700,8.2900,54.0000,42.9300,18.7500,0.0000,20.3600,0.0000,0.0000,5.6200,62.9100,17.3300,0.0000,0.0000,0.0000,21.2400,21.0000,40.6600,47.7000,34.3400,42.8800,55.4700,37.1700,78.2300,9.4800,19.6800,3.1000,0.0000,0.0000,0.0000,0.0000,0.9200,10.4700,39.6200,0.0000,0.0000,5.9200,10.7300,0.0000,0.0000,0.0000,45.7700,15.2500,15.2500,0.0000,0.0000,0.0000,0.0000,0.0000,17.6700,0.0000,0.0000,5.3400,6.9100,0.0000,6.3300,11.3000,29.2700,0.0000,0.0000,0.0000,0.0000,0.0000,0.0000,0.0000,0.0000,0.0000,0.0000,8.5100,0.0000,23.5700,72.0100,0.0000
91,71IS2025/07/08,0.0000,0.0000,0.0000,0.0000,0.0000,0.0000,0.0000,0.0000,130.1300,0.0000,34.0000,290.0000,0.0000,0.0000,0.0000,0.0000,86.7400,220.7400,170.6600,0.0000,290.0000,0.0000,0.0000,115.3800,100.2000,270.5100,0.0000,0.0000,0.0000,0.0000,0.0000,0.0000,528.3800,0.0000,0.0000,19.2700,94.5600,120.4800,125.8400,297.5600,142.1400,20.8000,43.2700,26.6300,43.8000,142.6300,0.0000,196.5100,222.5200,225.1000,8.2900,54.0000,42.9300,18.7500,0.0000,20.3600,0.0000,0.0000,5.6200,62.9100,17.4800,0.0000,0.0000,0.0000,21.2400,21.0000,40.6600,47.7000,34.3400,42.8800,55.4700,37.1700,78.2300,9.4800,19.6800,3.1000,0.0000,0.0000,0.0000,0.0000,0.9200,10.4700,39.6200,0.0000,0.0000,5.9200,10.1300,0.0000,0.0000,0.0000,45.4900,15.1700,15.1700,0.0000,0.0000,0.0000,0.0000,0.0000,17.0000,0.0000,0.0000,5.3400,6.9100,0.0000,6.3300,11.3000,30.2800,0.0000,0.0000,0.0000,0.0000,0.0000,0.0000,0.0000,0.0000,0.0000,0.0000,8.5100,0.0000,23.5700,72.0100,0.0000
92,71IS2025/07/08,0.0000,0.0000,0.0000,0.0000,0.0000,0.0000,0.0000,0.0000,130.1300,0.0000,34.0000,290.0001,0.0000,0.0000,0.0000,0.0000,86.7400,220.7400,169.0700,0.0000,290.0000,0.0000,0.0000,115.3800,100.2000,270.5100,0.0000,0.0000,0.0000,0.0000,0.0000,0.0000,528.3800,0.0000,0.0000,19.2700,94.5600,120.4800,125.8400,297.5600,142.1400,20.8000,43.2700,26.6300,43.8000,142.6300,0.0000,196.5100,222.5200,225.1000,8.2900,54.0000,39.2400,17.6400,0.0000,20.3600,0.0000,0.0000,5.4800,62.9100,17.5500,0.0000,0.0000,0.0000,21.2400,21.0000,40.5400,45.3100,32.6500,40.8400,53.2600,7.1500,78.2300,9.4800,12.5500,3.1000,0.0000,0.0000,0.0000,0.0000,0.9200,10.4700,39.2200,0.0000,0.0000,5.9200,10.1300,0.0000,0.0000,0.0000,45.9100,15.3100,15.3100,0.0000,0.0000,0.0000,0.0000,0.0000,16.6700,0.0000,0.0000,5.3400,6.7800,0.0000,6.3300,11.3000,30.2800,0.0000,0.0000,0.0000,0.0000,0.0000,0.0000,0.0000,0.0000,0.0000,0.0000,8.5100,0.0000,23.5700,72.0100,0.0000
93,71IS2025/07/08,0.0000,0.0000,0.0000,0.0000,0.0000,0.0000,0.0000,0.0000,130.1300,0.0000,34.0000,290.0001,0.0000,0.0000,0.0000,0.0000,86.7400,220.7400,169.0700,0.0000,290.0000,0.0000,0.0000,115.3800,100.2000,270.5100,0.0000,0.0000,0.0000,0.0000,0.0000,0.0000,528.3800,0.0000,0.0000,17.3800,94.5600,120.4800,125.8400,297.5600,142.1400,20.8000,43.2700,26.6300,43.8000,142.6300,0.0000,197.7200,222.5200,225.1000,8.2900,54.0000,39.0100,17.6400,0.0000,20.3600,0.0000,0.0000,5.4800,62.9100,17.6300,0.0000,0.0000,0.0000,21.2400,21.0000,40.5400,45.3100,32.6500,40.8400,53.2600,7.1500,78.2300,9.4800,12.5500,3.1000,0.0000,0.0000,0.0000,0.0000,0.9200,10.4700,39.2200,0.0000,0.0000,5.7300,9.9700,0.0000,0.0000,0.0000,45.6800,15.2200,15.2200,0.0000,0.0000,0.0000,0.0000,0.0000,15.6700,0.0000,0.0000,5.3400,6.7800,0.0000,6.3300,11.3000,30.2800,0.0000,0.0000,0.0000,0.0000,0.0000,0.0000,0.0000,0.0000,0.0000,0.0000,8.5100,0.0000,23.5700,72.0100,0.0000
94,71IS2025/07/08,0.0000,0.0000,0.0000,0.0000,0.0000,0.0000,0.0000,0.0000,130.1300,0.0000,34.0000,290.0001,0.0000,0.0000,0.0000,0.0000,86.7400,220.7400,169.0700,0.0000,290.0000,0.0000,0.0000,115.3800,100.2000,270.5100,0.0000,0.0000,0.0000,0.0000,0.0000,0.0000,528.3800,0.0000,0.0000,17.3800,94.5600,120.4800,125.8400,297.5600,142.1400,20.8000,43.2700,26.6300,43.8000,142.6300,0.0000,197.7200,222.5200,225.1000,8.2900,54.0000,39.0100,17.6400,0.0000,20.3600,0.0000,0.0000,5.4800,62.9100,17.6700,0.0000,0.0000,0.0000,21.2400,21.0000,40.5400,45.3100,32.6500,40.8400,53.2600,18.5800,78.2300,9.4800,12.5500,3.1000,0.0000,0.0000,0.0000,0.0000,0.9200,10.4700,39.2200,0.0000,0.0000,5.7300,9.9700,0.0000,0.0000,0.0000,45.8700,15.2900,15.2900,0.0000,0.0000,0.0000,0.0000,0.0000,15.2400,0.0000,0.0000,5.3400,6.7800,0.0000,6.3300,11.3000,30.2800,0.0000,0.0000,0.0000,0.0000,0.0000,0.0000,0.0000,0.0000,0.0000,0.0000,8.5100,0.0000,23.5700,0.0000,0.0000
95,71IS2025/07/08,0.0000,0.0000,0.0000,0.0000,0.0000,0.0000,0.0000,0.0000,130.1300,0.0000,34.0000,290.0001,0.0000,0.0000,0.0000,0.0000,86.7400,220.7400,169.0700,0.0000,290.0000,0.0000,0.0000,115.3800,100.2000,270.5100,0.0000,0.0000,0.0000,0.0000,0.0000,0.0000,528.3800,0.0000,0.0000,17.3800,94.5600,120.4800,125.8400,297.5600,142.1400,20.8000,43.2700,26.6300,43.8000,142.6300,0.0000,197.7200,222.5200,225.1000,8.2900,54.0000,39.0100,17.6400,0.0000,20.3600,0.0000,0.0000,5.4800,62.9100,19.1700,0.0000,0.0000,0.0000,21.2400,21.0000,40.5400,45.3100,32.6500,40.8400,53.2600,18.5800,78.2300,9.4800,12.5500,3.1000,0.0000,0.0000,0.0000,0.0000,0.9200,10.4700,39.2200,0.0000,0.0000,5.7300,9.9700,0.0000,0.0000,0.0000,45.0300,15.0200,15.0200,0.0000,0.0000,0.0000,0.0000,0.0000,14.7300,0.0000,0.0000,5.3400,6.7800,0.0000,6.3300,11.3000,29.7800,0.0000,0.0000,0.0000,0.0000,0.0000,0.0000,0.0000,0.0000,0.0000,0.0000,8.5100,0.0000,23.5700,0.0000,0.0000
96,71IS2025/07/08,0.0000,0.0000,0.0000,0.0000,0.0000,0.0000,0.0000,0.0000,130.1300,0.0000,34.0000,290.0001,0.0000,0.0000,0.0000,0.0000,86.7400,220.7400,169.0700,0.0000,290.0000,0.0000,0.0000,115.3800,100.2000,270.5100,0.0000,0.0000,0.0000,0.0000,0.0000,0.0000,528.3800,0.0000,0.0000,17.3800,94.5600,120.4800,125.8400,297.5600,142.1400,20.8000,43.2700,26.6300,43.8000,142.6300,0.0000,197.7200,222.5200,225.1000,8.2900,54.0000,39.0100,17.6400,0.0000,20.3600,0.0000,0.0000,5.4800,62.9100,19.3300,0.0000,0.0000,0.0000,21.2400,21.0000,40.5400,45.3100,32.6500,40.8400,53.2600,18.5800,78.2300,9.4800,12.5500,3.1000,0.0000,0.0000,0.0000,0.0000,0.9200,10.4700,38.8200,0.0000,0.0000,5.7300,9.9700,0.0000,0.0000,0.0000,45.4600,15.1500,15.1500,0.0000,0.0000,0.0000,0.0000,0.0000,14.2100,0.0000,0.0000,5.3400,6.7800,0.0000,6.3300,11.3000,29.7800,0.0000,0.0000,0.0000,0.0000,0.0000,0.0000,0.0000,0.0000,0.0000,0.0000,8.5100,0.0000,23.5700,0.0000,0.0000
