genconame,ANTA_CRF,ANTA_GF,ANTA_LF,ANTA_RF,AURY_CRF,AURY_GF,AURY_LF,AURY_RF,BRBCL,BSIUL,CHAMERA1,CHAMERA2,CHAMERA3,DADR_CRF,DADRI_GF,DADRI_LF,DADRI_RF,DADRI_T2,DHAULIGNGA,DULHASTI,FARAKKA,JHAJJAR,KGSU1AND2,KGSU3AND4,KAHLGAN1,KAHLGAN2,KISHANGANGA,KKNP,KKNPPU2,KOLDAM,KOTESHWR,KUDGI,MAPS,NAPP,NJPC,NLCEXP,NLCIIST1,NLCIIST2,NLCTS2EXP,NNTPP,NTPL,PARBATI2,PARBATI3,RAMPUR,RAPPB,RAPPC,RAPPD,RIHAND1,RIHAND2,RIHAND3,RSTPS1TO6,RSTOSU7,SALAL,SASAN,SEWA2,SIMHST1,SIMHST2,SNGRAULI,SINGRAULI_HYDRO,TALA,TALST2,TANAKPUR,TANDA2,TEHRI,TelanganaSTPP,UNCHHAR1,UNCHHAR2,UNCHHAR3,UNCHAHAR4,URI,URI2,VALLURNTECL
1,0,0,0,2.4090836,0,0,0,3.6782658,,0,0,2.1905928,1.40525,0,0,0,4.6909797,0.8877132,0.426393,2.3725625,0,2.97646965,,,0,0,,,,2.2606507,,0,,1.1723635,5.0365953,,,,,,,3.025539,1.355464,1.2776566,0,4.08560845,1.3794429,1.23530715,1.37038,1.5250114,,,0,0,0,,,2.5136848,,0,,0,1.131504,,,0.1906586,0.604252,0.30448,0.495033,0,1.4605635,
2,0,0,0,2.4090836,0,0,0,3.6782658,,0,0,2.1905928,1.40525,0,0,0,4.6909797,0.6697746,0.426393,2.3725625,0,2.97646965,,,0,0,,,,2.2606507,,0,,1.1723635,5.0365953,,,,,,,3.025539,1.355464,1.2776566,0,4.08560845,1.3794429,1.23530715,1.37038,1.5250114,,,0,0,0,,,2.5136848,,0,,0,1.131504,,,0.1906586,0.604252,0.30448,0.495033,0,1.4605635,
3,0,0,0,2.4090836,0,0,0,3.6782658,,0,0,2.1905928,1.40525,0,0,0,4.6909797,0.4518558,0.426393,2.3725625,0,3.12635015,,,0,0,,,,2.2606507,,0,,1.1723635,5.0365953,,,,,,,3.025539,1.355464,1.2776566,0,4.08560845,1.3794429,1.23530715,1.37038,1.5250114,,,0,0,0,,,2.5136848,,0,,0,1.131504,,,0.1906586,0.604252,0.30448,0.495033,0,1.4605635,
4,0,0,0,2.4090836,0,0,0,3.6782658,,0,0,2.1905928,1.40525,0,0,0,4.6909797,0.4168296,0.426393,2.3725625,0,4.38953515,,,0,0,,,,2.2606507,,0,,1.1723635,5.0365953,,,,,,,3.025539,1.355464,1.2776566,0,4.08560845,1.3794429,1.23530715,1.37038,1.5250114,,,0,0,0,,,2.5136848,,0,,0,1.131504,,,0.1906586,0.604252,0.30448,0.495033,0,1.4605635,
5,0,0,0,2.4090836,0,0,0,3.6782658,,0,0,2.1905928,1.40525,0,0,0,4.6909797,0.632214,0.426393,2.3725625,0,4.38953515,,,0,0,,,,1.6948987,,0,,1.1723635,5.0365953,,,,,,,3.025539,1.4787245,1.2776566,0,4.08560845,1.3794429,1.23530715,1.37038,1.5250114,,,0,0,0,,,2.5136848,,0,,0,1.131504,,,0.1906586,0.604252,0.30448,0.495033,0,1.4605635,
6,0,0,0,2.4090836,0,0,0,3.6782658,,0,0,2.1905928,1.40525,0,0,0,4.6909797,1.0868616,0.426393,2.3725625,0,4.38953515,,,0,0,,,,1.6948987,,0,,1.1723635,5.0365953,,,,,,,3.025539,1.4787245,1.2776566,0,4.08560845,1.3794429,1.23530715,1.37038,1.5250114,,,0,0,0,,,2.5136848,,0,,0,1.131504,,,0.1906586,0.604252,0.30448,0.495033,0,1.4605635,
7,0,0,0,2.4401564,0,0,0,3.6782658,,0,0,2.1905928,1.40525,0,0,0,4.6909797,1.0868616,0.426393,2.3725625,0,4.38953515,,,0,0,,,,1.6948987,,0,,1.1723635,5.0365953,,,,,,,3.025539,1.4787245,1.2776566,0,4.08560845,1.3794429,1.23530715,1.37038,1.5250114,,,0,0,0,,,2.5136848,,0,,0,1.131504,,,0.1700633,0.604252,0.30448,0.495033,0,1.4605635,
8,0,0,0,2.4401564,0,0,0,3.6782658,,0,0,2.1905928,1.40525,0,0,0,4.6909797,1.0868616,0.426393,2.3725625,0,4.38953515,,,0,0,,,,1.6948987,,0,,1.1723635,5.0365953,,,,,,,3.025539,1.4787245,1.2776566,0,4.08560845,1.3794429,1.23530715,1.37038,1.5250114,,,0,0,0,,,2.5136848,,0,,0,1.131504,,,0.1597222,0.604252,0.30448,0.495033,0,1.4605635,
9,0,0,0,2.4401564,0,0,0,3.6782658,,0,0,2.1905928,1.40525,0,0,0,4.6909797,1.0868616,0.8520072,2.3725625,0,4.38953515,,,0,0,,,,1.6948987,,0,,1.1723635,5.0365953,,,,,,,3.025539,1.540154,1.2776566,0,4.08560845,1.3794429,1.23530715,1.16325,1.5250114,,,0,0,0,,,2.5136848,,0,,0,1.131504,,,0.1597222,0.604252,0.30448,0.495033,0,1.4605635,
10,0,0,0,2.4401564,0,0,0,3.6782658,,0,0,2.1905928,1.40525,0,0,0,4.6909797,1.0868616,0.8520072,2.3725625,0,4.38953515,,,0,0,,,,1.1291467,,0,,1.1723635,5.0365953,,,,,,,3.025539,1.540154,1.2776566,0,4.08560845,1.3794429,1.23530715,1.16325,1.5250114,,,0,0,0,,,2.5136848,,0,,0,1.131504,,,0.1597222,0.604252,0.30448,0.495033,0,1.4605635,
11,0,0,0,2.4585176,0,0,0,3.6782658,,0,0,2.1905928,1.40525,0,0,0,4.6909797,1.0868616,0.8520072,2.3725625,0,4.38953515,,,0,0,,,,1.1291467,,0,,1.1723635,5.0365953,,,,,,,3.025539,1.540154,1.2776566,0,4.08560845,1.3794429,1.23530715,1.16325,1.5250114,,,0,0,0,,,2.5136848,,0,,0,1.131504,,,0.1674563,0.604252,0.30448,0.495033,0,1.4605635,
12,0,0,0,2.4585176,0,0,0,3.6782658,,0,0,2.1905928,0.9366995,0,0,0,4.6909797,1.0868616,0.8520072,2.3725625,0,4.38953515,,,0,0,,,,1.1291467,,0,,1.1723635,5.0365953,,,,,,,3.025539,1.540154,1.2776566,0,4.08560845,1.3794429,1.23530715,1.16325,1.5250114,,,0,0,0,,,2.5136848,,0,,0,1.131504,,,0.1674563,0.604252,0.30448,0.495033,0,1.4605635,
13,0,0,0,2.4585176,0,0,0,3.6782658,,0,0,2.1905928,0.9366995,0,0,0,4.6909797,1.0868616,0.8520072,2.3725625,0,4.38953515,,,0,0,,,,1.1291467,,0,,1.1723635,5.0365953,,,,,,,3.025539,1.540154,1.2776566,0,4.08560845,1.3794429,1.23530715,1.16325,1.5250114,,,0,0,0,,,2.5136848,,0,,0,1.131504,,,0.1674563,0.604252,0.30448,0.495033,0,1.4605635,
14,0,0,0,2.4585176,0,0,0,3.6782658,,0,0,2.1905928,0.9366995,0,0,0,4.6909797,1.0868616,0.8520072,2.3725625,0,4.38953515,,,0,0,,,,1.1291467,,0,,1.1723635,5.0365953,,,,,,,3.025539,1.540154,1.2776566,0,4.08560845,1.3794429,1.23530715,1.16325,1.5250114,,,0,0,0,,,2.5136848,,0,,0,1.131504,,,0.1674563,0.604252,0.30448,0.495033,0,1.4605635,
15,0,0,0,2.4585176,0,0,0,3.6782658,,0,0,2.1905928,0.9366995,0,0,0,4.6909797,1.0868616,0.8520072,2.3725625,0,4.38953515,,,0,0,,,,1.1291467,,0,,1.1723635,5.0365953,,,,,,,3.025539,1.540154,1.2776566,0,4.08560845,1.3794429,1.23530715,1.37038,1.5250114,,,0,0,0,,,2.5136848,,0,,0,1.131504,,,0.1674563,0.6138,0.30448,0.495033,0,1.4605635,
16,0,0,0,2.4585176,0,0,0,3.6782658,,0,0,2.1905928,0.9366995,0,0,0,4.6909797,1.0868616,0.8520072,2.3725625,0,4.38953515,,,0,0,,,,1.1291467,,0,,1.1723635,5.0365953,,,,,,,3.025539,1.540154,1.2776566,0,4.08560845,1.3794429,1.23530715,1.37038,1.5250114,,,0,0,0,,,2.5136848,,0,,0,1.343661,,,0.1674563,0.6138,0.30448,0.495033,0,1.4605635,
17,0,0,0,2.4585176,0,0,0,3.6782658,,0,0,2.1905928,0.9366995,0,0,0,4.6909797,1.0868616,0.8520072,2.3725625,0,4.38953515,,,0,0,,,,1.1291467,,0,,1.1723635,5.0365953,,,,,,,3.025539,1.540154,1.2776566,0,4.08560845,1.3794429,1.23530715,1.37038,1.5250114,,,0,0,0,,,2.5136848,,0,,0,1.131504,,,0.1674563,0.604252,0.30448,0.495033,0,1.4605635,
18,0,0,0,2.4585176,0,0,0,3.6782658,,0,0,2.1905928,0.9366995,0,0,0,4.6909797,1.0868616,0.8520072,2.3725625,0,4.38953515,,,0,0,,,,1.1291467,,0,,1.1723635,5.0365953,,,,,,,3.025539,1.540154,1.2776566,0,4.08560845,1.3794429,1.23530715,1.37038,1.5250114,,,0,0,0,,,2.5136848,,0,,0,1.131504,,,0.1674563,0.6138,0.30448,0.495033,0,1.4605635,
19,0,0,0,2.4585176,0,0,0,3.6782658,,0,0,2.1905928,0.9366995,0,0,0,4.6909797,1.0868616,0.8520072,2.3725625,0,4.38953515,,,0,0,,,,1.1291467,,0,,1.1723635,5.0365953,,,,,,,3.025539,1.540154,1.2776566,0,4.08560845,1.3794429,1.23530715,1.37038,1.5250114,,,0,0,0,,,2.5136848,,0,,0,1.131504,,,0.1674563,0.604252,0.30448,0.495033,0,1.4605635,
20,0,0,0,2.4585176,0,0,0,3.6782658,,0,0,2.1905928,0.9366995,0,0,0,4.6909797,1.0868616,0.8520072,2.3725625,0,4.38953515,,,0,0,,,,1.0277828,,0,,1.1723635,5.0365953,,,,,,,3.025539,1.540154,1.2776566,0,4.08560845,1.3794429,1.23530715,1.37038,1.5250114,,,0,0,0,,,2.5136848,,0,,0,1.131504,,,0.1674563,0.604252,0.30448,0.495033,0,1.4605635,
21,0,0,0,2.4585176,0,0,0,3.6782658,,0,0,2.1905928,0.9366995,0,0,0,4.6909797,1.0868616,0.8520072,2.3725625,0,4.38953515,,,0,0,,,,1.0277828,,0,,1.1723635,5.0365953,,,,,,,3.025539,1.540154,1.2776566,0,4.08560845,1.3794429,1.23530715,1.37038,1.5250114,,,0,0,0.48756565,,,2.5136848,,0,,0,1.343661,,,0.1674563,0.6138,0.30448,0.495033,0,1.4605635,
22,0,0,0,2.4401564,0,0,0,3.6782658,,0,0,2.1905928,0.9366995,0,0,0,4.6909797,1.0868616,0.8520072,2.3725625,0,4.38953515,,,0,0,,,,1.0277828,,0,,1.1723635,5.0365953,,,,,,,3.025539,1.540154,1.2776566,0,4.08560845,1.3794429,1.23530715,1.37038,1.5250114,,,0,0,0.7307685,,,2.5136848,,0,,0,1.131504,,,0.1674563,0.604252,0.30448,0.495033,0,1.4605635,
23,0,0,0,2.4401564,0,0,0,3.6782658,,0,0,2.1905928,0.9366995,0,0,0,4.6909797,1.0868616,0.8520072,2.3725625,0,4.38953515,,,0,0,,,,1.0277828,,0,,1.1723635,5.0365953,,,,,,,3.025539,1.540154,1.2776566,0,4.08560845,1.3794429,1.23530715,1.37038,1.5250114,,,0,0,0.7307685,,,2.5136848,,0,,0,1.131504,,,0.1674563,0.604252,0.30448,0.495033,0,1.4605635,
24,0,0,0,2.4401564,0,0,0,3.6782658,,0,0,2.1905928,0.9366995,0,0,0,4.6909797,1.0868616,0.8520072,2.3725625,0,4.38953515,,,0,0,,,,1.0277828,,0,,1.1723635,5.0365953,,,,,,,3.025539,1.540154,1.2776566,0,4.08560845,1.3794429,1.23530715,1.37038,1.5250114,,,0,0,0.7307685,,,2.5136848,,0,,0,1.131504,,,0.1674563,0.604252,0.30448,0.495033,0,1.4605635,
25,0,0,0,2.4401564,0,0,0,3.6782658,,0,0,2.1905928,0.9366995,0,0,0,4.59525495,1.0868616,0.426393,2.3725625,0,4.38953515,,,0,0,,,,1.0277828,,0,,1.1723635,5.0365953,,,,,,,3.025539,1.540154,1.2776566,0,4.08560845,1.3794429,1.23530715,1.37038,1.5250114,,,0,0,0.7307685,,,2.5136848,,0,,0,1.131504,,,0.1674563,0.604252,0.30448,0.495033,0,1.4605635,
26,0,0,0,2.4401564,0,0,0,3.6782658,,0,0,2.1905928,0.9366995,0,0,0,4.59525495,1.0868616,0.426393,2.3725625,0,4.38953515,,,0,0,,,,1.0277828,,0,,1.1723635,5.0365953,,,,,,,3.025539,1.540154,1.2776566,0,4.08560845,1.3794429,1.23530715,1.37038,1.5250114,,,0,0,0.7307685,,,2.5136848,,0,,0,1.131504,,,0.1674563,0.604252,0.30448,0.495033,0,1.4605635,
27,0,0,0,2.4401564,0,0,0,3.6782658,,0,0,2.1905928,0.9366995,0,0,0,4.59525495,1.0868616,0.426393,2.3725625,0,4.38953515,,,0,0,,,,1.0277828,,0,,1.1723635,5.0365953,,,,,,,3.025539,1.540154,1.2776566,0,4.08560845,1.3794429,1.23530715,1.37038,1.5250114,,,0,0,0.7307685,,,2.5136848,,0,,0,1.131504,,,0.1674563,0.604252,0.30448,0.495033,0,1.4605635,
28,0,0,0,2.4401564,0,0,0,3.6782658,,0,0,2.1905928,0.9366995,0,0,0,4.59525495,1.0868616,0.426393,2.3725625,0,4.38953515,,,0,0,,,,1.0277828,,0,,1.1723635,5.0365953,,,,,,,3.025539,1.540154,1.2776566,0,4.08560845,1.3794429,1.23530715,1.37038,1.5250114,,,0,0,0.7307685,,,2.5136848,,0,,0,1.343661,,,0.1674563,0.6138,0.30448,0.4832465,0,1.4605635,
29,0,0,0,2.4401564,0,0,0,3.6782658,,0,0,2.1905928,0.9366995,0,0,0,4.59525495,1.0868616,0.426393,2.3725625,0,4.38953515,,,0,0,,,,1.0277828,,0,,1.1723635,5.0365953,,,,,,,3.025539,1.540154,1.2776566,0,4.08560845,1.3794429,1.23530715,1.37038,1.5250114,,,0,0,0.7307685,,,2.5136848,,0,,0,1.343661,,,0.1674563,0.6138,0.30448,0.754336,0,1.4605635,
30,0,0,0,2.4090836,0,0,0,3.6782658,,0,0,2.1905928,0.9366995,0,0,0,4.59525495,1.0868616,0.426393,2.3725625,0,4.38953515,,,0,0,,,,1.0277828,,0,,1.1723635,5.0365953,,,,,,,3.025539,1.540154,1.2776566,0,4.08560845,1.3794429,1.23530715,1.37038,1.5250114,,,0,0,0.7307685,,,2.5136848,,0,,0,1.343661,,,0.1674563,0.6138,0.30448,0.754336,0,1.4605635,
31,0,0,0,2.4090836,0,0,0,3.6782658,,0,0,2.1905928,0.9366995,0,0,0,4.59525495,1.0868616,0.426393,2.3725625,0,4.38953515,,,0,0,,,,1.0277828,,0,,1.1723635,5.0365953,,,,,,,3.025539,1.540154,1.2776566,0,4.08560845,1.3794429,1.23530715,1.37038,1.5250114,,,0,0,0.7307685,,,2.5136848,,0,,0,1.343661,,,0.1906586,0.6138,0.30448,0.754336,0,1.4605635,
32,0,0,0,2.4090836,0,0,0,3.6782658,,0,0,2.1905928,0.9366995,0,0,0,4.59525495,1.0868616,0.426393,2.3725625,0,4.38953515,,,0,0,,,,0.9311335,,0,,1.1723635,5.0365953,,,,,,,3.025539,1.540154,1.2776566,0,4.08560845,1.3794429,1.23530715,1.37038,1.5250114,,,0,0,0.7307685,,,2.5136848,,0,,0,1.343661,,,0.1906586,0.6138,0.30448,0.754336,0,1.4605635,
33,0,0,0,2.4090836,0,0,0,3.6782658,,0,0,1.4599464,0.9366995,0,0,0,4.59525495,1.0868616,0.426393,2.3725625,0,4.38953515,,,0,0,,,,0.9146324,,0,,1.1723635,5.0365953,,,,,,,3.025539,1.540154,1.2776566,0,4.08560845,1.3794429,1.23530715,1.37038,1.5250114,,,0,0,0.7307685,,,2.5136848,,0,,0,1.343661,,,0.1906586,0.6138,0.30448,0.754336,0,1.4605635,
34,0,0,0,2.3780108,0,0,0,3.6782658,,0,0,1.4599464,0.9366995,0,0,0,4.59525495,1.0868616,0.426393,2.3725625,0,4.38953515,,,0,0,,,,0.9146324,,0,,1.1723635,5.0365953,,,,,,,3.025539,1.540154,1.2776566,0,4.08560845,1.3794429,1.23530715,1.37038,1.5250114,,,0,0,0.7307685,,,2.5136848,,0,,0,1.343661,,,0.1906586,0.6138,0.30448,0.754336,0,1.4605635,
35,0,0,0,2.3780108,0,0,0,3.6782658,,0,0,1.4599464,0.9366995,0,0,0,4.59525495,1.0868616,0.426393,2.3725625,0,4.38953515,,,0,0,,,,0.9146324,,0,,1.1723635,5.0365953,,,,,,,3.025539,1.540154,1.2776566,0,4.08560845,1.3794429,1.23530715,1.37038,1.5250114,,,0,0,0.7307685,,,2.5136848,,0,,0,1.343661,,,0.1906586,0.6138,0.30448,0.754336,0,1.4605635,
36,0,0,0,2.3780108,0,0,0,3.6782658,,0,0,1.4599464,0.9366995,0,0,0,4.59525495,1.0868616,0.426393,2.3725625,0,4.38953515,,,0,0,,,,0.9146324,,0,,1.1723635,5.0365953,,,,,,,3.025539,1.540154,1.2776566,0,4.08560845,1.3794429,1.23530715,1.37038,1.5250114,,,0,0,0.7307685,,,2.5136848,,0,,0,1.343661,,,0.1906586,0.6138,0.30448,0.754336,0,1.4605635,
37,0,0,0,2.3780108,0,0,0,3.6782658,,0,0,1.4599464,0.9366995,0,0,0,4.59525495,1.0868616,0.426393,2.3725625,0,4.38953515,,,0,0,,,,0.9146324,,0,,1.1723635,5.0365953,,,,,,,3.025539,1.355464,1.2776566,0,4.08560845,1.3794429,1.23530715,1.37038,1.5250114,,,0,0,0.7307685,,,2.5136848,,0,,0,1.343661,,,0.1906586,0.6138,0.30448,0.754336,0,1.4605635,
38,0,0,0,2.3780108,0,0,0,3.6782658,,0,0,1.4599464,0.9366995,0,0,0,4.59525495,1.0868616,0.426393,2.3725625,0,4.38953515,,,0,0,,,,0.4549589,,0,,1.1723635,5.0365953,,,,,,,3.025539,1.355464,1.2776566,0,4.08560845,1.3794429,1.23530715,1.37038,1.5250114,,,0,0,0.7307685,,,2.5136848,,0,,0,1.343661,,,0.1906586,0.6138,0.30448,0.754336,0,1.4605635,
39,0,0,0,2.3780108,0,0,0,3.6782658,,0,0,1.4599464,0.9366995,0,0,0,4.59525495,1.0868616,0,2.3725625,0,4.38953515,,,0,0,,,,0,,0,,1.1723635,5.0365953,,,,,,,3.025539,1.355464,1.2776566,0,4.08560845,1.3794429,1.23530715,1.37038,1.5250114,,,0,0,0.7307685,,,2.5136848,,0,,0,1.343661,,,0.1906586,0.6138,0.30448,0.754336,0,1.4605635,
40,0,0,0,2.3780108,0,0,0,3.6782658,,0,0,1.4599464,0.9366995,0,0,0,4.59525495,1.0868616,0,2.3725625,0,4.38953515,,,0,0,,,,0,,0,,1.1723635,5.0365953,,,,,,,3.025539,1.355464,1.2776566,0,4.08560845,1.3794429,1.23530715,1.37038,1.5250114,,,0,0,0.48756565,,,2.5136848,,0,,0,1.343661,,,0.1906586,0.6138,0.30448,0.754336,0,1.4605635,
41,0,0,0,2.3780108,0,0,0,3.6782658,,0,0,1.4599464,0.9366995,0,0,0,4.59525495,1.0868616,0,2.3725625,0,4.38953515,,,0,0,,,,0,,0,,1.1723635,5.0365953,,,,,,,3.025539,1.355464,1.2776566,0,4.08560845,1.3794429,1.23530715,1.37038,1.5250114,,,0,0,0.2435895,,,2.5136848,,0,,0,1.343661,,,0.1906586,0.6138,0.30448,0.754336,0,1.4605635,
42,0,0,0,2.3474088,0,0,0,3.6782658,,0,0,1.4599464,0.9366995,0,0,0,4.59525495,1.0868616,0,2.3725625,0,4.38953515,,,0,0,,,,0,,0,,1.1723635,5.0365953,,,,,,,3.025539,1.355464,1.2776566,0,4.08560845,1.3794429,1.23530715,1.37038,1.5250114,,,0,0,0,,,2.5136848,,0,,0,1.343661,,,0.1906586,0.6138,0.30448,0.754336,0,1.4605635,
43,0,0,0,2.3474088,0,0,0,3.6782658,,0,0,1.4599464,0.4685505,0,0,0,4.59525495,1.0868616,0,2.3725625,0,4.38953515,,,0,0,,,,0,,0,,1.1723635,5.0365953,,,,,,,2.268651,0.924253,1.2776566,0,4.08560845,1.3794429,1.23530715,1.37038,1.5250114,,,0,0,0,,,2.5136848,,0,,0,1.343661,,,0.1906586,0.6138,0.30448,0.754336,0,1.4605635,
44,0,0,0,2.3474088,0,0,0,3.6782658,,0,0,1.4599464,0.4685505,0,0,0,4.59525495,1.0868616,0,2.3725625,0,4.38953515,,,0,0,,,,0,,0,,1.1723635,5.0365953,,,,,,,2.268651,0.924253,1.2776566,0,4.08560845,1.3794429,1.23530715,1.37038,1.5250114,,,0,0,0,,,2.5136848,,0,,0,1.343661,,,0.1906586,0.6138,0.30448,0.754336,0,1.4605635,
45,0,0,0,2.3474088,0,0,0,3.6782658,,0,0,0.7301976,0.4685505,0,0,0,4.59525495,1.0868616,0,2.3725625,0,4.38953515,,,0,0,,,,0,,0,,1.1723635,5.0365953,,,,,,,2.268651,0.924253,1.2776566,0,4.08560845,1.3794429,1.23530715,1.37038,1.5250114,,,0,0,0,,,2.5136848,,0,,0,1.343661,,,0.1906586,0.6138,0.30448,0.754336,0,1.4605635,
46,0,0,0,2.3474088,0,0,0,3.6782658,,0,0,0.7301976,0.4685505,0,0,0,4.59525495,1.0868616,0,2.3725625,0,4.38953515,,,0,0,,,,0,,0,,1.1723635,5.0365953,,,,,,,2.268651,0.677732,1.2776566,0,4.08560845,1.3794429,1.23530715,1.37038,1.5250114,,,0,0,0,,,2.5136848,,0,,0,1.343661,,,0.1906586,0.6138,0.30448,0.754336,0,1.4605635,
47,0,0,0,2.3474088,0,0,0,3.6782658,,0,0,0.7301976,0.4685505,0,0,0,4.59525495,1.0868616,0,2.3725625,0,4.38953515,,,0,0,,,,0,,0,,1.1723635,5.0365953,,,,,,,2.268651,0.677732,1.2776566,0,4.08560845,1.3794429,1.23530715,1.37038,1.5250114,,,0,0,0,,,2.5136848,,0,,0,1.343661,,,0.1906586,0.6138,0.30448,0.754336,0,1.4605635,
48,0,0,0,2.3474088,0,0,0,3.6782658,,0,0,0.7301976,0.4685505,0,0,0,4.59525495,1.0868616,0,2.3725625,0,4.38953515,,,0,0,,,,0,,0,,1.1723635,5.0365953,,,,,,,2.268651,0.677732,1.2776566,0,4.08560845,1.3794429,1.23530715,1.37038,1.5250114,,,0,0,0,,,2.5136848,,0,,0,1.343661,,,0.1906586,0.6138,0.30448,0.754336,0,1.4605635,
49,0,0,0,2.3474088,0,0,0,3.6782658,,0,0,0.7301976,0.4685505,0,0,0,4.59525495,1.0868616,0,2.3725625,0,4.38953515,,,0,0,,,,0,,0,,1.1723635,4.0294947,,,,,,,1.511763,0.677732,1.037212,0,4.08560845,1.3794429,1.23530715,1.37038,1.5250114,,,0,0,0,,,2.5136848,,0,,0,1.343661,,,0.1906586,0.6138,0.30448,0.754336,0,1.4605635,
50,0,0,0,2.285734,0,0,0,3.6782658,,0,0,0.7301976,0.4685505,0,0,0,4.59525495,1.0868616,0,2.3725625,0,4.38953515,,,0,0,,,,0,,0,,1.1723635,2.854544,,,,,,,1.511763,0.677732,0.7354776,0,4.08560845,1.3794429,1.23530715,1.37038,1.5250114,,,0,0,0,,,2.5136848,,0,,0,1.343661,,,0.1906586,0.6138,0.30448,0.754336,0,1.4605635,
51,0,0,0,2.285734,0,0,0,3.6782658,,0,0,0.7301976,0.4685505,0,0,0,4.59525495,1.0868616,0,2.3725625,0,4.38953515,,,0,0,,,,0,,0,,1.1723635,2.854544,,,,,,,1.511763,0.677732,0.7354776,0,4.08560845,1.3794429,1.23530715,1.37038,1.5250114,,,0,0,0,,,2.5136848,,0,,0,1.343661,,,0.1906586,0.6138,0.30448,0.754336,0,1.4605635,
52,0,0,0,2.285734,0,0,0,3.6782658,,0,0,0.7301976,0.4685505,0,0,0,4.59525495,1.0868616,0,2.3725625,0,4.38953515,,,0,0,,,,0,,0,,1.1723635,2.854544,,,,,,,1.511763,0.677732,0.7354776,0,4.08560845,1.3794429,1.23530715,1.37038,1.5250114,,,0,0,0,,,2.5136848,,0,,0,1.343661,,,0.1906586,0.6138,0.30448,0.754336,0,1.4605635,
53,0,0,0,2.285734,0,0,0,3.6782658,,0,0,0.7301976,0.4685505,0,0,0,4.59525495,1.0868616,0,2.3725625,0,4.38953515,,,0,0,,,,0,,0,,1.1723635,2.854544,,,,,,,1.511763,0.677732,0.7354776,0,4.08560845,1.3794429,1.23530715,1.37038,1.5250114,,,0,0,0,,,2.5136848,,0,,0,1.343661,,,0.1906586,0.6138,0.30448,0.754336,0,1.4605635,
54,0,0,0,2.2546612,0,0,0,3.6782658,,0,0,0.7301976,0.4685505,0,0,0,4.59525495,1.0868616,0,2.3725625,0,4.38953515,,,0,0,,,,0,,0,,1.1723635,2.854544,,,,,,,1.511763,0.677732,0.7354776,0,4.08560845,1.3794429,1.23530715,1.37038,1.5250114,,,0,0,0.2435895,,,2.5136848,,0,,0,1.343661,,,0.1906586,0.6138,0.30448,0.754336,0,1.4605635,
55,0,0,0,2.2546612,0,0,0,3.6782658,,0,0,0.7301976,0.4685505,0,0,0,4.59525495,1.0868616,0,2.3725625,0,4.38953515,,,0,0,,,,0,,0,,1.1723635,2.854544,,,,,,,1.511763,0.677732,0.7354776,0,4.08560845,1.3794429,1.23530715,1.37038,1.5250114,,,0,0,0.48756565,,,2.5136848,,0,,0,1.343661,,,0.1906586,0.6138,0.30448,0.754336,0,1.4605635,
56,0,0,0,2.2240592,0,0,0,3.6782658,,0,0,0.7301976,0.4685505,0,0,0,4.59525495,1.0868616,0,2.3725625,0,4.38953515,,,0,0,,,,0,,0,,1.1723635,2.854544,,,,,,,1.511763,0.677732,0.7354776,0,4.08560845,1.3794429,1.23530715,1.37038,1.5250114,,,0,0,0.7307685,,,2.5136848,,0,,0,1.343661,,,0.1906586,0.6138,0.30448,0.754336,0,1.4605635,
57,0,0,0,2.2240592,0,0,0,3.6782658,,0,0,0.7301976,0.4685505,0,0,0,4.59525495,1.0868616,0,2.3725625,0,4.38953515,,,0,0,,,,0,,0,,1.1723635,4.0294947,,,,,,,1.511763,0.1722435,1.037212,0,4.08560845,1.3794429,1.23530715,1.37038,1.5250114,,,0,0,0.7307685,,,2.5136848,,0,,0,1.343661,,,0.1906586,0.6138,0.30448,0.754336,0,1.4605635,
58,0,0,0,2.2240592,0,0,0,3.6782658,,0,0,0.7301976,0.4685505,0,0,0,4.59525495,1.0868616,0,2.3725625,0,4.38953515,,,0,0,,,,0,,0,,1.1723635,5.0365953,,,,,,,1.511763,0.1722435,1.2776566,0,4.08560845,1.3794429,1.23530715,1.37038,1.5250114,,,0,0,0.7307685,,,2.5136848,,0,,0,1.343661,,,0.1906586,0.6138,0.30448,0.754336,0,1.4605635,
59,0,0,0,2.2240592,0,0,0,3.6782658,,0,0,0.7301976,0.4685505,0,0,0,4.59525495,1.0868616,0,2.3725625,0,4.38953515,,,0,0,,,,0,,0,,1.1723635,5.0365953,,,,,,,1.135332,0,1.2776566,0,4.08560845,1.3794429,1.03380585,1.37038,1.5250114,,,0,0,0.7307685,,,2.5136848,,0,,0,1.343661,,,0.1906586,0.6138,0.30448,0.754336,0,1.4605635,
60,0,0,0,2.2240592,0,0,0,3.6782658,,0,0,0.7301976,0.4685505,0,0,0,4.59525495,1.0868616,0,2.3725625,0,4.38953515,,,0,0,,,,0,,0,,1.1723635,5.0365953,,,,,,,1.135332,0,1.2776566,0,4.08560845,1.3794429,1.03380585,1.37038,1.5250114,,,0,0,0.7307685,,,2.5136848,,0,,0,1.343661,,,0.1906586,0.6138,0.30448,0.754336,0,1.4605635,
61,0,0,0,2.2240592,0,0,0,3.6782658,,0,0,0.7301976,0.4685505,0,0,0,4.59525495,1.0868616,0,2.3725625,0,4.38953515,,,0,0,,,,0,,0,,1.1723635,5.0365953,,,,,,,1.135332,0,1.2776566,0,4.08560845,1.3794429,1.03380585,1.37038,1.5250114,,,0,0,0.7307685,,,2.5136848,,0,,0,1.343661,,,0.1906586,0.6138,0.30448,0.754336,0,1.4605635,
62,0,0,0,2.2240592,0,0,0,3.6782658,,0,0,0.7301976,0.4685505,0,0,0,4.59525495,1.0868616,0,2.3725625,0,4.38953515,,,0,0,,,,0,,0,,1.1723635,5.0365953,,,,,,,1.135332,0,1.2776566,0,4.08560845,1.3794429,1.03380585,1.37038,1.5250114,,,0,0,0.7307685,,,2.5136848,,0,,0,1.343661,,,0.1906586,0.6138,0.30448,0.754336,0,1.4605635,
63,0,0,0,2.2240592,0,0,0,3.6782658,,0,0,1.4599464,0.4685505,0,0,0,4.59525495,1.0868616,0,2.3725625,0,4.38953515,,,0,0,,,,0,,0,,1.1723635,5.0365953,,,,,,,1.135332,0,1.2776566,0,4.08560845,1.3794429,1.03380585,1.37038,1.5250114,,,0,0,0.7307685,,,2.5136848,,0,,0,1.343661,,,0.1906586,0.6138,0.30448,0.754336,0,1.4605635,
64,0,0,0,2.2240592,0,0,0,3.6782658,,0,0,1.4599464,0.4685505,0,0,0,4.59525495,1.0868616,0,2.3725625,0,4.38953515,,,0,0,,,,0,,0,,1.1723635,5.0365953,,,,,,,1.135332,0,1.2776566,0,4.08560845,1.3794429,1.03380585,1.37038,1.5250114,,,0,0,0.7307685,,,2.5136848,,0,,0,1.343661,,,0.1906586,0.6138,0.30448,0.754336,0,1.4605635,
65,0,0,0,2.2240592,0,0,0,3.6782658,,0,0,1.4599464,0.4685505,0,0,0,4.59525495,1.0868616,0,2.3725625,0,4.38953515,,,0,0,,,,0,,0,,1.1723635,5.0365953,,,,,,,1.135332,0,1.2776566,0,4.08560845,1.3794429,1.03380585,1.37038,1.5250114,,,0,0,0.7307685,,,2.5136848,,0,,0,1.343661,,,0.1906586,0.6138,0.30448,0.754336,0,1.4605635,
66,0,0,0,2.2240592,0,0,0,3.6782658,,0,0,1.4599464,0.4685505,0,0,0,4.59525495,1.0868616,0,2.3725625,0,4.38953515,,,0,0,,,,0,,0,,1.1723635,5.0365953,,,,,,,1.135332,0,1.2776566,0,4.08560845,1.3794429,1.03380585,1.37038,1.5250114,,,0,0,0.7307685,,,2.5136848,,0,,0,1.343661,,,0.1906586,0.6138,0.30448,0.754336,0,1.4605635,
67,0,0,0,2.2240592,0,0,0,3.6782658,,0,0,1.4599464,0.4685505,0,0,0,4.59525495,1.0868616,0,2.3725625,0,4.38953515,,,0,0,,,,0,,0,,1.1723635,5.0365953,,,,,,,1.135332,0,1.2776566,0,4.08560845,1.3794429,1.03380585,1.37038,1.5250114,,,0,0,0.7307685,,,2.5136848,,0,,0,1.343661,,,0.1906586,0.6138,0.30448,0.754336,0,1.4605635,
68,0,0,0,2.2240592,0,0,0,3.6782658,,0,0,1.4599464,0.9366995,0,0,0,4.59525495,1.0868616,0,2.3725625,0,4.38953515,,,0,0,,,,0.4549589,,0,,1.1723635,5.0365953,,,,,,,1.135332,0,1.2776566,0,4.08560845,1.3794429,1.03380585,1.37038,1.5250114,,,0,0,0.7307685,,,2.5136848,,0,,0,1.343661,,,0.1906586,0.6138,0.30448,0.754336,0,1.4605635,
69,0,0,0,2.2240592,0,0,0,3.6782658,,0,0,1.4599464,0.9366995,0,0,0,4.59525495,1.0868616,0.426393,2.3725625,0,4.38953515,,,0,0,,,,0.9994952,,0,,1.1723635,5.0365953,,,,,,,1.135332,0,1.2776566,0,4.08560845,1.3794429,1.03380585,1.37038,1.5250114,,,0,0,0.7307685,,,2.5136848,,0,,0,1.343661,,,0.1906586,0.6138,0.30448,0.754336,0,1.4605635,
70,0,0,0,2.2546612,0,0,0,3.6782658,,0,0,1.4599464,0.9366995,0,0,0,4.59525495,1.0868616,0.426393,2.3725625,0,4.38953515,,,0,0,,,,1.6901841,,0,,1.1723635,5.0365953,,,,,,,1.135332,0,1.2776566,0,4.08560845,1.3794429,1.03380585,1.37038,1.5250114,,,0,0,0.7307685,,,2.5136848,,0,,0,1.343661,,,0.1906586,0.6138,0.30448,0.495033,0,1.4605635,
71,0,0,0,2.2546612,0,0,0,3.6782658,,0,0,1.4599464,0.9366995,0,0,0,4.59525495,1.0868616,0.426393,2.3725625,0,4.38953515,,,0,0,,,,1.6948987,,0,,1.1723635,5.301296,,,,,,,0.756888,0,1.3625194,0,4.08560845,1.3794429,1.03380585,1.37038,1.5250114,,,0,0,0.7307685,,,2.5136848,,0,,0,1.17865,,,0.1906586,0.604252,0.30448,0.495033,0,1.4605635,
72,0,0,0,2.2546612,0,0,0,3.6782658,,0,0,1.4599464,0.9366995,0,0,0,4.59525495,1.0868616,0.426393,2.3725625,0,4.38953515,,,0,0,,,,2.2606507,,0,,1.1723635,5.301296,,,,,,,0.756888,0.1722435,1.3625194,0,4.08560845,1.3794429,1.03380585,1.37038,1.5250114,,,0,0,0.7307685,,,2.5136848,,0,,0,1.17865,,,0.1906586,0.604252,0.30448,0.495033,0,1.4605635,
73,0,0,0,2.2546612,0,0,0,3.6782658,,0,0,1.4599464,0.9366995,0,0,0,4.59525495,1.0868616,0.8520072,2.3725625,0,4.38953515,,,0,0,,,,2.2606507,,0,,1.1723635,5.301296,,,,,,,3.025539,0.3079505,1.3625194,0,4.08560845,1.3794429,1.03380585,1.37038,1.5250114,,,0,0,0.7307685,,,2.5136848,,0,,0,1.343661,,,0.1906586,0.60698,0.30448,0.542179,0,1.5395336,
74,0,0,0,2.2546612,0,0,0,3.6782658,,0,0,1.4599464,0.9366995,0,0,0,4.59525495,1.0868616,0.8520072,2.3725625,0,4.38953515,,,0,0,,,,2.2606507,,0,,1.1723635,5.301296,,,,,,,3.7814205,0.5544715,1.3625194,0,4.08560845,1.3794429,1.03380585,1.37038,1.5250114,,,0,0,0.7307685,,,2.5136848,,0,,0,1.343661,,,0.1906586,0.60698,0.30448,0.542179,0,1.5395336,
75,0,0,0,2.2546612,0,0,0,3.6782658,,0,0,2.1905928,1.40525,0,0,0,4.59525495,1.0868616,1.7047932,2.3725625,0,4.38953515,,,0,0,,,,2.2606507,,0,,1.1723635,5.301296,,,,,,,3.7814205,1.355464,1.3625194,0,4.08560845,1.3794429,1.03380585,1.37038,1.5250114,,,0,0,0.7307685,,,2.5136848,,0,,0,1.343661,,,0.1906586,0.60698,0.30448,0.542179,0,1.5395336,
76,0,0,0,2.2546612,0,0,0,3.6782658,,0,0,2.2615032,1.479126,0,0,0,4.59525495,1.0868616,1.7047932,2.40167125,0,4.38953515,,,0,0,,,,2.2606507,,0,,1.1723635,5.301296,,,,,,,4.4618145,3.1650245,1.3625194,0,4.08560845,1.3794429,1.03380585,1.37038,1.5250114,,,0,0,0.7307685,,,2.5136848,,0,,0,1.343661,,,0.1906586,0.60698,0.30448,0.542179,0,1.5395336,
77,0,0,0,2.285734,0,0,0,3.6782658,,0,0,2.2615032,1.479126,0,0,0,4.59525495,0.99297,1.7047932,2.40167125,0,2.99806815,,,0,0,,,,2.2606507,,0,,1.1723635,5.301296,,,,,,,4.4618145,3.1650245,1.3625194,0,4.08560845,1.3794429,1.03380585,1.37038,1.5250114,,,0,0,0.7307685,,,2.5136848,,0,,0,1.343661,,,0.1906586,0.60698,0.30448,0.542179,0,1.5395336,
78,0,0,0,2.285734,0,0,0,3.6782658,,0,0,2.2615032,1.479126,0,0,0,4.59525495,0.99297,1.7047932,2.40167125,0,2.99806815,,,0,0,,,,2.2606507,,0,,1.1723635,5.301296,,,,,,,4.4618145,3.1650245,1.3625194,0,4.08560845,1.3794429,1.03380585,1.37038,1.5250114,,,0,0,0.7307685,,,2.5136848,,0,,0,1.343661,,,0.1906586,0.60698,0.30448,0.542179,0,1.5395336,
79,0,0,0,2.285734,0,0,0,3.6782658,,0,0,2.2615032,1.479126,0,0,0,4.59525495,0.99297,1.7047932,2.40167125,0,2.99806815,,,0,0,,,,2.2606507,,0,,1.1723635,5.301296,,,,,,,4.4618145,3.1650245,1.3625194,0,4.08560845,1.3794429,1.03380585,1.37038,1.5250114,,,0,0,0.2435895,,,2.5136848,,0,,0,1.343661,,,0.1906586,0.60698,0.30448,0.542179,0,1.5395336,
80,0,0,0,2.285734,0,0,0,3.6782658,,0,0,2.2615032,1.479126,0,0,0,4.59525495,0.99297,1.7047932,2.40167125,0,2.99806815,,,0,0,,,,2.2606507,,0,,1.1723635,5.301296,,,,,,,4.4618145,3.1650245,1.3625194,0,4.08560845,1.3794429,1.03380585,1.37038,1.5250114,,,0,0,0.2435895,,,2.5136848,,0,,0,1.343661,,,0.1906586,0.60698,0.30448,0.542179,0,1.5395336,
81,0,0,0,2.285734,0,0,0,3.6782658,,0,0,2.2615032,1.479126,0,0,0,4.59525495,0.99297,1.7047932,2.40167125,0,2.99806815,,,0,0,,,,2.2606507,,0,,1.1723635,5.301296,,,,,,,4.4618145,3.1650245,1.3625194,0,4.08560845,1.3794429,1.03380585,1.37038,1.5250114,,,0,0,0.2435895,,,2.5136848,,0,,0,1.343661,,,0.1906586,0.60698,0.30448,0.542179,0,1.5395336,
82,0,0,0,2.285734,0,0,0,3.6782658,,0,0,2.2615032,1.479126,0,0,0,4.59525495,0.99297,1.7047932,2.40167125,0,2.99806815,,,0,0,,,,2.2606507,,0,,1.1723635,5.301296,,,,,,,4.4618145,3.1650245,1.3625194,0,4.08560845,1.3794429,1.03380585,1.37038,1.5250114,,,0,0,0.2435895,,,2.5136848,,0,,0,1.343661,,,0.1906586,0.60698,0.30448,0.542179,0,1.5395336,
83,0,0,0,2.285734,0,0,0,3.6782658,,0,0,2.1905928,1.4064545,0,0,0,4.59525495,0.99297,1.2784002,2.3725625,0,2.99806815,,,0,0,,,,2.2606507,,0,,1.1723635,5.301296,,,,,,,3.025539,2.156055,1.3625194,0,4.08560845,1.3794429,1.03380585,1.37038,1.5250114,,,0,0,0.2435895,,,2.5136848,,0,,0,1.343661,,,0.1906586,0.60698,0.30448,0.542179,0,1.5395336,
84,0,0,0,2.285734,0,0,0,3.6782658,,0,0,2.1905928,1.4064545,0,0,0,4.59525495,0.99297,1.2784002,2.3725625,0,2.99806815,,,0,0,,,,2.2606507,,0,,1.1723635,5.301296,,,,,,,3.025539,0.5544715,1.3625194,0,4.08560845,1.3794429,1.03380585,1.37038,1.5250114,,,0,0,0.2435895,,,2.5136848,,0,,0,1.343661,,,0.1906586,0.60698,0.30448,0.542179,0,1.5395336,
85,0,0,0,2.316336,0,0,0,3.6782658,,0,0,2.1905928,1.4064545,0,0,0,4.59525495,0.99297,1.2784002,2.3725625,0,2.99806815,,,0,0,,,,2.2606507,,0,,1.1723635,5.301296,,,,,,,3.025539,0.7391615,1.3625194,0,4.08560845,1.3794429,1.03380585,1.37038,1.5250114,,,0,0,0.12334135,,,2.5136848,,0,,0,1.343661,,,0.1906586,0.60698,0.30448,0.542179,0,1.4605635,
86,0,0,0,2.316336,0,0,0,3.6782658,,0,0,2.2615032,1.479126,0,0,0,4.59525495,0.99297,1.2784002,2.40167125,0,2.99806815,,,0,0,,,,2.2606507,,0,,1.1723635,5.301296,,,,,,,4.4618145,2.402576,1.3625194,0,4.08560845,1.3794429,1.03380585,1.37038,1.5250114,,,0,0,0.12334135,,,2.5136848,,0,,0,1.343661,,,0.1906586,0.60698,0.30448,0.542179,0,1.4605635,
87,0,0,0,2.316336,0,0,0,3.6782658,,0,0,2.2615032,1.479126,0,0,0,4.59525495,0.99297,1.7047932,2.40167125,0,2.99806815,,,0,0,,,,2.2606507,,0,,1.1723635,5.301296,,,,,,,4.4618145,2.402576,1.3625194,0,4.08560845,1.3794429,1.03380585,1.37038,1.5250114,,,0,0,0.12334135,,,2.5136848,,0,,0,1.343661,,,0.1906586,0.60698,0.30448,0.542179,0,1.4605635,
88,0,0,0,2.316336,0,0,0,3.6782658,,0,0,2.2615032,1.479126,0,0,0,4.59525495,0.99297,1.7047932,2.40167125,0,2.9981336,,,0,0,,,,2.2606507,,0,,1.1723635,5.301296,,,,,,,4.4618145,2.402576,1.3625194,0,4.08560845,1.3794429,1.03380585,1.37038,1.5250114,,,0,0,0.12334135,,,2.5136848,,0,,0,1.343661,,,0.1906586,0.60698,0.30448,0.542179,0,1.4605635,
89,0,0,0,2.316336,0,0,0,3.6782658,,0,0,2.2615032,1.479126,0,0,0,4.59525495,0.99297,1.7047932,2.40167125,0,2.99806815,,,0,0,,,,2.2606507,,0,,1.1723635,5.301296,,,,,,,4.4618145,3.1650245,1.3625194,0,4.08560845,1.3794429,1.03380585,1.37038,1.5250114,,,0,0,0.12334135,,,2.5136848,,0,,0,1.343661,,,0.1906586,0.60698,0.30448,0.542179,0,1.4605635,
90,0,0,0,2.316336,0,0,0,3.6782658,,0,0,2.2615032,1.479126,0,0,0,4.59525495,0.99297,1.7047932,2.40167125,0,2.99806815,,,0,0,,,,2.2606507,,0,,1.1723635,5.301296,,,,,,,4.4618145,3.1650245,1.3625194,0,4.08560845,1.3794429,1.03380585,1.37038,1.5250114,,,0,0,0.12334135,,,2.5136848,,0,,0,1.343661,,,0.1906586,0.60698,0.30448,0.542179,0,1.4605635,
91,0,0,0,2.316336,0,0,0,3.6782658,,0,0,2.1905928,1.4064545,0,0,0,4.59525495,0.99297,1.7047932,2.3725625,0,2.99806815,,,0,0,,,,2.2606507,,0,,1.1723635,5.301296,,,,,,,3.025539,0.5544715,1.3625194,0,4.08560845,1.3794429,1.03380585,1.37038,1.5250114,,,0,0,0,,,2.5136848,,0,,0,1.343661,,,0.1906586,0.60698,0.30448,0.542179,0,1.4605635,
92,0,0,0,2.316336,0,0,0,3.6782658,,0,0,2.1905928,1.4064545,0,0,0,4.59525495,0.99297,1.7047932,2.3725625,0,2.99806815,,,0,0,,,,2.2606507,,0,,1.1723635,5.301296,,,,,,,2.268651,0.36938,1.3625194,0,4.08560845,1.3794429,1.03380585,1.37038,1.5250114,,,0,0,0,,,2.5136848,,0,,0,1.343661,,,0.1906586,0.60698,0.30448,0.542179,0,1.4605635,
93,0,0,0,2.3474088,0,0,0,3.6782658,,0,0,2.1905928,1.4064545,0,0,0,4.59525495,0.99297,0.8520072,2.3725625,0,2.99806815,,,0,0,,,,2.2606507,,0,,1.1723635,5.301296,,,,,,,2.268651,0.924253,1.3625194,0,4.08560845,1.3794429,1.03380585,1.37038,1.5250114,,,0,0,0,,,2.5136848,,0,,0,1.343661,,,0.1906586,0.60698,0.30448,0.542179,0,1.4605635,
94,0,0,0,2.3474088,0,0,0,3.6782658,,0,0,2.1905928,1.4064545,0,0,0,4.59525495,0.99297,0.426393,2.3725625,0,2.99806815,,,0,0,,,,2.2606507,,0,,1.1723635,5.301296,,,,,,,2.268651,0.924253,1.3625194,0,4.08560845,1.3794429,1.03380585,1.37038,1.5250114,,,0,0,0,,,2.5136848,,0,,0,1.343661,,,0.1906586,0.60698,0.30448,0.542179,0,1.4605635,
95,0,0,0,2.3474088,0,0,0,3.6782658,,0,0,2.1905928,1.4064545,0,0,0,4.59525495,0.99297,0.426393,2.3725625,0,2.99806815,,,0,0,,,,2.2606507,,0,,1.1723635,5.301296,,,,,,,2.268651,0.924253,1.3625194,0,4.08560845,1.3794429,1.03380585,1.37038,1.5250114,,,0,0,0,,,2.5136848,,0,,0,1.343661,,,0.1906586,0.60698,0.30448,0.542179,0,1.4605635,
96,0,0,0,2.3474088,0,0,0,3.6782658,,0,0,2.1905928,1.4064545,0,0,0,4.59525495,0.99297,0.426393,2.3725625,0,2.99806815,,,0,0,,,,2.2606507,,0,,1.1723635,5.301296,,,,,,,2.268651,0.924253,1.3625194,0,4.08560845,1.3794429,1.03380585,1.37038,1.5250114,,,0,0,0,,,2.5136848,,0,,0,1.343661,,,0.1906586,0.60698,0.30448,0.542179,0,1.4605635,
