timeslot,revisionno,discomcode,BTPS,PRAGATI,RPH,DADRI_T,GT_OC,CSGS,GT_RLNG,PRG_RLNG,DVC,GT_LF,GT_CC,PRG_G_CC,GT_RLG_C,GT_LF_CC,PG_RLG_C,REGULATE,MTPS6,JHAJJAR,NJPC,CCGT_OC,CCGT_CC,CCGT_RCC,CCGT_ROC,CLPJHAJR,MEJIA7,MAITHON,SECI,RITHL_CC,RITHL_OC,RITHL_RC,RITHL_RO,NHPC,DADRI_T2,ANTA_GF,AURY_GF,FARAKKA,RIHAND1,RIHAND2,RIHAND3,SASAN,SNGRAULI,UNCHHAR1,UNCHHAR2,UNCHHAR3,KAHLGAN1,KAHLGAN2,DADRI_GF,ANTA_RF,AURY_RF,DADRI_RF,KOLDAM,TH_HPP,KTWR_HEP,SEWA2,DMSWSL,NAPP,RAPPB,MUNDRA,RAMPUR,RAPPC,TALA,ANTA_LF,AURY_LF,DADRI_LF,URI,URI2,CHAMERA1,CHAMERA2,CHAMERA3,DHAULIGNGA,DULHASTI,PARBATI3,SALAL,TANAKPUR,BSIUL,UNCHAHAR4,PRG_CCLF,PRG_OCLF,CCGTCCSPOT,CCGTOCSPOT,SNG_HYDRO,SHEP,GIREL,RUMS_DMRC,SEIPL,THPPL,NHPPL,ANTA_CRF,AURY_CRF,DADR_CRF,ALFANR_I,ALFANR_II,ALFANR_III,ERCPL_FTG,ERPCL_FTG2,AP41PL_BHDL,ASE4PL,KUDGI,SRIJAN_M,SITAC_BRPL,SITAC_BYPL,TANDA2,KSHNGNGA,SOLAPUR,MEJA,TWEPL,GBHHPL,THAR_BYPL,THAR_BRPL,ASEJ2PL_BYPL,ASEJ2PL_TPDDL,CHANJUII,SECI_BRPL,SECI_BYPL,SECI_TPDDL
1,95EnNDMC2024/06/28,NDMC,0.0000,0.0000,0.0000,0.0000,0.0000,0.0000,0.0000,0.0000,0.0000,0.0000,3.9600,87.0870,0.0000,0.0000,0.0000,0.0000,0.0000,9.4814,14.1629,0.0000,23.3472,0.0000,0.0000,0.0000,0.0000,0.0000,0.0000,0.0000,0.0000,0.0000,0.0000,0.0000,2.8926,0.0000,0.0000,0.0000,2.6497,1.4388,3.2776,0.0000,5.3345,0.4232,1.3159,0.6523,0.0000,0.0000,0.0000,0.0000,0.0000,0.0000,5.3637,0.0000,0.0000,0.0000,0.0000,4.6748,0.0000,0.0000,3.5357,8.6891,0.0000,0.0000,0.0000,0.0000,0.0000,3.1411,0.0000,4.7094,3.0232,3.6617,5.1013,0.0000,0.0000,0.0000,0.0000,1.6185,0.0000,0.0000,65.6640,0.0000,0.0739,0.0000,0.0000,0.0000,0.0000,0.0000,0.0000,3.3209,7.6416,7.6800,0.0000,0.0000,0.0000,0.0000,0.0000,0.0000,0.0000,0.0000,0.0000,0.0000,0.0000,2.0847,4.3685,0.0000,8.7370,0.7290,0.0000,0.0000,0.0000,0.0000,0.0000,0.0000,0.0000,0.0000,0.0000
2,95EnNDMC2024/06/28,NDMC,0.0000,0.0000,0.0000,0.0000,0.0000,0.0000,0.0000,0.0000,0.0000,0.0000,3.9600,87.0870,0.0000,0.0000,0.0000,0.0000,0.0000,9.4814,14.1629,0.0000,23.3472,0.0000,0.0000,0.0000,0.0000,0.0000,0.0000,0.0000,0.0000,0.0000,0.0000,0.0000,2.8926,0.0000,0.0000,0.0000,2.6497,1.4388,3.2776,0.0000,5.3345,0.4232,1.3159,0.6523,0.0000,0.0000,0.0000,0.0000,0.0000,0.0000,5.3637,0.0000,0.0000,0.0000,0.0000,4.6748,0.0000,0.0000,3.5357,8.6891,0.0000,0.0000,0.0000,0.0000,0.0000,3.1411,0.0000,4.7094,3.0232,3.6617,5.1013,0.0000,0.0000,0.0000,0.0000,1.6185,0.0000,0.0000,65.6640,0.0000,0.0739,0.0000,0.0000,0.0000,0.0000,0.0000,0.0000,3.3209,7.6416,7.6800,0.0000,0.0000,0.0000,0.0000,0.0000,0.0000,0.0000,0.0000,0.0000,0.0000,0.0000,2.0847,4.3685,0.0000,8.7370,0.7290,0.0000,0.0000,0.0000,0.0000,0.0000,0.0000,0.0000,0.0000,0.0000
3,95EnNDMC2024/06/28,NDMC,0.0000,0.0000,0.0000,0.0000,0.0000,0.0000,0.0000,0.0000,0.0000,0.0000,3.9600,87.0870,0.0000,0.0000,0.0000,0.0000,0.0000,9.4814,14.1629,0.0000,23.3472,0.0000,0.0000,0.0000,0.0000,0.0000,0.0000,0.0000,0.0000,0.0000,0.0000,0.0000,2.8926,0.0000,0.0000,0.0000,2.6497,1.4388,3.2776,0.0000,5.3345,0.4232,1.3159,0.6523,0.0000,0.0000,0.0000,0.0000,0.0000,0.0000,5.3637,0.0000,0.0000,0.0000,0.0000,4.6748,0.0000,0.0000,3.5357,8.6891,0.0000,0.0000,0.0000,0.0000,0.0000,3.1411,0.0000,4.7094,3.0232,3.6617,5.1013,0.0000,0.0000,0.0000,0.0000,1.6185,0.0000,0.0000,65.6640,0.0000,0.0739,0.0000,0.0000,0.0000,0.0000,0.0000,0.0000,3.3209,7.6416,7.6800,0.0000,0.0000,0.0000,0.0000,0.0000,0.0000,0.0000,0.0000,0.0000,0.0000,0.0000,2.0847,4.3685,0.0000,8.7370,0.7290,0.0000,0.0000,0.0000,0.0000,0.0000,0.0000,0.0000,0.0000,0.0000
4,95EnNDMC2024/06/28,NDMC,0.0000,0.0000,0.0000,0.0000,0.0000,0.0000,0.0000,0.0000,0.0000,0.0000,3.9600,87.0870,0.0000,0.0000,0.0000,0.0000,0.0000,9.4814,14.1629,0.0000,23.3472,0.0000,0.0000,0.0000,0.0000,0.0000,0.0000,0.0000,0.0000,0.0000,0.0000,0.0000,2.8926,0.0000,0.0000,0.0000,2.6497,1.4388,3.2776,0.0000,5.3345,0.4232,1.3159,0.6523,0.0000,0.0000,0.0000,0.0000,0.0000,0.0000,5.3637,0.0000,0.0000,0.0000,0.0000,4.6748,0.0000,0.0000,3.5357,8.6891,0.0000,0.0000,0.0000,0.0000,0.0000,3.1411,0.0000,4.7094,3.0232,3.6617,5.1013,0.0000,0.0000,0.0000,0.0000,1.6185,0.0000,0.0000,65.6640,0.0000,0.0739,0.0000,0.0000,0.0000,0.0000,0.0000,0.0000,3.3209,7.6416,7.6800,0.0000,0.0000,0.0000,0.0000,0.0000,0.0000,0.0000,0.0000,0.0000,0.0000,0.0000,2.0847,4.3685,0.0000,8.7370,0.7290,0.0000,0.0000,0.0000,0.0000,0.0000,0.0000,0.0000,0.0000,0.0000
5,95EnNDMC2024/06/28,NDMC,0.0000,0.0000,0.0000,0.0000,0.0000,0.0000,0.0000,0.0000,0.0000,0.0000,3.9600,87.0870,0.0000,0.0000,0.0000,0.0000,0.0000,9.4814,14.1629,0.0000,23.3472,0.0000,0.0000,0.0000,0.0000,0.0000,0.0000,0.0000,0.0000,0.0000,0.0000,0.0000,2.8926,0.0000,0.0000,0.0000,2.6497,1.4388,3.2776,0.0000,5.3345,0.4232,1.3159,0.6523,0.0000,0.0000,0.0000,0.0000,0.0000,0.0000,5.3637,0.0000,0.0000,0.0000,0.0000,4.6748,0.0000,0.0000,3.5357,8.6891,0.0000,0.0000,0.0000,0.0000,0.0000,3.1411,0.0000,4.7094,3.0232,3.6617,5.1013,0.0000,0.0000,0.0000,0.0000,1.6185,0.0000,0.0000,65.6640,0.0000,0.0739,0.0000,0.0000,0.0000,0.0000,0.0000,0.0000,3.3209,7.6416,7.6800,0.0000,0.0000,0.0000,0.0000,0.0000,0.0000,0.0000,0.0000,0.0000,0.0000,0.0000,2.0847,4.3685,0.0000,8.7370,0.7290,0.0000,0.0000,0.0000,0.0000,0.0000,0.0000,0.0000,0.0000,0.0000
6,95EnNDMC2024/06/28,NDMC,0.0000,0.0000,0.0000,0.0000,0.0000,0.0000,0.0000,0.0000,0.0000,0.0000,3.9600,87.0870,0.0000,0.0000,0.0000,0.0000,0.0000,9.4814,14.1629,0.0000,23.3472,0.0000,0.0000,0.0000,0.0000,0.0000,0.0000,0.0000,0.0000,0.0000,0.0000,0.0000,2.8926,0.0000,0.0000,0.0000,2.6497,1.4388,3.2776,0.0000,5.3345,0.4232,1.3159,0.6523,0.0000,0.0000,0.0000,0.0000,0.0000,0.0000,5.3637,0.0000,0.0000,0.0000,0.0000,4.6748,0.0000,0.0000,3.5357,8.6891,0.0000,0.0000,0.0000,0.0000,0.0000,3.1411,0.0000,4.7094,3.0232,3.6617,5.1013,0.0000,0.0000,0.0000,0.0000,1.6185,0.0000,0.0000,65.6640,0.0000,0.0739,0.0000,0.0000,0.0000,0.0000,0.0000,0.0000,3.3209,7.6416,7.6800,0.0000,0.0000,0.0000,0.0000,0.0000,0.0000,0.0000,0.0000,0.0000,0.0000,0.0000,2.0847,4.3685,0.0000,8.7370,0.7290,0.0000,0.0000,0.0000,0.0000,0.0000,0.0000,0.0000,0.0000,0.0000
7,95EnNDMC2024/06/28,NDMC,0.0000,0.0000,0.0000,0.0000,0.0000,0.0000,0.0000,0.0000,0.0000,0.0000,3.9600,87.0870,0.0000,0.0000,0.0000,0.0000,0.0000,9.4814,14.1629,0.0000,23.3472,0.0000,0.0000,0.0000,0.0000,0.0000,0.0000,0.0000,0.0000,0.0000,0.0000,0.0000,2.8926,0.0000,0.0000,0.0000,2.6497,1.4388,3.2776,0.0000,5.3345,0.4232,1.3159,0.6523,0.0000,0.0000,0.0000,0.0000,0.0000,0.0000,5.3637,0.0000,0.0000,0.0000,0.0000,4.6748,0.0000,0.0000,3.5357,8.6891,0.0000,0.0000,0.0000,0.0000,0.0000,3.1411,0.0000,4.7094,3.0232,3.6617,5.1013,0.0000,0.0000,0.0000,0.0000,1.6185,0.0000,0.0000,65.6640,0.0000,0.0739,0.0000,0.0000,0.0000,0.0000,0.0000,0.0000,3.3209,7.6416,7.6800,0.0000,0.0000,0.0000,0.0000,0.0000,0.0000,0.0000,0.0000,0.0000,0.0000,0.0000,2.0847,4.3685,0.0000,8.7370,0.7290,0.0000,0.0000,0.0000,0.0000,0.0000,0.0000,0.0000,0.0000,0.0000
8,95EnNDMC2024/06/28,NDMC,0.0000,0.0000,0.0000,0.0000,0.0000,0.0000,0.0000,0.0000,0.0000,0.0000,3.9600,87.0870,0.0000,0.0000,0.0000,0.0000,0.0000,9.4814,14.1629,0.0000,23.3472,0.0000,0.0000,0.0000,0.0000,0.0000,0.0000,0.0000,0.0000,0.0000,0.0000,0.0000,2.8926,0.0000,0.0000,0.0000,2.6497,1.4388,3.2776,0.0000,5.3345,0.4232,1.3159,0.6523,0.0000,0.0000,0.0000,0.0000,0.0000,0.0000,5.3637,0.0000,0.0000,0.0000,0.0000,4.6748,0.0000,0.0000,3.5357,8.6891,0.0000,0.0000,0.0000,0.0000,0.0000,3.1411,0.0000,4.7094,3.0232,3.6617,5.1013,0.0000,0.0000,0.0000,0.0000,1.6185,0.0000,0.0000,65.6640,0.0000,0.0739,0.0000,0.0000,0.0000,0.0000,0.0000,0.0000,3.3209,7.6416,7.6800,0.0000,0.0000,0.0000,0.0000,0.0000,0.0000,0.0000,0.0000,0.0000,0.0000,0.0000,2.0847,4.3685,0.0000,8.7370,0.7290,0.0000,0.0000,0.0000,0.0000,0.0000,0.0000,0.0000,0.0000,0.0000
9,95EnNDMC2024/06/28,NDMC,0.0000,0.0000,0.0000,0.0000,0.0000,0.0000,0.0000,0.0000,0.0000,0.0000,3.9600,87.0870,0.0000,0.0000,0.0000,0.0000,0.0000,9.4814,14.1629,0.0000,23.3472,0.0000,0.0000,0.0000,0.0000,0.0000,0.0000,0.0000,0.0000,0.0000,0.0000,0.0000,2.8926,0.0000,0.0000,0.0000,2.6497,1.4388,3.2776,0.0000,5.3345,0.4232,1.3159,0.6523,0.0000,0.0000,0.0000,0.0000,0.0000,0.0000,5.3637,0.0000,0.0000,0.0000,0.0000,4.6748,0.0000,0.0000,3.5357,8.6891,0.0000,0.0000,0.0000,0.0000,0.0000,3.1411,0.0000,4.7094,3.0232,3.6617,5.1013,0.0000,0.0000,0.0000,0.0000,1.6185,0.0000,0.0000,65.6640,0.0000,0.0739,0.0000,0.0000,0.0000,0.0000,0.0000,0.0000,3.3209,7.6416,7.6800,0.0000,0.0000,0.0000,0.0000,0.0000,0.0000,0.0000,0.0000,0.0000,0.0000,0.0000,2.0847,4.3685,0.0000,8.7370,1.3268,0.0000,0.0000,0.0000,0.0000,0.0000,0.0000,0.0000,0.0000,0.0000
10,95EnNDMC2024/06/28,NDMC,0.0000,0.0000,0.0000,0.0000,0.0000,0.0000,0.0000,0.0000,0.0000,0.0000,3.9600,87.0870,0.0000,0.0000,0.0000,0.0000,0.0000,9.4814,14.1629,0.0000,23.3472,0.0000,0.0000,0.0000,0.0000,0.0000,0.0000,0.0000,0.0000,0.0000,0.0000,0.0000,2.8926,0.0000,0.0000,0.0000,2.6497,1.4388,3.2776,0.0000,5.3345,0.4232,1.3159,0.6523,0.0000,0.0000,0.0000,0.0000,0.0000,0.0000,5.3637,0.0000,0.0000,0.0000,0.0000,4.6748,0.0000,0.0000,3.5357,8.6891,0.0000,0.0000,0.0000,0.0000,0.0000,3.1411,0.0000,4.7094,3.0232,3.6617,5.1013,0.0000,0.0000,0.0000,0.0000,1.6185,0.0000,0.0000,65.6640,0.0000,0.0739,0.0000,0.0000,0.0000,0.0000,0.0000,0.0000,3.3209,7.6416,7.6800,0.0000,0.0000,0.0000,0.0000,0.0000,0.0000,0.0000,0.0000,0.0000,0.0000,0.0000,2.0847,4.3685,0.0000,8.7370,0.7290,0.0000,0.0000,0.0000,0.0000,0.0000,0.0000,0.0000,0.0000,0.0000
11,95EnNDMC2024/06/28,NDMC,0.0000,0.0000,0.0000,0.0000,0.0000,0.0000,0.0000,0.0000,0.0000,0.0000,3.9600,87.0870,0.0000,0.0000,0.0000,0.0000,0.0000,9.4814,14.1629,0.0000,23.3472,0.0000,0.0000,0.0000,0.0000,0.0000,0.0000,0.0000,0.0000,0.0000,0.0000,0.0000,2.8926,0.0000,0.0000,0.0000,2.6497,1.4388,3.2776,0.0000,5.3345,0.4232,1.3159,0.6523,0.0000,0.0000,0.0000,0.0000,0.0000,0.0000,5.3637,0.0000,0.0000,0.0000,0.0000,4.6748,0.0000,0.0000,3.5357,8.6891,0.0000,0.0000,0.0000,0.0000,0.0000,3.1411,0.0000,4.7094,3.0232,3.6617,5.1013,0.0000,0.0000,0.0000,0.0000,1.6185,0.0000,0.0000,65.6640,0.0000,0.0739,0.0000,0.0000,0.0000,0.0000,0.0000,0.0000,3.3209,7.6416,7.6800,0.0000,0.0000,0.0000,0.0000,0.0000,0.0000,0.0000,0.0000,0.0000,0.0000,0.0000,2.0847,4.3685,0.0000,8.7370,0.6561,0.0000,0.0000,0.0000,0.0000,0.0000,0.0000,0.0000,0.0000,0.0000
12,95EnNDMC2024/06/28,NDMC,0.0000,0.0000,0.0000,0.0000,0.0000,0.0000,0.0000,0.0000,0.0000,0.0000,3.9600,87.0870,0.0000,0.0000,0.0000,0.0000,0.0000,9.4814,14.1629,0.0000,23.3472,0.0000,0.0000,0.0000,0.0000,0.0000,0.0000,0.0000,0.0000,0.0000,0.0000,0.0000,2.8926,0.0000,0.0000,0.0000,2.6497,1.4388,3.2776,0.0000,5.3345,0.4232,1.3159,0.6523,0.0000,0.0000,0.0000,0.0000,0.0000,0.0000,5.3637,0.0000,0.0000,0.0000,0.0000,4.6748,0.0000,0.0000,3.5357,8.6891,0.0000,0.0000,0.0000,0.0000,0.0000,3.1411,0.0000,4.7094,3.0232,3.6617,5.1013,0.3706,0.0000,0.0000,0.0000,1.6185,0.0000,0.0000,65.6640,0.0000,0.0739,0.0000,0.0000,0.0000,0.0000,0.0000,0.0000,3.3209,7.7736,7.6800,0.0000,0.0000,0.0000,0.0000,0.0000,0.0000,0.0000,0.0000,0.0000,0.0000,0.0000,2.0847,4.3685,0.0000,8.7370,0.6561,0.0000,0.0000,0.0000,0.0000,0.0000,0.0000,0.0000,0.0000,0.0000
13,95EnNDMC2024/06/28,NDMC,0.0000,0.0000,0.0000,0.0000,0.0000,0.0000,0.0000,0.0000,0.0000,0.0000,3.9600,87.0870,0.0000,0.0000,0.0000,0.0000,0.0000,9.4814,14.1629,0.0000,23.3472,0.0000,0.0000,0.0000,0.0000,0.0000,0.0000,0.0000,0.0000,0.0000,0.0000,0.0000,2.8926,0.0000,0.0000,0.0000,2.6497,1.4388,3.2776,0.0000,5.3345,0.4232,1.3159,0.6523,0.0000,0.0000,0.0000,0.0000,0.0000,0.0000,5.3637,0.0000,0.0000,0.0000,0.0000,4.6748,0.0000,0.0000,3.5357,8.6891,0.0000,0.0000,0.0000,0.0000,0.0000,3.1411,0.0000,4.7094,3.0232,3.6617,5.1013,1.4565,0.0000,0.0000,0.0000,1.6185,0.0000,0.0000,65.6640,0.0000,0.0739,0.0000,0.0000,0.0000,0.0000,0.0000,0.0000,3.3209,7.7736,7.8174,0.0000,0.0000,0.0000,0.0000,0.0000,0.0000,0.0000,0.0000,0.0000,0.0000,0.0000,2.0847,4.3685,0.0000,8.7370,0.6561,0.0000,0.0000,0.0000,0.0000,0.0000,0.0000,0.0000,0.0000,0.0000
14,95EnNDMC2024/06/28,NDMC,0.0000,0.0000,0.0000,0.0000,0.0000,0.0000,0.0000,0.0000,0.0000,0.0000,3.9600,87.0870,0.0000,0.0000,0.0000,0.0000,0.0000,9.4814,14.1629,0.0000,23.3472,0.0000,0.0000,0.0000,0.0000,0.0000,0.0000,0.0000,0.0000,0.0000,0.0000,0.0000,2.8926,0.0000,0.0000,0.0000,2.6497,1.4388,3.2776,0.0000,5.3345,0.4232,1.3159,0.6523,0.0000,0.0000,0.0000,0.0000,0.0000,0.0000,5.3637,0.0000,0.0000,0.0000,0.0000,4.6748,0.0000,0.0000,3.5357,8.6891,0.0000,0.0000,0.0000,0.0000,0.0000,3.1411,0.0000,4.7094,3.0232,3.6617,5.1013,1.4565,0.0000,0.0000,0.0000,1.6185,0.0000,0.0000,65.6640,0.0000,0.0739,0.0000,0.0000,0.0000,0.0000,0.0000,0.0000,3.3209,7.7736,7.8174,0.0000,0.0000,0.0000,0.0000,0.0000,0.0000,0.0000,0.0000,0.0000,0.0000,0.0000,2.0847,4.3685,0.0000,8.7370,0.6561,0.0000,0.0000,0.0000,0.0000,0.0000,0.0000,0.0000,0.0000,0.0000
15,95EnNDMC2024/06/28,NDMC,0.0000,0.0000,0.0000,0.0000,0.0000,0.0000,0.0000,0.0000,0.0000,0.0000,3.9600,87.0870,0.0000,0.0000,0.0000,0.0000,0.0000,9.4814,14.1629,0.0000,23.3472,0.0000,0.0000,0.0000,0.0000,0.0000,0.0000,0.0000,0.0000,0.0000,0.0000,0.0000,2.8926,0.0000,0.0000,0.0000,2.6497,1.4388,3.2776,0.0000,5.3345,0.4232,1.3159,0.6523,0.0000,0.0000,0.0000,0.0000,0.0000,0.0000,5.3637,0.0000,0.0000,0.0000,0.0000,4.6748,0.0000,0.0000,3.5357,8.6891,0.0000,0.0000,0.0000,0.0000,0.0000,3.1411,0.0000,4.7094,3.0232,3.6617,5.1013,1.4565,0.0000,0.0000,0.0000,1.6185,0.0000,0.0000,65.6640,0.0000,0.0739,0.0000,0.0000,0.0000,0.0000,0.0000,0.0000,3.3209,7.7736,7.8174,0.0000,0.0000,0.0000,0.0000,0.0000,0.0000,0.0000,0.0000,0.0000,0.0000,0.0000,2.0847,4.3685,0.0000,8.7370,0.6561,0.0000,0.0000,0.0000,0.0000,0.0000,0.0000,0.0000,0.0000,0.0000
16,95EnNDMC2024/06/28,NDMC,0.0000,0.0000,0.0000,0.0000,0.0000,0.0000,0.0000,0.0000,0.0000,0.0000,3.9600,87.0870,0.0000,0.0000,0.0000,0.0000,0.0000,9.4814,14.1629,0.0000,23.3472,0.0000,0.0000,0.0000,0.0000,0.0000,0.0000,0.0000,0.0000,0.0000,0.0000,0.0000,2.8926,0.0000,0.0000,0.0000,2.6497,1.4388,3.2776,0.0000,5.3345,0.4232,1.3159,0.6523,0.0000,0.0000,0.0000,0.0000,0.0000,0.0000,5.3637,0.0000,0.0000,0.0000,0.0000,4.6748,0.0000,0.0000,3.5357,8.6891,0.0000,0.0000,0.0000,0.0000,0.0000,3.1411,0.0000,4.7094,3.0232,3.6617,5.1013,1.4565,0.0000,0.0000,0.0000,1.6185,0.0000,0.0000,65.6640,0.0000,0.0739,0.0000,0.0000,0.0000,0.0000,0.0000,0.0000,3.3209,7.7736,7.8174,0.0000,0.0000,0.0000,0.0000,0.0000,0.0000,0.0000,0.0000,0.0000,0.0000,0.0000,2.0847,4.3685,0.0000,8.7370,0.6561,0.0000,0.0000,0.0000,0.0000,0.0000,0.0000,0.0000,0.0000,0.0000
17,95EnNDMC2024/06/28,NDMC,0.0000,0.0000,0.0000,0.0000,0.0000,0.0000,0.0000,0.0000,0.0000,0.0000,3.9600,87.0870,0.0000,0.0000,0.0000,0.0000,0.0000,9.4814,14.1629,0.0000,23.3472,0.0000,0.0000,0.0000,0.0000,0.0000,0.0000,0.0000,0.0000,0.0000,0.0000,0.0000,2.8926,0.0000,0.0000,0.0000,2.6497,1.4388,3.2776,0.0000,5.3345,0.4232,1.3159,0.6523,0.0000,0.0000,0.0000,0.0000,0.0000,0.0000,5.3637,0.0000,0.0000,0.0000,0.0000,4.6748,0.0000,0.0000,3.5357,8.6891,0.0000,0.0000,0.0000,0.0000,0.0000,3.1411,0.0000,4.7094,3.0232,2.7459,5.1013,1.4565,0.0000,0.0000,0.0000,1.6185,0.0000,0.0000,65.6640,0.0000,0.0739,0.0000,0.0000,0.0000,0.0000,0.0000,0.0000,3.3209,7.7736,7.8174,0.0000,0.0000,0.0000,0.0000,0.0000,0.0000,0.0000,0.0000,0.0000,0.0000,0.0000,2.0847,4.3685,0.0000,8.7370,0.6561,0.0000,0.0000,0.0000,0.0000,0.0000,0.0000,0.0000,0.0000,0.0000
18,95EnNDMC2024/06/28,NDMC,0.0000,0.0000,0.0000,0.0000,0.0000,0.0000,0.0000,0.0000,0.0000,0.0000,3.9600,87.0870,0.0000,0.0000,0.0000,0.0000,0.0000,9.4814,14.1629,0.0000,23.3472,0.0000,0.0000,0.0000,0.0000,0.0000,0.0000,0.0000,0.0000,0.0000,0.0000,0.0000,2.8926,0.0000,0.0000,0.0000,2.6497,1.4388,3.2776,0.0000,5.3345,0.4232,1.3159,0.6523,0.0000,0.0000,0.0000,0.0000,0.0000,0.0000,5.3637,0.0000,0.0000,0.0000,0.0000,4.6748,0.0000,0.0000,3.5357,8.6891,0.0000,0.0000,0.0000,0.0000,0.0000,3.1411,0.0000,4.7094,3.0232,2.7459,5.1013,1.4565,0.0000,0.0000,0.0000,1.6185,0.0000,0.0000,65.6640,0.0000,0.0739,0.0000,0.0000,0.0000,0.0000,0.0000,0.0000,3.3209,7.7736,7.8174,0.0000,0.0000,0.0000,0.0000,0.0000,0.0000,0.0000,0.0000,0.0000,0.0000,0.0000,2.0847,4.3685,0.0000,8.7370,0.6561,0.0000,0.0000,0.0000,0.0000,0.0000,0.0000,0.0000,0.0000,0.0000
19,95EnNDMC2024/06/28,NDMC,0.0000,0.0000,0.0000,0.0000,0.0000,0.0000,0.0000,0.0000,0.0000,0.0000,3.9600,87.0870,0.0000,0.0000,0.0000,0.0000,0.0000,9.4814,14.1629,0.0000,23.3472,0.0000,0.0000,0.0000,0.0000,0.0000,0.0000,0.0000,0.0000,0.0000,0.0000,0.0000,2.8926,0.0000,0.0000,0.0000,2.6497,1.4388,3.2776,0.0000,5.3345,0.4232,1.3159,0.6523,0.0000,0.0000,0.0000,0.0000,0.0000,0.0000,5.3637,0.0000,0.0000,0.0000,0.0000,4.6748,0.0000,0.0000,3.5357,8.6891,0.0000,0.0000,0.0000,0.0000,0.0000,3.1411,0.0000,4.7094,3.0232,2.7459,5.1013,1.4565,0.0000,0.0000,0.0000,1.6185,0.0000,0.0000,65.6640,0.0000,0.0739,0.0000,0.0000,0.0000,0.0000,0.0000,0.0000,3.3209,7.7736,7.8174,0.0000,0.0000,0.0000,0.0000,0.0000,0.0000,0.0000,0.0000,0.0000,0.0000,0.0000,2.0847,4.3685,0.0000,8.7370,0.6561,0.0000,0.0000,0.0000,0.0000,0.0000,0.0000,0.0000,0.0000,0.0000
20,95EnNDMC2024/06/28,NDMC,0.0000,0.0000,0.0000,0.0000,0.0000,0.0000,0.0000,0.0000,0.0000,0.0000,3.9600,87.0870,0.0000,0.0000,0.0000,0.0000,0.0000,9.4814,14.1629,0.0000,23.3472,0.0000,0.0000,0.0000,0.0000,0.0000,0.0000,0.0000,0.0000,0.0000,0.0000,0.0000,2.8926,0.0000,0.0000,0.0000,2.6497,1.4388,3.2776,0.0000,5.3345,0.4232,1.3159,0.6523,0.0000,0.0000,0.0000,0.0000,0.0000,0.0000,5.3637,0.0000,0.0000,0.0000,0.0000,4.6748,0.0000,0.0000,3.5357,8.6891,0.0000,0.0000,0.0000,0.0000,0.0000,3.1411,0.0000,4.7094,3.0232,2.7459,5.1013,1.4565,0.0000,0.0000,0.0000,1.6185,0.0000,0.0000,65.6640,0.0000,0.0739,0.0000,0.0000,0.0000,0.0000,0.0000,0.0000,3.3209,7.7736,7.8174,0.0000,0.0000,0.0000,0.0000,0.0000,0.0000,0.0000,0.0000,0.0000,0.0000,0.0000,2.0847,4.3685,0.0000,8.7370,0.7290,0.0000,0.0000,0.0000,0.0000,0.0000,0.0000,0.0000,0.0000,0.0000
21,95EnNDMC2024/06/28,NDMC,0.0000,0.0000,0.0000,0.0000,0.0000,0.0000,0.0000,0.0000,0.0000,0.0000,3.9600,87.0870,0.0000,0.0000,0.0000,0.0000,0.0000,9.4814,14.1629,0.0000,23.3472,0.0000,0.0000,0.0000,0.0000,0.0000,0.0000,0.0000,0.0000,0.0000,0.0000,0.0000,2.8926,0.0000,0.0000,0.0000,2.6497,1.4388,3.2776,0.0000,5.3345,0.4232,1.3159,0.6523,0.0000,0.0000,0.0000,0.0000,0.0000,0.0000,5.3637,0.0000,0.0000,0.0000,0.0000,4.6748,0.0000,0.0000,3.5357,8.6891,0.0000,0.0000,0.0000,0.0000,0.0000,3.1411,0.0000,4.7094,3.0232,2.7459,5.1013,1.4565,0.0000,0.0000,0.0000,1.6185,0.0000,0.0000,65.6640,0.0000,0.0739,0.0000,0.0000,0.0000,0.0000,0.0000,0.0000,3.3209,7.7736,7.8174,0.0000,0.0000,0.0000,0.0000,0.0000,0.0000,0.0000,0.0000,0.0000,0.0000,0.0000,2.0847,4.3685,0.0000,8.7370,0.7290,0.0000,0.0000,0.0000,0.0000,0.0000,0.0000,0.0000,0.0000,0.0000
22,95EnNDMC2024/06/28,NDMC,0.0000,0.0000,0.0000,0.0000,0.0000,0.0000,0.0000,0.0000,0.0000,0.0000,3.9600,87.0870,0.0000,0.0000,0.0000,0.0000,0.0000,9.4814,14.1629,0.0000,23.3472,0.0000,0.0000,0.0000,0.0000,0.0000,0.0000,0.0000,0.0000,0.0000,0.0000,0.0000,2.8926,0.0000,0.0000,0.0000,2.6497,1.4388,3.2776,0.0000,5.3345,0.4232,1.3159,0.6523,0.0000,0.0000,0.0000,0.0000,0.0000,0.0000,5.3637,0.0000,0.0000,0.0000,0.0000,4.6748,0.0000,0.0000,3.5357,8.6891,0.0000,0.0000,0.0000,0.0000,0.0000,3.1411,0.0000,4.7094,3.0232,2.7459,5.1013,0.7942,0.0000,0.0000,0.0000,1.6185,0.0000,0.0000,65.6640,0.0000,0.0739,0.0000,0.0000,0.0000,0.0000,0.0000,0.0000,3.3209,7.7736,7.8174,0.0000,0.0000,0.0000,0.0000,0.0000,0.0000,0.0000,0.0000,0.0000,0.0000,0.0000,2.0847,4.3685,0.0000,8.7370,0.7290,0.0000,0.0000,0.0000,0.0000,0.0000,0.0000,0.0000,0.0000,0.0000
23,95EnNDMC2024/06/28,NDMC,0.0000,0.0000,0.0000,0.0000,0.0000,0.0000,0.0000,0.0000,0.0000,0.0000,3.9600,87.0870,0.0000,0.0000,0.0000,0.0000,0.0000,9.4814,14.1629,0.0000,23.3472,0.0000,0.0000,0.0000,0.0000,0.0000,0.0000,0.0000,0.0000,0.0000,0.0000,0.0000,2.8926,0.0000,0.0000,0.0000,2.6497,1.4388,3.2776,0.0000,5.3345,0.4232,1.3159,0.6523,0.0000,0.0000,0.0000,0.0000,0.0000,0.0000,5.3637,0.0000,0.0000,0.0000,0.0000,4.6748,0.0000,0.0000,3.5357,8.6891,0.0000,0.0000,0.0000,0.0000,0.0000,3.1411,0.0000,4.7094,3.0232,2.7459,5.1013,1.0598,0.0000,0.0000,0.0000,1.6185,0.0000,0.0000,65.6640,0.0000,0.0739,0.0000,0.0000,0.0000,0.0000,0.0000,0.0000,3.3209,7.7736,7.8174,0.0000,0.0000,0.0000,0.0000,0.0000,0.0000,0.0000,0.0000,0.0000,0.0000,0.0000,2.0847,4.3685,0.0000,8.7370,0.7290,0.0000,0.0000,0.0000,0.0000,0.0000,0.0000,0.0000,0.0000,0.0000
24,95EnNDMC2024/06/28,NDMC,0.0000,0.0000,0.0000,0.0000,0.0000,0.0000,0.0000,0.0000,0.0000,0.0000,3.9600,87.0870,0.0000,0.0000,0.0000,0.0000,0.0000,9.4814,14.1629,0.0000,23.3472,0.0000,0.0000,0.0000,0.0000,0.0000,0.0000,0.0000,0.0000,0.0000,0.0000,0.0000,2.8926,0.0000,0.0000,0.0000,2.6497,1.4388,3.2776,0.0000,5.3345,0.4232,1.3159,0.6523,0.0000,0.0000,0.0000,0.0000,0.0000,0.0000,5.3637,0.0000,0.0000,0.0000,0.0000,4.6748,0.0000,0.0000,3.5357,8.6891,0.0000,0.0000,0.0000,0.0000,0.0000,3.1411,0.0000,4.7094,3.0232,2.7459,5.1013,6.8867,0.0000,0.0000,0.0000,1.6185,0.0000,0.0000,65.6640,0.0000,0.0739,0.0000,0.0000,0.0000,0.0000,0.0000,0.0000,3.3209,7.7736,7.8174,0.0000,0.0000,0.0000,0.0000,0.0000,0.0000,0.0000,0.0000,0.0000,0.0000,0.0000,2.0847,4.3685,0.0000,8.7370,0.7290,0.0000,0.0000,0.0000,0.0000,0.0000,0.0000,0.0000,0.0000,0.0000
25,95EnNDMC2024/06/28,NDMC,0.0000,0.0000,0.0000,0.0000,0.0000,0.0000,0.0000,0.0000,0.0000,0.0000,3.9600,87.0870,0.0000,0.0000,0.0000,0.0000,0.0000,9.4814,14.1629,0.0000,23.3472,0.0000,0.0000,0.0000,0.0000,0.0000,0.0000,0.0000,0.0000,0.0000,0.0000,0.0000,2.8926,0.0000,0.0000,0.0000,2.6497,1.4388,3.2776,0.0000,5.3345,0.4232,1.3159,0.6523,0.0000,0.0000,0.0000,0.0000,0.0000,0.0000,5.3637,0.0000,0.0000,0.0000,0.0000,4.6748,0.0000,0.0000,3.5357,8.6891,0.0000,0.0000,0.0000,0.0000,0.0000,3.1411,0.0000,4.7094,3.0232,2.7459,5.1013,6.8867,0.0000,0.0000,0.0000,1.6185,0.0000,0.0000,65.6640,0.0000,0.0739,0.0000,0.0000,0.0000,0.0000,0.0000,0.0000,3.3209,7.7076,7.6800,0.0000,0.0000,0.0000,0.0000,0.0000,0.0000,0.0000,0.0000,0.0000,0.0000,0.0000,2.0847,4.3685,0.0000,8.7370,1.0692,0.0000,0.0000,0.0000,0.0000,0.0000,0.0000,0.0000,0.0000,0.0000
26,95EnNDMC2024/06/28,NDMC,0.0000,0.0000,0.0000,0.0000,0.0000,0.0000,0.0000,0.0000,0.0000,0.0000,3.9600,87.0870,0.0000,0.0000,0.0000,0.0000,0.0000,9.4814,14.1629,0.0000,23.3472,0.0000,0.0000,0.0000,0.0000,0.0000,0.0000,0.0000,0.0000,0.0000,0.0000,0.0000,2.8926,0.0000,0.0000,0.0000,2.6497,1.4388,3.2776,0.0000,5.3345,0.4232,1.3159,0.6523,0.0000,0.0000,0.0000,0.0000,0.0000,0.0000,5.3637,0.0000,0.0000,0.0000,0.0000,4.6748,0.0000,0.0000,3.5357,8.6891,0.0000,0.0000,0.0000,0.0000,0.0000,3.1411,0.0000,4.7094,3.0232,2.7459,5.1013,6.8867,0.0000,0.0000,0.0000,1.6185,0.0000,0.0000,65.6640,0.0000,0.0739,0.0000,0.0000,0.0000,0.0000,0.0000,0.0000,3.3209,7.7076,7.6800,0.0000,0.0000,0.0000,0.0000,0.0000,0.0000,0.0000,0.0000,0.0000,0.0000,0.0000,2.0847,4.3685,0.0000,8.7370,1.2150,0.0000,0.0000,0.0000,0.0000,0.0000,0.0000,0.0000,0.0000,0.0000
27,95EnNDMC2024/06/28,NDMC,0.0000,0.0000,0.0000,0.0000,0.0000,0.0000,0.0000,0.0000,0.0000,0.0000,3.9600,87.0870,0.0000,0.0000,0.0000,0.0000,0.0000,9.4814,14.1629,0.0000,23.3472,0.0000,0.0000,0.0000,0.0000,0.0000,0.0000,0.0000,0.0000,0.0000,0.0000,0.0000,2.8926,0.0000,0.0000,0.0000,2.6497,1.4388,3.2776,0.0000,5.3345,0.4232,1.3159,0.6523,0.0000,0.0000,0.0000,0.0000,0.0000,0.0000,5.3637,0.0000,0.0000,0.0000,0.0000,4.6748,0.0000,0.0000,3.5357,8.6891,0.0000,0.0000,0.0000,0.0000,0.0000,3.1411,0.0000,4.7094,3.0232,2.7459,5.1013,6.8867,0.0000,0.0000,0.0000,1.6185,0.0000,0.0000,65.6640,0.0000,0.0739,0.0000,0.0000,0.0000,0.0000,0.0000,0.0000,3.3209,7.7076,7.6800,0.0000,0.0000,0.0000,0.0000,0.0000,0.0000,0.0000,0.0000,0.0000,0.0000,0.0000,2.0847,4.3685,0.0000,8.7370,1.2150,0.0000,0.0000,0.0000,0.0000,0.0000,0.0000,0.0000,0.0000,0.0000
28,95EnNDMC2024/06/28,NDMC,0.0000,0.0000,0.0000,0.0000,0.0000,0.0000,0.0000,0.0000,0.0000,0.0000,3.9600,87.0870,0.0000,0.0000,0.0000,0.0000,0.0000,9.4814,14.1629,0.0000,23.3472,0.0000,0.0000,0.0000,0.0000,0.0000,0.0000,0.0000,0.0000,0.0000,0.0000,0.0000,2.8926,0.0000,0.0000,0.0000,2.6497,1.4388,3.2776,0.0000,5.3345,0.4232,1.3159,0.6523,0.0000,0.0000,0.0000,0.0000,0.0000,0.0000,5.3637,0.0000,0.0000,0.0000,0.0000,4.6748,0.0000,0.0000,3.5357,8.6891,0.0000,0.0000,0.0000,0.0000,0.0000,3.1411,0.0000,4.7094,3.0232,2.7459,5.1013,6.8867,0.0000,0.0000,0.0000,1.6185,0.0000,0.0000,65.6640,0.0000,0.0739,0.0000,0.0000,0.0000,0.0000,0.0000,0.0000,3.3209,7.7076,7.6800,0.0000,0.0000,0.0000,0.0000,0.0000,0.0000,0.0000,0.0000,0.0000,0.0000,0.0000,2.0847,4.3685,0.0000,8.7370,1.2150,0.0000,0.0000,0.0000,0.0000,0.0000,0.0000,0.0000,0.0000,0.0000
29,95EnNDMC2024/06/28,NDMC,0.0000,0.0000,0.0000,0.0000,0.0000,0.0000,0.0000,0.0000,0.0000,0.0000,3.9600,87.0870,0.0000,0.0000,0.0000,0.0000,0.0000,9.4814,14.1629,0.0000,23.3472,0.0000,0.0000,0.0000,0.0000,0.0000,0.0000,0.0000,0.0000,0.0000,0.0000,0.0000,2.8926,0.0000,0.0000,0.0000,2.6497,1.4388,3.2776,0.0000,5.3345,0.4232,1.3159,0.6523,0.0000,0.0000,0.0000,0.0000,0.0000,0.0000,5.3637,0.0000,0.0000,0.0000,0.0000,4.6748,0.0000,0.0000,3.5357,8.6891,0.0000,0.0000,0.0000,0.0000,0.0000,3.1411,0.0000,4.7094,3.0232,2.7459,5.1013,6.8867,0.0000,0.0000,0.0000,1.6185,0.0000,0.0000,65.6640,0.0000,0.0739,0.0000,0.0000,0.0000,0.0000,0.0000,0.0000,3.3209,7.7076,7.6800,0.0000,0.0000,0.0000,0.0000,0.0000,0.0000,0.0000,0.0000,0.0000,0.0000,0.0000,2.0847,4.3685,0.0000,8.7370,1.2150,0.0000,0.0000,0.0000,0.0000,0.0000,0.0000,0.0000,0.0000,0.0000
30,95EnNDMC2024/06/28,NDMC,0.0000,0.0000,0.0000,0.0000,0.0000,0.0000,0.0000,0.0000,0.0000,0.0000,3.9600,87.0870,0.0000,0.0000,0.0000,0.0000,0.0000,9.4814,14.1629,0.0000,23.3472,0.0000,0.0000,0.0000,0.0000,0.0000,0.0000,0.0000,0.0000,0.0000,0.0000,0.0000,2.8926,0.0000,0.0000,0.0000,2.6497,1.4388,3.2776,0.0000,5.3345,0.4232,1.3159,0.6523,0.0000,0.0000,0.0000,0.0000,0.0000,0.0000,5.3637,0.0000,0.0000,0.0000,0.0000,4.6748,0.0000,0.0000,3.5357,8.6891,0.0000,0.0000,0.0000,0.0000,0.0000,3.1411,0.0000,4.7094,3.0232,2.7459,5.1013,0.7942,0.0000,0.0000,0.0000,1.6185,0.0000,0.0000,65.6640,0.0000,0.0739,0.0000,0.0000,0.0000,0.0000,0.0000,0.0000,3.3209,7.7076,7.6800,0.0000,0.0000,0.0000,0.0000,0.0000,0.0000,0.0000,0.0000,0.0000,0.0000,0.0000,2.0847,4.3685,0.0000,8.7370,1.2150,0.0000,0.0000,0.0000,0.0000,0.0000,0.0000,0.0000,0.0000,0.0000
31,95EnNDMC2024/06/28,NDMC,0.0000,0.0000,0.0000,0.0000,0.0000,0.0000,0.0000,0.0000,0.0000,0.0000,3.9600,87.0870,0.0000,0.0000,0.0000,0.0000,0.0000,9.4814,14.1629,0.0000,23.3472,0.0000,0.0000,0.0000,0.0000,0.0000,0.0000,0.0000,0.0000,0.0000,0.0000,0.0000,2.8926,0.0000,0.0000,0.0000,2.6497,1.4388,3.2776,0.0000,5.3633,0.4232,1.3159,0.6523,0.0000,0.0000,0.0000,0.0000,0.0000,0.0000,5.3637,0.0000,0.0000,0.0000,0.0000,4.6748,0.0000,0.0000,3.5357,8.6891,0.0000,0.0000,0.0000,0.0000,0.0000,3.1411,0.0000,4.7094,3.0232,2.7459,5.1013,1.5893,0.0000,0.0000,0.0000,1.6185,0.0000,0.0000,65.6640,0.0000,0.0739,0.0000,0.0000,0.0000,0.0000,0.0000,0.0000,3.3209,7.7076,7.6800,0.0000,0.0000,0.0000,0.0000,0.0000,0.0000,0.0000,0.0000,0.0000,0.0000,0.0000,2.0847,4.3685,0.0000,8.7370,1.2150,0.0000,0.0000,0.0000,0.0000,0.0000,0.0000,0.0000,0.0000,0.0000
32,95EnNDMC2024/06/28,NDMC,0.0000,0.0000,0.0000,0.0000,0.0000,0.0000,0.0000,0.0000,0.0000,0.0000,3.9600,87.0870,0.0000,0.0000,0.0000,0.0000,0.0000,9.4814,14.1629,0.0000,23.3472,0.0000,0.0000,0.0000,0.0000,0.0000,0.0000,0.0000,0.0000,0.0000,0.0000,0.0000,2.8926,0.0000,0.0000,0.0000,2.6497,1.4388,3.2776,0.0000,5.3633,0.4232,1.3159,0.6523,0.0000,0.0000,0.0000,0.0000,0.0000,0.0000,5.3637,0.0000,0.0000,0.0000,0.0000,4.6748,0.0000,0.0000,3.5357,8.6891,0.0000,0.0000,0.0000,0.0000,0.0000,3.1411,0.0000,4.7094,3.0232,2.7459,5.1013,1.5893,0.0000,0.0000,0.0000,1.6185,0.0000,0.0000,65.6640,0.0000,0.0739,0.0000,0.0000,0.0000,0.0000,0.0000,0.0000,3.3209,7.7076,7.6800,0.0000,0.0000,0.0000,0.0000,0.0000,0.0000,0.0000,0.0000,0.0000,0.0000,0.0000,2.0847,4.3685,0.0000,8.7370,1.2150,0.0000,0.0000,0.0000,0.0000,0.0000,0.0000,0.0000,0.0000,0.0000
33,95EnNDMC2024/06/28,NDMC,0.0000,0.0000,0.0000,0.0000,0.0000,0.0000,0.0000,0.0000,0.0000,0.0000,3.9600,81.0810,0.0000,0.0000,0.0000,0.0000,0.0000,9.4814,14.1629,0.0000,23.3472,0.0000,0.0000,0.0000,0.0000,0.0000,0.0000,0.0000,0.0000,0.0000,0.0000,0.0000,2.8926,0.0000,0.0000,0.0000,2.6497,1.4388,3.2776,0.0000,5.3633,0.4232,1.3159,0.6523,0.0000,0.0000,0.0000,0.0000,0.0000,0.0000,5.3637,0.0000,0.0000,0.0000,0.0000,4.6748,0.0000,0.0000,3.5357,8.6891,0.0000,0.0000,0.0000,0.0000,0.0000,3.1411,0.0000,4.7094,3.0232,2.7459,5.1013,1.5893,0.0000,0.0000,0.0000,1.6185,0.0000,0.0000,65.6640,0.0000,0.0739,0.0000,0.0000,0.0000,0.0000,0.0000,0.0000,3.2537,7.7076,7.6800,0.0000,0.0000,0.0000,0.0000,0.0000,0.0000,0.0000,0.0000,0.0000,0.0000,0.0000,2.0847,4.3685,0.0000,8.7370,1.3268,0.0000,0.0000,0.0000,0.0000,0.0000,0.0000,0.0000,0.0000,0.0000
34,95EnNDMC2024/06/28,NDMC,0.0000,0.0000,0.0000,0.0000,0.0000,0.0000,0.0000,0.0000,0.0000,0.0000,3.9600,81.0810,0.0000,0.0000,0.0000,0.0000,0.0000,9.4814,14.1629,0.0000,23.3472,0.0000,0.0000,0.0000,0.0000,0.0000,0.0000,0.0000,0.0000,0.0000,0.0000,0.0000,2.8926,0.0000,0.0000,0.0000,2.6497,1.4388,3.2776,0.0000,5.3633,0.4232,1.3159,0.6523,0.0000,0.0000,0.0000,0.0000,0.0000,0.0000,5.3637,0.0000,0.0000,0.0000,0.0000,4.6748,0.0000,0.0000,3.5357,8.6891,0.0000,0.0000,0.0000,0.0000,0.0000,3.1411,0.0000,4.7094,3.0232,2.7459,5.1013,1.5893,0.0000,0.0000,0.0000,1.6185,0.0000,0.0000,65.6640,0.0000,0.0739,0.0000,0.0000,0.0000,0.0000,0.0000,0.0000,3.2537,7.7076,7.6800,0.0000,0.0000,0.0000,0.0000,0.0000,0.0000,0.0000,0.0000,0.0000,0.0000,0.0000,2.0847,4.3685,0.0000,8.7370,1.3268,0.0000,0.0000,0.0000,0.0000,0.0000,0.0000,0.0000,0.0000,0.0000
35,95EnNDMC2024/06/28,NDMC,0.0000,0.0000,0.0000,0.0000,0.0000,0.0000,0.0000,0.0000,0.0000,0.0000,3.9600,81.0810,0.0000,0.0000,0.0000,0.0000,0.0000,9.4814,14.1629,0.0000,23.3472,0.0000,0.0000,0.0000,0.0000,0.0000,0.0000,0.0000,0.0000,0.0000,0.0000,0.0000,2.8926,0.0000,0.0000,0.0000,2.6497,1.4388,3.2776,0.0000,5.3633,0.4232,1.1808,0.6523,0.0000,0.0000,0.0000,0.0000,0.0000,0.0000,5.3637,0.0000,0.0000,0.0000,0.0000,4.6748,0.0000,0.0000,3.5357,8.6891,0.0000,0.0000,0.0000,0.0000,0.0000,3.1411,0.0000,4.7094,3.0232,2.7459,5.1013,1.6952,0.0000,0.0000,0.0000,1.6185,0.0000,0.0000,65.6640,0.0000,0.0739,0.0000,0.0000,0.0000,0.0000,0.0000,0.0000,3.2537,7.7076,7.6800,0.0000,0.0000,0.0000,0.0000,0.0000,0.0000,0.0000,0.0000,0.0000,0.0000,0.0000,2.3152,4.3685,0.0000,8.7370,1.3268,0.0000,0.0000,0.0000,0.0000,0.0000,0.0000,0.0000,0.0000,0.0000
36,95EnNDMC2024/06/28,NDMC,0.0000,0.0000,0.0000,0.0000,0.0000,0.0000,0.0000,0.0000,0.0000,0.0000,3.9600,81.0810,0.0000,0.0000,0.0000,0.0000,0.0000,9.4814,14.1629,0.0000,23.3472,0.0000,0.0000,0.0000,0.0000,0.0000,0.0000,0.0000,0.0000,0.0000,0.0000,0.0000,2.8926,0.0000,0.0000,0.0000,2.6497,1.4388,3.2776,0.0000,5.3633,0.4232,1.0419,0.6523,0.0000,0.0000,0.0000,0.0000,0.0000,0.0000,5.3637,0.0000,0.0000,0.0000,0.0000,4.6748,0.0000,0.0000,3.5357,8.6891,0.0000,0.0000,0.0000,0.0000,0.0000,3.1411,0.0000,4.7094,3.0232,2.7459,5.1013,1.6952,0.0000,0.0000,0.0000,1.6185,0.0000,0.0000,65.6640,0.0000,0.0739,0.0000,0.0000,0.0000,0.0000,0.0000,0.0000,3.2537,7.7076,7.6800,0.0000,0.0000,0.0000,0.0000,0.0000,0.0000,0.0000,0.0000,0.0000,0.0000,0.0000,2.3152,4.3685,0.0000,8.7370,1.3268,0.0000,0.0000,0.0000,0.0000,0.0000,0.0000,0.0000,0.0000,0.0000
37,95EnNDMC2024/06/28,NDMC,0.0000,0.0000,0.0000,0.0000,0.0000,0.0000,0.0000,0.0000,0.0000,0.0000,3.9600,82.8828,0.0000,0.0000,0.0000,0.0000,0.0000,9.4814,14.1629,0.0000,23.3472,0.0000,0.0000,0.0000,0.0000,0.0000,0.0000,0.0000,0.0000,0.0000,0.0000,0.0000,2.8926,0.0000,0.0000,0.0000,2.6497,1.4388,3.2776,0.0000,5.3633,0.4232,1.0419,0.6523,0.0000,0.0000,0.0000,0.0000,0.0000,0.0000,5.3637,0.0000,0.0000,0.0000,0.0000,4.6748,0.0000,0.0000,3.5357,8.6891,0.0000,0.0000,0.0000,0.0000,0.0000,3.1411,0.0000,4.7094,3.0232,2.7459,5.1013,1.6952,0.0000,0.0000,0.0000,1.6185,0.0000,0.0000,64.2048,0.0000,0.0739,0.0000,0.0000,0.0000,0.0000,0.0000,0.0000,3.2537,7.6416,7.5427,0.0000,0.0000,0.0000,0.0000,0.0000,0.0000,0.0000,0.0000,0.0000,0.0000,0.0000,2.3152,4.3685,0.0000,8.7370,1.3268,0.0000,0.0000,0.0000,0.0000,0.0000,0.0000,0.0000,0.0000,0.0000
38,95EnNDMC2024/06/28,NDMC,0.0000,0.0000,0.0000,0.0000,0.0000,0.0000,0.0000,0.0000,0.0000,0.0000,3.9600,82.8828,0.0000,0.0000,0.0000,0.0000,0.0000,9.4814,14.1629,0.0000,23.3472,0.0000,0.0000,0.0000,0.0000,0.0000,0.0000,0.0000,0.0000,0.0000,0.0000,0.0000,2.8926,0.0000,0.0000,0.0000,2.6497,1.4388,3.2776,0.0000,5.3633,0.4232,1.0419,0.6523,0.0000,0.0000,0.0000,0.0000,0.0000,0.0000,5.3637,0.0000,0.0000,0.0000,0.0000,4.6748,0.0000,0.0000,3.5357,8.6891,0.0000,0.0000,0.0000,0.0000,0.0000,3.1411,0.0000,4.7094,3.0232,2.7459,5.1013,1.6952,0.0000,0.0000,0.0000,1.6185,0.0000,0.0000,64.2048,0.0000,0.0739,0.0000,0.0000,0.0000,0.0000,0.0000,0.0000,3.2537,7.6416,7.5427,0.0000,0.0000,0.0000,0.0000,0.0000,0.0000,0.0000,0.0000,0.0000,0.0000,0.0000,2.3152,4.3685,0.0000,8.7370,1.3268,0.0000,0.0000,0.0000,0.0000,0.0000,0.0000,0.0000,0.0000,0.0000
39,95EnNDMC2024/06/28,NDMC,0.0000,0.0000,0.0000,0.0000,0.0000,0.0000,0.0000,0.0000,0.0000,0.0000,3.9600,82.8828,0.0000,0.0000,0.0000,0.0000,0.0000,9.4814,14.1629,0.0000,23.3472,0.0000,0.0000,0.0000,0.0000,0.0000,0.0000,0.0000,0.0000,0.0000,0.0000,0.0000,2.8926,0.0000,0.0000,0.0000,2.6497,1.4388,3.2776,0.0000,5.3633,0.4232,1.0419,0.6523,0.0000,0.0000,0.0000,0.0000,0.0000,0.0000,5.3637,0.0000,0.0000,0.0000,0.0000,4.6748,0.0000,0.0000,3.5357,8.6891,0.0000,0.0000,0.0000,0.0000,0.0000,3.1411,0.0000,4.7094,3.0232,2.7459,5.1013,1.6952,0.0000,0.0000,0.0000,1.6185,0.0000,0.0000,64.2048,0.0000,0.0739,0.0000,0.0000,0.0000,0.0000,0.0000,0.0000,3.2537,7.6416,7.5427,0.0000,0.0000,0.0000,0.0000,0.0000,0.0000,0.0000,0.0000,0.0000,0.0000,0.0000,2.3152,4.3685,0.0000,8.7370,1.3268,0.0000,0.0000,0.0000,0.0000,0.0000,0.0000,0.0000,0.0000,0.0000
40,95EnNDMC2024/06/28,NDMC,0.0000,0.0000,0.0000,0.0000,0.0000,0.0000,0.0000,0.0000,0.0000,0.0000,3.9600,82.8828,0.0000,0.0000,0.0000,0.0000,0.0000,9.4814,14.1629,0.0000,23.3472,0.0000,0.0000,0.0000,0.0000,0.0000,0.0000,0.0000,0.0000,0.0000,0.0000,0.0000,2.8926,0.0000,0.0000,0.0000,2.6497,1.4388,3.2776,0.0000,5.3633,0.4232,1.0419,0.6523,0.0000,0.0000,0.0000,0.0000,0.0000,0.0000,5.3637,0.0000,0.0000,0.0000,0.0000,4.6748,0.0000,0.0000,3.5357,8.6891,0.0000,0.0000,0.0000,0.0000,0.0000,3.1411,0.0000,4.7094,3.0232,2.7459,5.1013,1.6952,0.0000,0.0000,0.0000,1.6185,0.0000,0.0000,64.2048,0.0000,0.0739,0.0000,0.0000,0.0000,0.0000,0.0000,0.0000,3.2537,7.6416,7.5427,0.0000,0.0000,0.0000,0.0000,0.0000,0.0000,0.0000,0.0000,0.0000,0.0000,0.0000,2.3152,4.3685,0.0000,8.7370,1.3268,0.0000,0.0000,0.0000,0.0000,0.0000,0.0000,0.0000,0.0000,0.0000
41,95EnNDMC2024/06/28,NDMC,0.0000,0.0000,0.0000,0.0000,0.0000,0.0000,0.0000,0.0000,0.0000,0.0000,3.9600,82.8828,0.0000,0.0000,0.0000,0.0000,0.0000,9.4814,14.1629,0.0000,23.3472,0.0000,0.0000,0.0000,0.0000,0.0000,0.0000,0.0000,0.0000,0.0000,0.0000,0.0000,2.8926,0.0000,0.0000,0.0000,2.6497,1.4388,3.2776,0.0000,5.3633,0.4232,1.0419,0.6523,0.0000,0.0000,0.0000,0.0000,0.0000,0.0000,5.3637,0.0000,0.0000,0.0000,0.0000,4.6748,0.0000,0.0000,3.5357,8.6891,0.0000,0.0000,0.0000,0.0000,0.0000,3.1411,0.0000,4.7094,3.0232,2.7459,5.1013,1.6952,0.0000,0.0000,0.0000,1.6185,0.0000,0.0000,64.2048,0.0000,0.0739,0.0000,0.0000,0.0000,0.0000,0.0000,0.0000,3.1874,7.6416,7.5427,0.0000,0.0000,0.0000,0.0000,0.0000,0.0000,0.0000,0.0000,0.0000,0.0000,0.0000,2.3152,4.3685,0.0000,8.7370,1.3268,0.0000,0.0000,0.0000,0.0000,0.0000,0.0000,0.0000,0.0000,0.0000
42,95EnNDMC2024/06/28,NDMC,0.0000,0.0000,0.0000,0.0000,0.0000,0.0000,0.0000,0.0000,0.0000,0.0000,3.9600,82.8828,0.0000,0.0000,0.0000,0.0000,0.0000,9.4814,14.1629,0.0000,23.3472,0.0000,0.0000,0.0000,0.0000,0.0000,0.0000,0.0000,0.0000,0.0000,0.0000,0.0000,2.8926,0.0000,0.0000,0.0000,2.6497,1.4388,3.2776,0.0000,5.3633,0.4232,1.0419,0.6523,0.0000,0.0000,0.0000,0.0000,0.0000,0.0000,5.3637,0.0000,0.0000,0.0000,0.0000,4.6748,0.0000,0.0000,3.5357,8.6891,0.0000,0.0000,0.0000,0.0000,0.0000,3.1411,0.0000,4.7094,3.0232,2.7459,5.1013,1.6952,0.0000,0.0000,0.0000,1.6185,0.0000,0.0000,64.2048,0.0000,0.0739,0.0000,0.0000,0.0000,0.0000,0.0000,0.0000,3.1874,7.6416,7.5427,0.0000,0.0000,0.0000,0.0000,0.0000,0.0000,0.0000,0.0000,0.0000,0.0000,0.0000,2.3152,4.3685,0.0000,8.7370,1.3268,0.0000,0.0000,0.0000,0.0000,0.0000,0.0000,0.0000,0.0000,0.0000
43,95EnNDMC2024/06/28,NDMC,0.0000,0.0000,0.0000,0.0000,0.0000,0.0000,0.0000,0.0000,0.0000,0.0000,3.9600,82.8828,0.0000,0.0000,0.0000,0.0000,0.0000,9.4814,14.1629,0.0000,23.3472,0.0000,0.0000,0.0000,0.0000,0.0000,0.0000,0.0000,0.0000,0.0000,0.0000,0.0000,2.8926,0.0000,0.0000,0.0000,2.6497,1.4388,3.2776,0.0000,5.3633,0.4232,1.0419,0.6523,0.0000,0.0000,0.0000,0.0000,0.0000,0.0000,5.3637,0.0000,0.0000,0.0000,0.0000,4.6748,0.0000,0.0000,3.5357,8.6891,0.0000,0.0000,0.0000,0.0000,0.0000,3.1411,0.0000,4.7094,3.0232,2.7459,5.1013,1.6952,0.0000,0.0000,0.0000,1.6185,0.0000,0.0000,64.2048,0.0000,0.0739,0.0000,0.0000,0.0000,0.0000,0.0000,0.0000,3.1874,7.6416,7.5427,0.0000,0.0000,0.0000,0.0000,0.0000,0.0000,0.0000,0.0000,0.0000,0.0000,0.0000,2.3152,4.3685,0.0000,8.7370,1.3268,0.0000,0.0000,0.0000,0.0000,0.0000,0.0000,0.0000,0.0000,0.0000
44,95EnNDMC2024/06/28,NDMC,0.0000,0.0000,0.0000,0.0000,0.0000,0.0000,0.0000,0.0000,0.0000,0.0000,3.9600,82.8828,0.0000,0.0000,0.0000,0.0000,0.0000,9.4814,14.1629,0.0000,23.3472,0.0000,0.0000,0.0000,0.0000,0.0000,0.0000,0.0000,0.0000,0.0000,0.0000,0.0000,2.8926,0.0000,0.0000,0.0000,2.6497,1.4388,3.2776,0.0000,5.3633,0.4232,1.0419,0.6523,0.0000,0.0000,0.0000,0.0000,0.0000,0.0000,5.3637,0.0000,0.0000,0.0000,0.0000,4.6748,0.0000,0.0000,3.5357,8.6891,0.0000,0.0000,0.0000,0.0000,0.0000,3.1411,0.0000,4.7094,3.0232,2.7459,5.1013,1.6952,0.0000,0.0000,0.0000,1.6185,0.0000,0.0000,64.2048,0.0000,0.0739,0.0000,0.0000,0.0000,0.0000,0.0000,0.0000,3.1874,7.6416,7.5427,0.0000,0.0000,0.0000,0.0000,0.0000,0.0000,0.0000,0.0000,0.0000,0.0000,0.0000,2.3152,4.3685,0.0000,8.7370,1.3268,0.0000,0.0000,0.0000,0.0000,0.0000,0.0000,0.0000,0.0000,0.0000
45,95EnNDMC2024/06/28,NDMC,0.0000,0.0000,0.0000,0.0000,0.0000,0.0000,0.0000,0.0000,0.0000,0.0000,3.9600,82.8828,0.0000,0.0000,0.0000,0.0000,0.0000,9.4814,14.1629,0.0000,23.3472,0.0000,0.0000,0.0000,0.0000,0.0000,0.0000,0.0000,0.0000,0.0000,0.0000,0.0000,2.8926,0.0000,0.0000,0.0000,2.6497,1.4388,3.2776,0.0000,5.3633,0.4232,1.2157,0.6523,0.0000,0.0000,0.0000,0.0000,0.0000,0.0000,5.3637,0.0000,0.0000,0.0000,0.0000,4.6748,0.0000,0.0000,3.5357,8.6891,0.0000,0.0000,0.0000,0.0000,0.0000,3.1411,0.0000,4.7094,3.0232,2.7459,5.1013,1.6952,0.0000,0.0000,0.0000,1.6185,0.0000,0.0000,64.2048,0.0000,0.0739,0.0000,0.0000,0.0000,0.0000,0.0000,0.0000,3.1874,7.6416,7.5427,0.0000,0.0000,0.0000,0.0000,0.0000,0.0000,0.0000,0.0000,0.0000,0.0000,0.0000,2.3152,4.3685,0.0000,8.7370,1.3268,0.0000,0.0000,0.0000,0.0000,0.0000,0.0000,0.0000,0.0000,0.0000
46,95EnNDMC2024/06/28,NDMC,0.0000,0.0000,0.0000,0.0000,0.0000,0.0000,0.0000,0.0000,0.0000,0.0000,3.9600,82.8828,0.0000,0.0000,0.0000,0.0000,0.0000,9.4814,14.1629,0.0000,23.3472,0.0000,0.0000,0.0000,0.0000,0.0000,0.0000,0.0000,0.0000,0.0000,0.0000,0.0000,2.8926,0.0000,0.0000,0.0000,2.6497,1.4388,3.2776,0.0000,5.3633,0.4232,1.3159,0.6523,0.0000,0.0000,0.0000,0.0000,0.0000,0.0000,5.3637,0.0000,0.0000,0.0000,0.0000,4.6748,0.0000,0.0000,3.5357,8.6891,0.0000,0.0000,0.0000,0.0000,0.0000,3.1411,0.0000,4.7094,3.0232,2.7459,5.1013,1.3246,0.0000,0.0000,0.0000,1.6185,0.0000,0.0000,64.2048,0.0000,0.0739,0.0000,0.0000,0.0000,0.0000,0.0000,0.0000,3.1874,7.6416,7.5427,0.0000,0.0000,0.0000,0.0000,0.0000,0.0000,0.0000,0.0000,0.0000,0.0000,0.0000,2.3152,4.3685,0.0000,8.7370,1.3268,0.0000,0.0000,0.0000,0.0000,0.0000,0.0000,0.0000,0.0000,0.0000
47,95EnNDMC2024/06/28,NDMC,0.0000,0.0000,0.0000,0.0000,0.0000,0.0000,0.0000,0.0000,0.0000,0.0000,3.9600,82.8828,0.0000,0.0000,0.0000,0.0000,0.0000,9.4814,14.1629,0.0000,23.3472,0.0000,0.0000,0.0000,0.0000,0.0000,0.0000,0.0000,0.0000,0.0000,0.0000,0.0000,2.8926,0.0000,0.0000,0.0000,2.6497,1.4388,3.2776,0.0000,5.3633,0.4232,1.3159,0.6523,0.0000,0.0000,0.0000,0.0000,0.0000,0.0000,5.3637,0.0000,0.0000,0.0000,0.0000,4.6748,0.0000,0.0000,3.5357,8.6891,0.0000,0.0000,0.0000,0.0000,0.0000,3.1411,0.0000,4.7094,3.0232,2.7459,5.1013,0.0000,0.0000,0.0000,0.0000,1.6185,0.0000,0.0000,64.2048,0.0000,0.0739,0.0000,0.0000,0.0000,0.0000,0.0000,0.0000,3.1874,7.6416,7.5427,0.0000,0.0000,0.0000,0.0000,0.0000,0.0000,0.0000,0.0000,0.0000,0.0000,0.0000,2.3152,4.3685,0.0000,8.7370,1.3268,0.0000,0.0000,0.0000,0.0000,0.0000,0.0000,0.0000,0.0000,0.0000
48,95EnNDMC2024/06/28,NDMC,0.0000,0.0000,0.0000,0.0000,0.0000,0.0000,0.0000,0.0000,0.0000,0.0000,3.9600,82.8828,0.0000,0.0000,0.0000,0.0000,0.0000,9.4814,14.1629,0.0000,23.3472,0.0000,0.0000,0.0000,0.0000,0.0000,0.0000,0.0000,0.0000,0.0000,0.0000,0.0000,2.8926,0.0000,0.0000,0.0000,2.6497,1.4388,3.2776,0.0000,5.3633,0.4232,1.3159,0.6523,0.0000,0.0000,0.0000,0.0000,0.0000,0.0000,5.3637,0.0000,0.0000,0.0000,0.0000,4.6748,0.0000,0.0000,3.5357,8.6891,0.0000,0.0000,0.0000,0.0000,0.0000,3.1411,0.0000,4.7094,3.0232,2.7459,5.1013,0.0000,0.0000,0.0000,0.0000,1.6185,0.0000,0.0000,64.2048,0.0000,0.0739,0.0000,0.0000,0.0000,0.0000,0.0000,0.0000,3.1874,7.6416,7.5427,0.0000,0.0000,0.0000,0.0000,0.0000,0.0000,0.0000,0.0000,0.0000,0.0000,0.0000,2.3152,4.3685,0.0000,8.7370,1.3268,0.0000,0.0000,0.0000,0.0000,0.0000,0.0000,0.0000,0.0000,0.0000
49,95EnNDMC2024/06/28,NDMC,0.0000,0.0000,0.0000,0.0000,0.0000,0.0000,0.0000,0.0000,0.0000,0.0000,3.9600,87.0870,0.0000,0.0000,0.0000,0.0000,0.0000,9.4814,14.1629,0.0000,23.3472,0.0000,0.0000,0.0000,0.0000,0.0000,0.0000,0.0000,0.0000,0.0000,0.0000,0.0000,2.8926,0.0000,0.0000,0.0000,2.6497,1.4388,3.2776,0.0000,4.7837,0.4232,1.3159,0.6523,0.0000,0.0000,0.0000,0.0000,0.0000,0.0000,5.3637,0.0000,0.0000,0.0000,0.0000,4.6748,0.0000,0.0000,3.5357,8.6891,0.0000,0.0000,0.0000,0.0000,0.0000,3.1411,0.0000,4.7094,3.0232,2.7459,5.1013,0.0000,0.0000,0.0000,0.0000,1.6185,0.0000,0.0000,64.2048,0.0000,0.0739,0.0000,0.0000,0.0000,0.0000,0.0000,0.0000,3.1212,7.6416,7.5427,0.0000,0.0000,0.0000,0.0000,0.0000,0.0000,0.0000,0.0000,0.0000,0.0000,0.0000,2.3152,4.3685,0.0000,8.7370,1.3268,0.0000,0.0000,0.0000,0.0000,0.0000,0.0000,0.0000,0.0000,0.0000
50,95EnNDMC2024/06/28,NDMC,0.0000,0.0000,0.0000,0.0000,0.0000,0.0000,0.0000,0.0000,0.0000,0.0000,3.9600,87.0870,0.0000,0.0000,0.0000,0.0000,0.0000,9.4814,14.1629,0.0000,23.3472,0.0000,0.0000,0.0000,0.0000,0.0000,0.0000,0.0000,0.0000,0.0000,0.0000,0.0000,2.8926,0.0000,0.0000,0.0000,2.6497,1.4388,3.2776,0.0000,4.7837,0.4232,1.3159,0.6523,0.0000,0.0000,0.0000,0.0000,0.0000,0.0000,5.3637,0.0000,0.0000,0.0000,0.0000,4.6748,0.0000,0.0000,3.5357,8.6891,0.0000,0.0000,0.0000,0.0000,0.0000,3.1411,0.0000,4.7094,3.0232,2.7459,5.1013,0.0000,0.0000,0.0000,0.0000,1.6185,0.0000,0.0000,64.2048,0.0000,0.0739,0.0000,0.0000,0.0000,0.0000,0.0000,0.0000,3.1212,7.6416,7.5427,0.0000,0.0000,0.0000,0.0000,0.0000,0.0000,0.0000,0.0000,0.0000,0.0000,0.0000,2.3152,4.3685,0.0000,8.7370,1.3268,0.0000,0.0000,0.0000,0.0000,0.0000,0.0000,0.0000,0.0000,0.0000
51,95EnNDMC2024/06/28,NDMC,0.0000,0.0000,0.0000,0.0000,0.0000,0.0000,0.0000,0.0000,0.0000,0.0000,3.9600,87.0870,0.0000,0.0000,0.0000,0.0000,0.0000,9.4814,14.1629,0.0000,23.3472,0.0000,0.0000,0.0000,0.0000,0.0000,0.0000,0.0000,0.0000,0.0000,0.0000,0.0000,2.8926,0.0000,0.0000,0.0000,2.6497,1.4388,3.2776,0.0000,4.7837,0.4232,1.3159,0.6523,0.0000,0.0000,0.0000,0.0000,0.0000,0.0000,5.3637,0.0000,0.0000,0.0000,0.0000,4.6748,0.0000,0.0000,3.5357,8.6891,0.0000,0.0000,0.0000,0.0000,0.0000,3.1411,0.0000,4.7094,3.0232,2.7459,5.1013,0.0000,0.0000,0.0000,0.0000,1.6185,0.0000,0.0000,64.2048,0.0000,0.0739,0.0000,0.0000,0.0000,0.0000,0.0000,0.0000,3.1212,7.6416,7.5427,0.0000,0.0000,0.0000,0.0000,0.0000,0.0000,0.0000,0.0000,0.0000,0.0000,0.0000,2.3152,4.3685,0.0000,8.7370,1.3268,0.0000,0.0000,0.0000,0.0000,0.0000,0.0000,0.0000,0.0000,0.0000
52,95EnNDMC2024/06/28,NDMC,0.0000,0.0000,0.0000,0.0000,0.0000,0.0000,0.0000,0.0000,0.0000,0.0000,3.9600,87.0870,0.0000,0.0000,0.0000,0.0000,0.0000,9.4814,14.1629,0.0000,23.3472,0.0000,0.0000,0.0000,0.0000,0.0000,0.0000,0.0000,0.0000,0.0000,0.0000,0.0000,2.8926,0.0000,0.0000,0.0000,2.6497,1.4388,3.2776,0.0000,4.7837,0.4232,1.3159,0.6523,0.0000,0.0000,0.0000,0.0000,0.0000,0.0000,5.3637,0.0000,0.0000,0.0000,0.0000,4.6748,0.0000,0.0000,3.5357,8.6891,0.0000,0.0000,0.0000,0.0000,0.0000,3.1411,0.0000,4.7094,3.0232,2.7459,5.1013,0.0000,0.0000,0.0000,0.0000,1.6185,0.0000,0.0000,64.2048,0.0000,0.0739,0.0000,0.0000,0.0000,0.0000,0.0000,0.0000,3.1212,7.6416,7.5427,0.0000,0.0000,0.0000,0.0000,0.0000,0.0000,0.0000,0.0000,0.0000,0.0000,0.0000,2.3152,4.3685,0.0000,8.7370,1.3268,0.0000,0.0000,0.0000,0.0000,0.0000,0.0000,0.0000,0.0000,0.0000
53,95EnNDMC2024/06/28,NDMC,0.0000,0.0000,0.0000,0.0000,0.0000,0.0000,0.0000,0.0000,0.0000,0.0000,3.9600,87.0870,0.0000,0.0000,0.0000,0.0000,0.0000,9.4814,14.1629,0.0000,23.3472,0.0000,0.0000,0.0000,0.0000,0.0000,0.0000,0.0000,0.0000,0.0000,0.0000,0.0000,2.8926,0.0000,0.0000,0.0000,2.6497,1.4388,3.2776,0.0000,4.7837,0.4232,1.3159,0.6523,0.0000,0.0000,0.0000,0.0000,0.0000,0.0000,5.3637,0.0000,0.0000,0.0000,0.0000,4.6748,0.0000,0.0000,3.5357,8.6891,0.0000,0.0000,0.0000,0.0000,0.0000,3.1411,0.0000,4.7094,3.0232,2.7459,5.1013,0.0000,0.0000,0.0000,0.0000,1.6185,0.0000,0.0000,64.2048,0.0000,0.0739,0.0000,0.0000,0.0000,0.0000,0.0000,0.0000,3.1212,7.6416,7.5427,0.0000,0.0000,0.0000,0.0000,0.0000,0.0000,0.0000,0.0000,0.0000,0.0000,0.0000,2.3152,4.3685,0.0000,8.7370,1.3268,0.0000,0.0000,0.0000,0.0000,0.0000,0.0000,0.0000,0.0000,0.0000
54,95EnNDMC2024/06/28,NDMC,0.0000,0.0000,0.0000,0.0000,0.0000,0.0000,0.0000,0.0000,0.0000,0.0000,3.9600,87.0870,0.0000,0.0000,0.0000,0.0000,0.0000,9.4814,14.1629,0.0000,23.3472,0.0000,0.0000,0.0000,0.0000,0.0000,0.0000,0.0000,0.0000,0.0000,0.0000,0.0000,2.8926,0.0000,0.0000,0.0000,2.6497,1.4388,3.2776,0.0000,4.7837,0.4232,1.3159,0.6523,0.0000,0.0000,0.0000,0.0000,0.0000,0.0000,5.3637,0.0000,0.0000,0.0000,0.0000,4.6748,0.0000,0.0000,3.5357,8.6891,0.0000,0.0000,0.0000,0.0000,0.0000,3.1411,0.0000,4.7094,3.0232,2.7459,5.1013,0.0000,0.0000,0.0000,0.0000,1.6185,0.0000,0.0000,64.2048,0.0000,0.0739,0.0000,0.0000,0.0000,0.0000,0.0000,0.0000,3.1212,7.6416,7.5427,0.0000,0.0000,0.0000,0.0000,0.0000,0.0000,0.0000,0.0000,0.0000,0.0000,0.0000,2.3152,4.3685,0.0000,8.7370,1.3268,0.0000,0.0000,0.0000,0.0000,0.0000,0.0000,0.0000,0.0000,0.0000
55,95EnNDMC2024/06/28,NDMC,0.0000,0.0000,0.0000,0.0000,0.0000,0.0000,0.0000,0.0000,0.0000,0.0000,3.9600,87.0870,0.0000,0.0000,0.0000,0.0000,0.0000,9.4814,14.1629,0.0000,23.3472,0.0000,0.0000,0.0000,0.0000,0.0000,0.0000,0.0000,0.0000,0.0000,0.0000,0.0000,2.8926,0.0000,0.0000,0.0000,2.6497,1.4388,3.2776,0.0000,4.7837,0.4232,1.3159,0.6523,0.0000,0.0000,0.0000,0.0000,0.0000,0.0000,5.3637,0.0000,0.0000,0.0000,0.0000,4.6748,0.0000,0.0000,3.5357,8.6891,0.0000,0.0000,0.0000,0.0000,0.0000,3.1411,0.0000,4.7094,3.0232,2.7459,5.1013,0.0000,0.0000,0.0000,0.0000,1.6185,0.0000,0.0000,64.2048,0.0000,0.0739,0.0000,0.0000,0.0000,0.0000,0.0000,0.0000,3.1212,7.6416,7.5427,0.0000,0.0000,0.0000,0.0000,0.0000,0.0000,0.0000,0.0000,0.0000,0.0000,0.0000,2.3152,4.3685,0.0000,8.7370,1.3268,0.0000,0.0000,0.0000,0.0000,0.0000,0.0000,0.0000,0.0000,0.0000
56,95EnNDMC2024/06/28,NDMC,0.0000,0.0000,0.0000,0.0000,0.0000,0.0000,0.0000,0.0000,0.0000,0.0000,3.9600,87.0870,0.0000,0.0000,0.0000,0.0000,0.0000,9.4814,14.1629,0.0000,23.3472,0.0000,0.0000,0.0000,0.0000,0.0000,0.0000,0.0000,0.0000,0.0000,0.0000,0.0000,2.8926,0.0000,0.0000,0.0000,2.6497,1.4388,3.2776,0.0000,4.7837,0.4232,1.3159,0.6523,0.0000,0.0000,0.0000,0.0000,0.0000,0.0000,5.3637,0.0000,0.0000,0.0000,0.0000,4.6748,0.0000,0.0000,3.5357,8.6891,0.0000,0.0000,0.0000,0.0000,0.0000,3.1411,0.0000,4.7094,3.0232,2.7459,5.1013,0.0000,0.0000,0.0000,0.0000,1.6185,0.0000,0.0000,64.2048,0.0000,0.0739,0.0000,0.0000,0.0000,0.0000,0.0000,0.0000,3.1212,7.6416,7.5427,0.0000,0.0000,0.0000,0.0000,0.0000,0.0000,0.0000,0.0000,0.0000,0.0000,0.0000,2.3152,4.3685,0.0000,8.7370,1.3268,0.0000,0.0000,0.0000,0.0000,0.0000,0.0000,0.0000,0.0000,0.0000
57,95EnNDMC2024/06/28,NDMC,0.0000,0.0000,0.0000,0.0000,0.0000,0.0000,0.0000,0.0000,0.0000,0.0000,3.9600,87.0870,0.0000,0.0000,0.0000,0.0000,0.0000,9.4814,14.1629,0.0000,23.3472,0.0000,0.0000,0.0000,0.0000,0.0000,0.0000,0.0000,0.0000,0.0000,0.0000,0.0000,2.8926,0.0000,0.0000,0.0000,2.6497,1.4388,3.2776,0.0000,4.7837,0.4232,1.3159,0.6523,0.0000,0.0000,0.0000,0.0000,0.0000,0.0000,5.3637,0.0000,0.0000,0.0000,0.0000,4.6748,0.0000,0.0000,3.5357,8.6891,0.0000,0.0000,0.0000,0.0000,0.0000,3.1411,0.0000,4.7094,3.0232,2.7459,5.1013,0.0000,0.0000,0.0000,0.0000,1.6185,0.0000,0.0000,64.2048,0.0000,0.0739,0.0000,0.0000,0.0000,0.0000,0.0000,0.0000,3.1212,7.6416,7.5427,0.0000,0.0000,0.0000,0.0000,0.0000,0.0000,0.0000,0.0000,0.0000,0.0000,0.0000,2.3152,4.3685,0.0000,8.7370,1.3268,0.0000,0.0000,0.0000,0.0000,0.0000,0.0000,0.0000,0.0000,0.0000
58,95EnNDMC2024/06/28,NDMC,0.0000,0.0000,0.0000,0.0000,0.0000,0.0000,0.0000,0.0000,0.0000,0.0000,3.9600,87.0870,0.0000,0.0000,0.0000,0.0000,0.0000,9.4814,14.1629,0.0000,23.3472,0.0000,0.0000,0.0000,0.0000,0.0000,0.0000,0.0000,0.0000,0.0000,0.0000,0.0000,2.8926,0.0000,0.0000,0.0000,2.6497,1.4388,3.2776,0.0000,4.7837,0.4232,1.3159,0.6523,0.0000,0.0000,0.0000,0.0000,0.0000,0.0000,5.3637,0.0000,0.0000,0.0000,0.0000,4.6748,0.0000,0.0000,3.5357,8.6891,0.0000,0.0000,0.0000,0.0000,0.0000,3.1411,0.0000,4.7094,3.0232,2.7459,5.1013,0.0000,0.0000,0.0000,0.0000,1.6185,0.0000,0.0000,64.2048,0.0000,0.0739,0.0000,0.0000,0.0000,0.0000,0.0000,0.0000,3.1212,7.6416,7.5427,0.0000,0.0000,0.0000,0.0000,0.0000,0.0000,0.0000,0.0000,0.0000,0.0000,0.0000,2.3152,4.3685,0.0000,8.7370,1.3268,0.0000,0.0000,0.0000,0.0000,0.0000,0.0000,0.0000,0.0000,0.0000
59,95EnNDMC2024/06/28,NDMC,0.0000,0.0000,0.0000,0.0000,0.0000,0.0000,0.0000,0.0000,0.0000,0.0000,3.9600,87.0870,0.0000,0.0000,0.0000,0.0000,0.0000,9.4814,14.1629,0.0000,23.3472,0.0000,0.0000,0.0000,0.0000,0.0000,0.0000,0.0000,0.0000,0.0000,0.0000,0.0000,2.8926,0.0000,0.0000,0.0000,2.6497,1.4388,3.2776,0.0000,4.7837,0.4232,1.3159,0.6523,0.0000,0.0000,0.0000,0.0000,0.0000,0.0000,5.3637,0.0000,0.0000,0.0000,0.0000,4.6748,0.0000,0.0000,3.5357,8.6891,0.0000,0.0000,0.0000,0.0000,0.0000,3.1411,0.0000,4.7094,3.0232,2.7459,5.1013,0.0000,0.0000,0.0000,0.0000,1.6185,0.0000,0.0000,64.2048,0.0000,0.0739,0.0000,0.0000,0.0000,0.0000,0.0000,0.0000,3.1212,7.6416,7.5427,0.0000,0.0000,0.0000,0.0000,0.0000,0.0000,0.0000,0.0000,0.0000,0.0000,0.0000,2.3152,4.3685,0.0000,8.7370,1.3268,0.0000,0.0000,0.0000,0.0000,0.0000,0.0000,0.0000,0.0000,0.0000
60,95EnNDMC2024/06/28,NDMC,0.0000,0.0000,0.0000,0.0000,0.0000,0.0000,0.0000,0.0000,0.0000,0.0000,3.9600,87.0870,0.0000,0.0000,0.0000,0.0000,0.0000,9.4814,14.1629,0.0000,23.3472,0.0000,0.0000,0.0000,0.0000,0.0000,0.0000,0.0000,0.0000,0.0000,0.0000,0.0000,2.8926,0.0000,0.0000,0.0000,2.6497,1.4388,3.2776,0.0000,4.7837,0.4232,1.3159,0.6523,0.0000,0.0000,0.0000,0.0000,0.0000,0.0000,5.3637,0.0000,0.0000,0.0000,0.0000,4.6748,0.0000,0.0000,3.5357,8.6891,0.0000,0.0000,0.0000,0.0000,0.0000,3.1411,0.0000,4.7094,3.0232,2.7459,5.1013,0.0000,0.0000,0.0000,0.0000,1.6185,0.0000,0.0000,64.2048,0.0000,0.0739,0.0000,0.0000,0.0000,0.0000,0.0000,0.0000,3.1212,7.6416,7.5427,0.0000,0.0000,0.0000,0.0000,0.0000,0.0000,0.0000,0.0000,0.0000,0.0000,0.0000,2.3152,4.3685,0.0000,8.7370,1.3268,0.0000,0.0000,0.0000,0.0000,0.0000,0.0000,0.0000,0.0000,0.0000
61,95EnNDMC2024/06/28,NDMC,0.0000,0.0000,0.0000,0.0000,0.0000,0.0000,0.0000,0.0000,0.0000,0.0000,3.9600,87.0870,0.0000,0.0000,0.0000,0.0000,0.0000,9.4814,14.1629,0.0000,23.3472,0.0000,0.0000,0.0000,0.0000,0.0000,0.0000,0.0000,0.0000,0.0000,0.0000,0.0000,2.8926,0.0000,0.0000,0.0000,2.6497,1.4388,3.2776,0.0000,4.7837,0.4232,1.3159,0.6523,0.0000,0.0000,0.0000,0.0000,0.0000,0.0000,5.3637,0.0000,0.0000,0.0000,0.0000,4.6748,0.0000,0.0000,3.5357,8.6891,0.0000,0.0000,0.0000,0.0000,0.0000,3.1411,0.0000,4.7094,3.0232,2.7459,5.1013,0.0000,0.0000,0.0000,0.0000,1.6185,0.0000,0.0000,64.2048,0.0000,0.0739,0.0000,0.0000,0.0000,0.0000,0.0000,0.0000,3.1212,7.6416,7.4053,0.0000,0.0000,0.0000,0.0000,0.0000,0.0000,0.0000,0.0000,0.0000,0.0000,0.0000,2.3152,4.3685,0.0000,8.7370,1.3268,0.0000,0.0000,0.0000,0.0000,0.0000,0.0000,0.0000,0.0000,0.0000
62,95EnNDMC2024/06/28,NDMC,0.0000,0.0000,0.0000,0.0000,0.0000,0.0000,0.0000,0.0000,0.0000,0.0000,3.9600,87.0870,0.0000,0.0000,0.0000,0.0000,0.0000,9.4814,14.1629,0.0000,23.3472,0.0000,0.0000,0.0000,0.0000,0.0000,0.0000,0.0000,0.0000,0.0000,0.0000,0.0000,2.8926,0.0000,0.0000,0.0000,2.6497,1.4388,3.2776,0.0000,4.7837,0.4232,1.3159,0.6523,0.0000,0.0000,0.0000,0.0000,0.0000,0.0000,5.3637,0.0000,0.0000,0.0000,0.0000,4.6748,0.0000,0.0000,3.5357,8.6891,0.0000,0.0000,0.0000,0.0000,0.0000,3.1411,0.0000,4.7094,3.0232,2.7459,5.1013,0.0000,0.0000,0.0000,0.0000,1.6185,0.0000,0.0000,64.2048,0.0000,0.0739,0.0000,0.0000,0.0000,0.0000,0.0000,0.0000,3.1212,7.6416,7.4053,0.0000,0.0000,0.0000,0.0000,0.0000,0.0000,0.0000,0.0000,0.0000,0.0000,0.0000,2.3152,4.3685,0.0000,8.7370,1.3268,0.0000,0.0000,0.0000,0.0000,0.0000,0.0000,0.0000,0.0000,0.0000
63,95EnNDMC2024/06/28,NDMC,0.0000,0.0000,0.0000,0.0000,0.0000,0.0000,0.0000,0.0000,0.0000,0.0000,3.9600,87.0870,0.0000,0.0000,0.0000,0.0000,0.0000,9.4814,14.1629,0.0000,23.3472,0.0000,0.0000,0.0000,0.0000,0.0000,0.0000,0.0000,0.0000,0.0000,0.0000,0.0000,2.8926,0.0000,0.0000,0.0000,2.6497,1.4388,3.2776,0.0000,4.7837,0.4232,1.3159,0.6523,0.0000,0.0000,0.0000,0.0000,0.0000,0.0000,5.3637,0.0000,0.0000,0.0000,0.0000,4.6748,0.0000,0.0000,3.5357,8.6891,0.0000,0.0000,0.0000,0.0000,0.0000,3.1411,0.0000,4.7094,3.0232,2.7459,5.1013,0.0000,0.0000,0.0000,0.0000,1.6185,0.0000,0.0000,64.2048,0.0000,0.0739,0.0000,0.0000,0.0000,0.0000,0.0000,0.0000,3.1212,7.6416,7.4053,0.0000,0.0000,0.0000,0.0000,0.0000,0.0000,0.0000,0.0000,0.0000,0.0000,0.0000,2.3152,4.3685,0.0000,8.7370,1.3268,0.0000,0.0000,0.0000,0.0000,0.0000,0.0000,0.0000,0.0000,0.0000
64,95EnNDMC2024/06/28,NDMC,0.0000,0.0000,0.0000,0.0000,0.0000,0.0000,0.0000,0.0000,0.0000,0.0000,3.9600,87.0870,0.0000,0.0000,0.0000,0.0000,0.0000,9.4814,14.1629,0.0000,23.3472,0.0000,0.0000,0.0000,0.0000,0.0000,0.0000,0.0000,0.0000,0.0000,0.0000,0.0000,2.8926,0.0000,0.0000,0.0000,2.6497,1.4388,3.2776,0.0000,4.7837,0.4232,1.3159,0.6523,0.0000,0.0000,0.0000,0.0000,0.0000,0.0000,5.3637,0.0000,0.0000,0.0000,0.0000,4.6748,0.0000,0.0000,3.5357,8.6891,0.0000,0.0000,0.0000,0.0000,0.0000,3.1411,0.0000,4.7094,3.0232,2.7459,5.1013,0.0000,0.0000,0.0000,0.0000,1.6185,0.0000,0.0000,64.2048,0.0000,0.0739,0.0000,0.0000,0.0000,0.0000,0.0000,0.0000,3.1212,7.6416,7.4053,0.0000,0.0000,0.0000,0.0000,0.0000,0.0000,0.0000,0.0000,0.0000,0.0000,0.0000,2.3152,4.3685,0.0000,8.7370,1.3268,0.0000,0.0000,0.0000,0.0000,0.0000,0.0000,0.0000,0.0000,0.0000
65,95EnNDMC2024/06/28,NDMC,0.0000,0.0000,0.0000,0.0000,0.0000,0.0000,0.0000,0.0000,0.0000,0.0000,3.9600,87.0870,0.0000,0.0000,0.0000,0.0000,0.0000,9.4814,14.1629,0.0000,23.3472,0.0000,0.0000,0.0000,0.0000,0.0000,0.0000,0.0000,0.0000,0.0000,0.0000,0.0000,2.8926,0.0000,0.0000,0.0000,2.6497,1.4388,3.2776,0.0000,4.7837,0.4232,1.3159,0.6523,0.0000,0.0000,0.0000,0.0000,0.0000,0.0000,5.3637,0.0000,0.0000,0.0000,0.0000,4.6748,0.0000,0.0000,3.5357,8.6891,0.0000,0.0000,0.0000,0.0000,0.0000,3.1411,0.0000,4.7094,3.0232,2.7459,5.1013,0.0000,0.0000,0.0000,0.0000,1.6185,0.0000,0.0000,64.2048,0.0000,0.0739,0.0000,0.0000,0.0000,0.0000,0.0000,0.0000,3.1212,7.6416,7.4053,0.0000,0.0000,0.0000,0.0000,0.0000,0.0000,0.0000,0.0000,0.0000,0.0000,0.0000,2.3152,4.3685,0.0000,8.7370,1.3268,0.0000,0.0000,0.0000,0.0000,0.0000,0.0000,0.0000,0.0000,0.0000
66,95EnNDMC2024/06/28,NDMC,0.0000,0.0000,0.0000,0.0000,0.0000,0.0000,0.0000,0.0000,0.0000,0.0000,3.9600,87.0870,0.0000,0.0000,0.0000,0.0000,0.0000,9.4814,14.1629,0.0000,23.3472,0.0000,0.0000,0.0000,0.0000,0.0000,0.0000,0.0000,0.0000,0.0000,0.0000,0.0000,2.8926,0.0000,0.0000,0.0000,2.6497,1.4388,3.2776,0.0000,4.7837,0.4232,1.3159,0.6523,0.0000,0.0000,0.0000,0.0000,0.0000,0.0000,5.3637,0.0000,0.0000,0.0000,0.0000,4.6748,0.0000,0.0000,3.5357,8.6891,0.0000,0.0000,0.0000,0.0000,0.0000,3.1411,0.0000,4.7094,3.0232,2.7459,5.1013,0.0000,0.0000,0.0000,0.0000,1.6185,0.0000,0.0000,64.2048,0.0000,0.0739,0.0000,0.0000,0.0000,0.0000,0.0000,0.0000,3.1212,7.6416,7.4053,0.0000,0.0000,0.0000,0.0000,0.0000,0.0000,0.0000,0.0000,0.0000,0.0000,0.0000,2.3152,4.3685,0.0000,8.7370,1.3268,0.0000,0.0000,0.0000,0.0000,0.0000,0.0000,0.0000,0.0000,0.0000
67,95EnNDMC2024/06/28,NDMC,0.0000,0.0000,0.0000,0.0000,0.0000,0.0000,0.0000,0.0000,0.0000,0.0000,3.9600,87.0870,0.0000,0.0000,0.0000,0.0000,0.0000,9.4814,14.1629,0.0000,23.3472,0.0000,0.0000,0.0000,0.0000,0.0000,0.0000,0.0000,0.0000,0.0000,0.0000,0.0000,2.8926,0.0000,0.0000,0.0000,2.6497,1.4388,3.2776,0.0000,4.7837,0.4232,1.3159,0.6523,0.0000,0.0000,0.0000,0.0000,0.0000,0.0000,5.3637,0.0000,0.0000,0.0000,0.0000,4.6748,0.0000,0.0000,3.5357,8.6891,0.0000,0.0000,0.0000,0.0000,0.0000,3.1411,0.0000,4.7094,3.0232,2.7459,5.1013,0.0000,0.0000,0.0000,0.0000,1.6185,0.0000,0.0000,64.2048,0.0000,0.0739,0.0000,0.0000,0.0000,0.0000,0.0000,0.0000,3.1212,7.6416,7.4053,0.0000,0.0000,0.0000,0.0000,0.0000,0.0000,0.0000,0.0000,0.0000,0.0000,0.0000,2.3152,4.3685,0.0000,8.7370,1.3268,0.0000,0.0000,0.0000,0.0000,0.0000,0.0000,0.0000,0.0000,0.0000
68,95EnNDMC2024/06/28,NDMC,0.0000,0.0000,0.0000,0.0000,0.0000,0.0000,0.0000,0.0000,0.0000,0.0000,3.9600,87.0870,0.0000,0.0000,0.0000,0.0000,0.0000,9.4814,14.1629,0.0000,23.3472,0.0000,0.0000,0.0000,0.0000,0.0000,0.0000,0.0000,0.0000,0.0000,0.0000,0.0000,2.8926,0.0000,0.0000,0.0000,2.6497,1.4388,3.2776,0.0000,4.7837,0.4232,1.3159,0.6523,0.0000,0.0000,0.0000,0.0000,0.0000,0.0000,5.3637,0.0000,0.0000,0.0000,0.0000,4.6748,0.0000,0.0000,3.5357,8.6891,0.0000,0.0000,0.0000,0.0000,0.0000,3.1411,0.0000,4.7094,3.0232,2.7459,5.1013,0.0000,0.0000,0.0000,0.0000,1.6185,0.0000,0.0000,64.2048,0.0000,0.0739,0.0000,0.0000,0.0000,0.0000,0.0000,0.0000,3.1212,7.6416,7.4053,0.0000,0.0000,0.0000,0.0000,0.0000,0.0000,0.0000,0.0000,0.0000,0.0000,0.0000,2.3152,4.3685,0.0000,8.7370,1.3268,0.0000,0.0000,0.0000,0.0000,0.0000,0.0000,0.0000,0.0000,0.0000
69,95EnNDMC2024/06/28,NDMC,0.0000,0.0000,0.0000,0.0000,0.0000,0.0000,0.0000,0.0000,0.0000,0.0000,3.9600,87.0870,0.0000,0.0000,0.0000,0.0000,0.0000,9.4814,14.1629,0.0000,23.3472,0.0000,0.0000,0.0000,0.0000,0.0000,0.0000,0.0000,0.0000,0.0000,0.0000,0.0000,2.8926,0.0000,0.0000,0.0000,2.6497,1.4388,3.2776,0.0000,4.7837,0.4232,1.3159,0.6523,0.0000,0.0000,0.0000,0.0000,0.0000,0.0000,5.3637,0.0000,0.0000,0.0000,0.0000,4.6748,0.0000,0.0000,3.5357,8.6891,0.0000,0.0000,0.0000,0.0000,0.0000,3.1411,0.0000,4.7094,3.0232,2.7459,5.1013,0.0000,0.0000,0.0000,0.0000,1.6185,0.0000,0.0000,64.2048,0.0000,0.0739,0.0000,0.0000,0.0000,0.0000,0.0000,0.0000,3.1212,7.6416,7.4053,0.0000,0.0000,0.0000,0.0000,0.0000,0.0000,0.0000,0.0000,0.0000,0.0000,0.0000,2.3152,4.3685,0.0000,8.7370,1.3268,0.0000,0.0000,0.0000,0.0000,0.0000,0.0000,0.0000,0.0000,0.0000
70,95EnNDMC2024/06/28,NDMC,0.0000,0.0000,0.0000,0.0000,0.0000,0.0000,0.0000,0.0000,0.0000,0.0000,3.9600,87.0870,0.0000,0.0000,0.0000,0.0000,0.0000,9.4814,14.1629,0.0000,23.3472,0.0000,0.0000,0.0000,0.0000,0.0000,0.0000,0.0000,0.0000,0.0000,0.0000,0.0000,2.8926,0.0000,0.0000,0.0000,2.6497,1.4388,3.2776,0.0000,4.7837,0.4232,1.3159,0.6523,0.0000,0.0000,0.0000,0.0000,0.0000,0.0000,5.3637,0.0000,0.0000,0.5160,0.0000,4.6748,0.0000,0.0000,3.5357,8.6891,0.0000,0.0000,0.0000,0.0000,0.0000,3.1411,0.0000,4.7094,3.0232,2.7459,5.1013,0.0000,0.0000,0.0000,0.0000,1.6185,0.0000,0.0000,64.2048,0.0000,0.0739,0.0000,0.0000,0.0000,0.0000,0.0000,0.0000,3.1212,7.6416,7.4053,0.0000,0.0000,0.0000,0.0000,0.0000,0.0000,0.0000,0.0000,0.0000,0.0000,0.0000,2.3152,4.3685,0.0000,8.7370,1.3268,0.0000,0.0000,0.0000,0.0000,0.0000,0.0000,0.0000,0.0000,0.0000
71,95EnNDMC2024/06/28,NDMC,0.0000,0.0000,0.0000,0.0000,0.0000,0.0000,0.0000,0.0000,0.0000,0.0000,3.9600,87.0870,0.0000,0.0000,0.0000,0.0000,0.0000,9.4814,14.1629,0.0000,23.3472,0.0000,0.0000,0.0000,0.0000,0.0000,0.0000,0.0000,0.0000,0.0000,0.0000,0.0000,2.8926,0.0000,0.0000,0.0000,2.6497,1.4388,3.2776,0.0000,4.7837,0.4232,1.3159,0.6523,0.0000,0.0000,0.0000,0.0000,0.0000,0.0000,5.3637,0.0000,0.0000,0.5160,0.0000,4.6748,0.0000,0.0000,3.5357,8.6891,0.0000,0.0000,0.0000,0.0000,0.0000,3.1411,0.0000,4.7094,3.0232,3.6617,5.1013,1.4565,0.0000,0.0000,0.0000,1.6185,0.0000,0.0000,64.2048,0.0000,0.0739,0.0000,0.0000,0.0000,0.0000,0.0000,0.0000,3.1212,7.6416,7.4053,0.0000,0.0000,0.0000,0.0000,0.0000,0.0000,0.0000,0.0000,0.0000,0.0000,0.0000,2.3152,4.3685,0.0000,8.7370,1.3268,0.0000,0.0000,0.0000,0.0000,0.0000,0.0000,0.0000,0.0000,0.0000
72,95EnNDMC2024/06/28,NDMC,0.0000,0.0000,0.0000,0.0000,0.0000,0.0000,0.0000,0.0000,0.0000,0.0000,3.9600,87.0870,0.0000,0.0000,0.0000,0.0000,0.0000,9.4814,14.1629,0.0000,23.3472,0.0000,0.0000,0.0000,0.0000,0.0000,0.0000,0.0000,0.0000,0.0000,0.0000,0.0000,2.8926,0.0000,0.0000,0.0000,2.6497,1.4388,3.2776,0.0000,4.7837,0.4232,1.3159,0.6523,0.0000,0.0000,0.0000,0.0000,0.0000,0.0000,5.3637,0.0000,0.0000,0.9369,0.0000,4.6748,0.0000,0.0000,3.5357,8.6891,0.0000,0.0000,0.0000,0.0000,0.0000,3.1411,0.0000,4.7094,3.0232,3.6617,5.1013,0.5295,0.0000,0.0000,0.0000,1.6185,0.0000,0.0000,64.2048,0.0000,0.0739,0.0000,0.0000,0.0000,0.0000,0.0000,0.0000,3.1212,7.6416,7.4053,0.0000,0.0000,0.0000,0.0000,0.0000,0.0000,0.0000,0.0000,0.0000,0.0000,0.0000,2.3152,4.3685,0.0000,8.7370,1.3268,0.0000,0.0000,0.0000,0.0000,0.0000,0.0000,0.0000,0.0000,0.0000
73,95EnNDMC2024/06/28,NDMC,0.0000,0.0000,0.0000,0.0000,0.0000,0.0000,0.0000,0.0000,0.0000,0.0000,3.9600,87.0870,0.0000,0.0000,0.0000,0.0000,0.0000,9.4814,14.1629,0.0000,23.3472,0.0000,0.0000,0.0000,0.0000,0.0000,0.0000,0.0000,0.0000,0.0000,0.0000,0.0000,2.8926,0.0000,0.0000,0.0000,2.6497,1.4388,3.2776,0.0000,4.7837,0.4232,1.3159,0.6523,0.0000,0.0000,0.0000,0.0000,0.0000,0.0000,5.3637,0.0000,0.0000,1.5731,0.0000,4.6748,0.0000,0.0000,3.5357,8.6891,0.0000,0.0000,0.0000,0.0000,0.0000,3.1411,0.0000,4.7094,3.0232,3.6617,5.1013,1.0598,0.0000,0.0000,0.0000,1.6185,0.0000,0.0000,64.9344,0.0000,0.0739,0.0000,0.0000,0.0000,0.0000,0.0000,0.0000,3.1212,7.6416,7.4053,0.0000,0.0000,0.0000,0.0000,0.0000,0.0000,0.0000,0.0000,0.0000,0.0000,0.0000,2.3152,4.3685,0.0000,8.7370,1.3268,0.0000,0.0000,0.0000,0.0000,0.0000,0.0000,0.0000,0.0000,0.0000
74,95EnNDMC2024/06/28,NDMC,0.0000,0.0000,0.0000,0.0000,0.0000,0.0000,0.0000,0.0000,0.0000,0.0000,3.9600,87.0870,0.0000,0.0000,0.0000,0.0000,0.0000,9.4814,14.1629,0.0000,23.3472,0.0000,0.0000,0.0000,0.0000,0.0000,0.0000,0.0000,0.0000,0.0000,0.0000,0.0000,2.8926,0.0000,0.0000,0.0000,2.6497,1.4388,3.2776,0.0000,4.7837,0.4232,1.3159,0.6523,0.0000,0.0000,0.0000,0.0000,0.0000,0.0000,5.3637,0.0000,0.0000,1.5731,0.0000,4.6748,0.0000,0.0000,3.5357,8.6891,0.0000,0.0000,0.0000,0.0000,0.0000,3.1411,0.0000,4.7094,3.0232,3.6617,5.1013,6.8867,0.0000,0.0000,0.0000,1.6185,0.0000,0.0000,64.9344,0.0000,0.0739,0.0000,0.0000,0.0000,0.0000,0.0000,0.0000,3.1212,7.6416,7.4053,0.0000,0.0000,0.0000,0.0000,0.0000,0.0000,0.0000,0.0000,0.0000,0.0000,0.0000,2.3152,4.3685,0.0000,8.7370,1.3268,0.0000,0.0000,0.0000,0.0000,0.0000,0.0000,0.0000,0.0000,0.0000
75,95EnNDMC2024/06/28,NDMC,0.0000,0.0000,0.0000,0.0000,0.0000,0.0000,0.0000,0.0000,0.0000,0.0000,3.9600,87.0870,0.0000,0.0000,0.0000,0.0000,0.0000,9.4814,14.1629,0.0000,23.3472,0.0000,0.0000,0.0000,0.0000,0.0000,0.0000,0.0000,0.0000,0.0000,0.0000,0.0000,2.8926,0.0000,0.0000,0.0000,2.6497,1.4388,3.2776,0.0000,4.7837,0.4232,1.3159,0.6523,0.0000,0.0000,0.0000,0.0000,0.0000,0.0000,5.3637,0.0000,0.0000,1.5731,0.0000,4.6748,0.0000,0.0000,3.5357,8.6891,0.0000,0.0000,0.0000,0.0000,0.0000,3.1411,0.0000,4.7094,3.0232,3.6617,5.1013,6.8867,0.0000,0.0000,0.0000,1.6185,0.0000,0.0000,64.9344,0.0000,0.0739,0.0000,0.0000,0.0000,0.0000,0.0000,0.0000,3.1212,7.6416,7.4053,0.0000,0.0000,0.0000,0.0000,0.0000,0.0000,0.0000,0.0000,0.0000,0.0000,0.0000,2.5509,4.3685,0.0000,8.7370,1.3268,0.0000,0.0000,0.0000,0.0000,0.0000,0.0000,0.0000,0.0000,0.0000
76,95EnNDMC2024/06/28,NDMC,0.0000,0.0000,0.0000,0.0000,0.0000,0.0000,0.0000,0.0000,0.0000,0.0000,3.9600,87.0870,0.0000,0.0000,0.0000,0.0000,0.0000,9.4814,14.3250,0.0000,23.3472,0.0000,0.0000,0.0000,0.0000,0.0000,0.0000,0.0000,0.0000,0.0000,0.0000,0.0000,2.8926,0.0000,0.0000,0.0000,2.6497,1.4388,3.2776,0.0000,4.7837,0.4232,1.3159,0.6523,0.0000,0.0000,0.0000,0.0000,0.0000,0.0000,5.3637,0.0000,0.0000,1.5731,0.0000,4.6748,0.0000,0.0000,3.6247,8.6891,0.0000,0.0000,0.0000,0.0000,0.0000,3.2721,0.0000,4.8618,3.0232,3.6617,5.1013,6.8867,0.0000,0.0000,0.0000,1.6185,0.0000,0.0000,64.9344,0.0000,0.0739,0.0000,0.0000,0.0000,0.0000,0.0000,0.0000,3.1212,7.6416,7.4053,0.0000,0.0000,0.0000,0.0000,0.0000,0.0000,0.0000,0.0000,0.0000,0.0000,0.0000,2.5509,4.4471,0.0000,8.7370,1.3268,0.0000,0.0000,0.0000,0.0000,0.0000,0.0000,0.0000,0.0000,0.0000
77,95EnNDMC2024/06/28,NDMC,0.0000,0.0000,0.0000,0.0000,0.0000,0.0000,0.0000,0.0000,0.0000,0.0000,3.9600,87.0870,0.0000,0.0000,0.0000,0.0000,0.0000,9.4814,14.3250,0.0000,23.3472,0.0000,0.0000,0.0000,0.0000,0.0000,0.0000,0.0000,0.0000,0.0000,0.0000,0.0000,2.8926,0.0000,0.0000,0.0000,2.6497,1.4388,3.2776,0.0000,4.7837,0.4232,1.3159,0.6523,0.0000,0.0000,0.0000,0.0000,0.0000,0.0000,5.3637,0.0000,0.0000,1.5731,0.0000,4.6748,0.0000,0.0000,3.6247,8.6891,0.0000,0.0000,0.0000,0.0000,0.0000,3.2721,0.0000,4.8618,3.0232,3.6617,5.1013,6.8867,0.0000,0.0000,0.0000,1.6185,0.0000,0.0000,64.9344,0.0000,0.0739,0.0000,0.0000,0.0000,0.0000,0.0000,0.0000,3.1212,7.6416,7.4053,0.0000,0.0000,0.0000,0.0000,0.0000,0.0000,0.0000,0.0000,0.0000,0.0000,0.0000,2.5509,4.4471,0.0000,8.7370,1.3268,0.0000,0.0000,0.0000,0.0000,0.0000,0.0000,0.0000,0.0000,0.0000
78,95EnNDMC2024/06/28,NDMC,0.0000,0.0000,0.0000,0.0000,0.0000,0.0000,0.0000,0.0000,0.0000,0.0000,3.9600,87.0870,0.0000,0.0000,0.0000,0.0000,0.0000,9.4814,14.3250,0.0000,23.3472,0.0000,0.0000,0.0000,0.0000,0.0000,0.0000,0.0000,0.0000,0.0000,0.0000,0.0000,2.8926,0.0000,0.0000,0.0000,2.6497,1.4388,3.2776,0.0000,4.7837,0.4232,1.3159,0.6523,0.0000,0.0000,0.0000,0.0000,0.0000,0.0000,5.3637,0.0000,0.0000,1.5731,0.0000,4.6748,0.0000,0.0000,3.6247,8.6891,0.0000,0.0000,0.0000,0.0000,0.0000,3.2721,0.0000,4.8618,3.0232,3.6617,5.1013,6.8867,0.0000,0.0000,0.0000,1.6185,0.0000,0.0000,64.9344,0.0000,0.0739,0.0000,0.0000,0.0000,0.0000,0.0000,0.0000,3.1212,7.6416,7.4053,0.0000,0.0000,0.0000,0.0000,0.0000,0.0000,0.0000,0.0000,0.0000,0.0000,0.0000,2.5509,4.4471,0.0000,8.7370,1.3268,0.0000,0.0000,0.0000,0.0000,0.0000,0.0000,0.0000,0.0000,0.0000
79,95EnNDMC2024/06/28,NDMC,0.0000,0.0000,0.0000,0.0000,0.0000,0.0000,0.0000,0.0000,0.0000,0.0000,3.9600,87.0870,0.0000,0.0000,0.0000,0.0000,0.0000,9.4814,14.3250,0.0000,23.3472,0.0000,0.0000,0.0000,0.0000,0.0000,0.0000,0.0000,0.0000,0.0000,0.0000,0.0000,2.8926,0.0000,0.0000,0.0000,2.6497,1.4388,3.2776,0.0000,4.7837,0.4232,1.3159,0.6523,0.0000,0.0000,0.0000,0.0000,0.0000,0.0000,5.3637,0.0000,0.0000,1.5731,0.0000,4.6748,0.0000,0.0000,3.6247,8.6891,0.0000,0.0000,0.0000,0.0000,0.0000,3.2721,0.0000,4.8618,3.0232,3.6617,5.1013,6.8867,0.0000,0.0000,0.0000,1.6185,0.0000,0.0000,64.9344,0.0000,0.0739,0.0000,0.0000,0.0000,0.0000,0.0000,0.0000,3.1212,7.6416,7.4053,0.0000,0.0000,0.0000,0.0000,0.0000,0.0000,0.0000,0.0000,0.0000,0.0000,0.0000,2.5509,4.4471,0.0000,8.7370,1.3268,0.0000,0.0000,0.0000,0.0000,0.0000,0.0000,0.0000,0.0000,0.0000
80,95EnNDMC2024/06/28,NDMC,0.0000,0.0000,0.0000,0.0000,0.0000,0.0000,0.0000,0.0000,0.0000,0.0000,3.9600,87.0870,0.0000,0.0000,0.0000,0.0000,0.0000,9.4814,14.3250,0.0000,23.3472,0.0000,0.0000,0.0000,0.0000,0.0000,0.0000,0.0000,0.0000,0.0000,0.0000,0.0000,2.8926,0.0000,0.0000,0.0000,2.6497,1.4388,3.2776,0.0000,4.7837,0.4232,1.3159,0.6523,0.0000,0.0000,0.0000,0.0000,0.0000,0.0000,5.3637,0.0000,0.0000,1.5731,0.0000,4.6748,0.0000,0.0000,3.6247,8.6891,0.0000,0.0000,0.0000,0.0000,0.0000,3.2721,0.0000,4.8618,3.0232,3.6617,5.1013,1.8540,0.0000,0.0000,0.0000,1.6185,0.0000,0.0000,64.9344,0.0000,0.0739,0.0000,0.0000,0.0000,0.0000,0.0000,0.0000,3.1212,7.6416,7.4053,0.0000,0.0000,0.0000,0.0000,0.0000,0.0000,0.0000,0.0000,0.0000,0.0000,0.0000,2.5509,4.4471,0.0000,8.7370,1.3268,0.0000,0.0000,0.0000,0.0000,0.0000,0.0000,0.0000,0.0000,0.0000
81,95EnNDMC2024/06/28,NDMC,0.0000,0.0000,0.0000,0.0000,0.0000,0.0000,0.0000,0.0000,0.0000,0.0000,3.9600,87.0870,0.0000,0.0000,0.0000,0.0000,0.0000,9.4814,14.3250,0.0000,23.3472,0.0000,0.0000,0.0000,0.0000,0.0000,0.0000,0.0000,0.0000,0.0000,0.0000,0.0000,2.8926,0.0000,0.0000,0.0000,2.6497,1.4388,3.2776,0.0000,4.7837,0.4232,1.3159,0.6523,0.0000,0.0000,0.0000,0.0000,0.0000,0.0000,5.3637,0.0000,0.0000,1.5731,0.0000,4.6748,0.0000,0.0000,3.6247,8.6891,0.0000,0.0000,0.0000,0.0000,0.0000,3.2721,0.0000,4.8618,3.0232,3.6617,5.1013,1.6952,0.0000,0.0000,0.0000,1.6185,0.0000,0.0000,64.9344,0.0000,0.0739,0.0000,0.0000,0.0000,0.0000,0.0000,0.0000,3.1874,7.6416,7.4053,0.0000,0.0000,0.0000,0.0000,0.0000,0.0000,0.0000,0.0000,0.0000,0.0000,0.0000,2.5509,4.4471,0.0000,8.7370,1.3268,0.0000,0.0000,0.0000,0.0000,0.0000,0.0000,0.0000,0.0000,0.0000
82,95EnNDMC2024/06/28,NDMC,0.0000,0.0000,0.0000,0.0000,0.0000,0.0000,0.0000,0.0000,0.0000,0.0000,3.9600,87.0870,0.0000,0.0000,0.0000,0.0000,0.0000,9.4814,14.3250,0.0000,23.3472,0.0000,0.0000,0.0000,0.0000,0.0000,0.0000,0.0000,0.0000,0.0000,0.0000,0.0000,2.8926,0.0000,0.0000,0.0000,2.6497,1.4388,3.2776,0.0000,4.7837,0.4232,1.3159,0.6523,0.0000,0.0000,0.0000,0.0000,0.0000,0.0000,5.3637,0.0000,0.0000,1.5731,0.0000,4.6748,0.0000,0.0000,3.6247,8.6891,0.0000,0.0000,0.0000,0.0000,0.0000,3.2721,0.0000,4.8618,3.0232,3.6617,5.1013,1.6952,0.0000,0.0000,0.0000,1.6185,0.0000,0.0000,64.9344,0.0000,0.0739,0.0000,0.0000,0.0000,0.0000,0.0000,0.0000,3.1874,7.6416,7.4053,0.0000,0.0000,0.0000,0.0000,0.0000,0.0000,0.0000,0.0000,0.0000,0.0000,0.0000,2.5509,4.4471,0.0000,8.7370,1.3268,0.0000,0.0000,0.0000,0.0000,0.0000,0.0000,0.0000,0.0000,0.0000
83,95EnNDMC2024/06/28,NDMC,0.0000,0.0000,0.0000,0.0000,0.0000,0.0000,0.0000,0.0000,0.0000,0.0000,3.9600,87.0870,0.0000,0.0000,0.0000,0.0000,0.0000,9.4814,14.3250,0.0000,23.3472,0.0000,0.0000,0.0000,0.0000,0.0000,0.0000,0.0000,0.0000,0.0000,0.0000,0.0000,2.8926,0.0000,0.0000,0.0000,2.6497,1.4388,3.2776,0.0000,4.7837,0.4232,1.3159,0.6523,0.0000,0.0000,0.0000,0.0000,0.0000,0.0000,5.3637,0.0000,0.0000,1.5731,0.0000,4.6748,0.0000,0.0000,3.6247,8.6891,0.0000,0.0000,0.0000,0.0000,0.0000,3.2721,0.0000,4.8618,3.0232,3.6617,5.1013,1.6952,0.0000,0.0000,0.0000,1.6185,0.0000,0.0000,64.9344,0.0000,0.0739,0.0000,0.0000,0.0000,0.0000,0.0000,0.0000,3.1874,7.6416,7.4053,0.0000,0.0000,0.0000,0.0000,0.0000,0.0000,0.0000,0.0000,0.0000,0.0000,0.0000,2.5509,4.4471,0.0000,8.7370,1.3268,0.0000,0.0000,0.0000,0.0000,0.0000,0.0000,0.0000,0.0000,0.0000
84,95EnNDMC2024/06/28,NDMC,0.0000,0.0000,0.0000,0.0000,0.0000,0.0000,0.0000,0.0000,0.0000,0.0000,3.9600,87.0870,0.0000,0.0000,0.0000,0.0000,0.0000,9.4814,14.1629,0.0000,23.3472,0.0000,0.0000,0.0000,0.0000,0.0000,0.0000,0.0000,0.0000,0.0000,0.0000,0.0000,2.8926,0.0000,0.0000,0.0000,2.6497,1.4388,3.2776,0.0000,4.7837,0.4232,1.3159,0.6523,0.0000,0.0000,0.0000,0.0000,0.0000,0.0000,5.3637,0.0000,0.0000,1.5698,0.0000,4.6748,0.0000,0.0000,3.5357,8.6891,0.0000,0.0000,0.0000,0.0000,0.0000,3.1411,0.0000,4.7094,3.0232,3.6617,5.1013,1.6952,0.0000,0.0000,0.0000,1.6185,0.0000,0.0000,64.9344,0.0000,0.0739,0.0000,0.0000,0.0000,0.0000,0.0000,0.0000,3.1874,7.6416,7.4053,0.0000,0.0000,0.0000,0.0000,0.0000,0.0000,0.0000,0.0000,0.0000,0.0000,0.0000,2.5509,4.3685,0.0000,8.7370,1.3268,0.0000,0.0000,0.0000,0.0000,0.0000,0.0000,0.0000,0.0000,0.0000
85,95EnNDMC2024/06/28,NDMC,0.0000,0.0000,0.0000,0.0000,0.0000,0.0000,0.0000,0.0000,0.0000,0.0000,3.9600,87.0870,0.0000,0.0000,0.0000,0.0000,0.0000,9.4814,14.1629,0.0000,23.3472,0.0000,0.0000,0.0000,0.0000,0.0000,0.0000,0.0000,0.0000,0.0000,0.0000,0.0000,2.8926,0.0000,0.0000,0.0000,2.6497,1.4388,3.2776,0.0000,4.7837,0.4232,1.3159,0.6523,0.0000,0.0000,0.0000,0.0000,0.0000,0.0000,5.3637,0.0000,0.0000,1.5698,0.0000,4.6748,0.0000,0.0000,3.5357,8.6891,0.0000,0.0000,0.0000,0.0000,0.0000,3.1411,0.0000,4.7094,3.0232,3.6617,5.1013,1.6952,0.0000,0.0000,0.0000,1.6185,0.0000,0.0000,64.9344,0.0000,0.0739,0.0000,0.0000,0.0000,0.0000,0.0000,0.0000,3.1874,7.6416,7.4053,0.0000,0.0000,0.0000,0.0000,0.0000,0.0000,0.0000,0.0000,0.0000,0.0000,0.0000,2.5509,4.3685,0.0000,8.7370,1.3268,0.0000,0.0000,0.0000,0.0000,0.0000,0.0000,0.0000,0.0000,0.0000
86,95EnNDMC2024/06/28,NDMC,0.0000,0.0000,0.0000,0.0000,0.0000,0.0000,0.0000,0.0000,0.0000,0.0000,3.9600,87.0870,0.0000,0.0000,0.0000,0.0000,0.0000,9.4814,14.1629,0.0000,23.3472,0.0000,0.0000,0.0000,0.0000,0.0000,0.0000,0.0000,0.0000,0.0000,0.0000,0.0000,2.8926,0.0000,0.0000,0.0000,2.6497,1.4388,3.2776,0.0000,4.7837,0.4232,1.3159,0.6523,0.0000,0.0000,0.0000,0.0000,0.0000,0.0000,5.3637,0.0000,0.0000,1.5698,0.0000,4.6748,0.0000,0.0000,3.5357,8.6891,0.0000,0.0000,0.0000,0.0000,0.0000,3.1411,0.0000,4.7094,3.0232,3.6617,5.1013,1.6952,0.0000,0.0000,0.0000,1.6185,0.0000,0.0000,64.9344,0.0000,0.0739,0.0000,0.0000,0.0000,0.0000,0.0000,0.0000,3.1874,7.6416,7.4053,0.0000,0.0000,0.0000,0.0000,0.0000,0.0000,0.0000,0.0000,0.0000,0.0000,0.0000,2.5509,4.3685,0.0000,8.7370,1.3268,0.0000,0.0000,0.0000,0.0000,0.0000,0.0000,0.0000,0.0000,0.0000
87,95EnNDMC2024/06/28,NDMC,0.0000,0.0000,0.0000,0.0000,0.0000,0.0000,0.0000,0.0000,0.0000,0.0000,3.9600,87.0870,0.0000,0.0000,0.0000,0.0000,0.0000,9.4814,14.1629,0.0000,23.3472,0.0000,0.0000,0.0000,0.0000,0.0000,0.0000,0.0000,0.0000,0.0000,0.0000,0.0000,2.8926,0.0000,0.0000,0.0000,2.6497,1.4388,3.2776,0.0000,4.7837,0.4232,1.3159,0.6523,0.0000,0.0000,0.0000,0.0000,0.0000,0.0000,5.3637,0.0000,0.0000,1.5698,0.0000,4.6748,0.0000,0.0000,3.5357,8.6891,0.0000,0.0000,0.0000,0.0000,0.0000,3.1411,0.0000,4.7094,3.0232,3.6617,5.1013,1.6952,0.0000,0.0000,0.0000,1.6185,0.0000,0.0000,64.9344,0.0000,0.0739,0.0000,0.0000,0.0000,0.0000,0.0000,0.0000,3.1874,7.6416,7.4053,0.0000,0.0000,0.0000,0.0000,0.0000,0.0000,0.0000,0.0000,0.0000,0.0000,0.0000,2.5509,4.3685,0.0000,8.7370,1.3268,0.0000,0.0000,0.0000,0.0000,0.0000,0.0000,0.0000,0.0000,0.0000
88,95EnNDMC2024/06/28,NDMC,0.0000,0.0000,0.0000,0.0000,0.0000,0.0000,0.0000,0.0000,0.0000,0.0000,3.9600,87.0870,0.0000,0.0000,0.0000,0.0000,0.0000,9.4814,14.3250,0.0000,23.3472,0.0000,0.0000,0.0000,0.0000,0.0000,0.0000,0.0000,0.0000,0.0000,0.0000,0.0000,2.8926,0.0000,0.0000,0.0000,2.6497,1.4388,3.2776,0.0000,4.7837,0.4232,1.3159,0.6523,0.0000,0.0000,0.0000,0.0000,0.0000,0.0000,5.3637,0.0000,0.0000,1.5731,0.0000,4.6748,0.0000,0.0000,3.6247,8.6891,0.0000,0.0000,0.0000,0.0000,0.0000,3.2721,0.0000,4.8618,3.0232,3.6617,5.1013,1.6952,0.0000,0.0000,0.0000,1.6185,0.0000,0.0000,64.9344,0.0000,0.0739,0.0000,0.0000,0.0000,0.0000,0.0000,0.0000,3.2537,7.6416,7.4053,0.0000,0.0000,0.0000,0.0000,0.0000,0.0000,0.0000,0.0000,0.0000,0.0000,0.0000,2.5509,4.4471,0.0000,8.7370,1.3268,0.0000,0.0000,0.0000,0.0000,0.0000,0.0000,0.0000,0.0000,0.0000
89,95EnNDMC2024/06/28,NDMC,0.0000,0.0000,0.0000,0.0000,0.0000,0.0000,0.0000,0.0000,0.0000,0.0000,3.9600,87.0870,0.0000,0.0000,0.0000,0.0000,0.0000,9.4814,14.3250,0.0000,23.3472,0.0000,0.0000,0.0000,0.0000,0.0000,0.0000,0.0000,0.0000,0.0000,0.0000,0.0000,2.8926,0.0000,0.0000,0.0000,2.6497,1.4388,3.2776,0.0000,4.7837,0.4232,1.3159,0.6523,0.0000,0.0000,0.0000,0.0000,0.0000,0.0000,5.3637,0.0000,0.0000,1.5731,0.0000,4.6748,0.0000,0.0000,3.6247,8.6891,0.0000,0.0000,0.0000,0.0000,0.0000,3.2721,0.0000,4.8618,3.0232,3.6617,5.1013,1.6952,0.0000,0.0000,0.0000,1.6185,0.0000,0.0000,64.9344,0.0000,0.0739,0.0000,0.0000,0.0000,0.0000,0.0000,0.0000,3.2537,7.6416,7.4053,0.0000,0.0000,0.0000,0.0000,0.0000,0.0000,0.0000,0.0000,0.0000,0.0000,0.0000,2.5509,4.4471,0.0000,8.7370,1.3268,0.0000,0.0000,0.0000,0.0000,0.0000,0.0000,0.0000,0.0000,0.0000
90,95EnNDMC2024/06/28,NDMC,0.0000,0.0000,0.0000,0.0000,0.0000,0.0000,0.0000,0.0000,0.0000,0.0000,3.9600,87.0870,0.0000,0.0000,0.0000,0.0000,0.0000,9.4814,14.3250,0.0000,23.3472,0.0000,0.0000,0.0000,0.0000,0.0000,0.0000,0.0000,0.0000,0.0000,0.0000,0.0000,2.8926,0.0000,0.0000,0.0000,2.6497,1.4388,3.2776,0.0000,4.7837,0.4232,1.3159,0.6523,0.0000,0.0000,0.0000,0.0000,0.0000,0.0000,5.3637,0.0000,0.0000,1.5731,0.0000,4.6748,0.0000,0.0000,3.6247,8.6891,0.0000,0.0000,0.0000,0.0000,0.0000,3.2721,0.0000,4.8618,3.0232,3.6617,5.1013,1.6952,0.0000,0.0000,0.0000,1.6185,0.0000,0.0000,64.9344,0.0000,0.0739,0.0000,0.0000,0.0000,0.0000,0.0000,0.0000,3.2537,7.6416,7.4053,0.0000,0.0000,0.0000,0.0000,0.0000,0.0000,0.0000,0.0000,0.0000,0.0000,0.0000,2.5509,4.4471,0.0000,8.7370,1.3268,0.0000,0.0000,0.0000,0.0000,0.0000,0.0000,0.0000,0.0000,0.0000
91,95EnNDMC2024/06/28,NDMC,0.0000,0.0000,0.0000,0.0000,0.0000,0.0000,0.0000,0.0000,0.0000,0.0000,3.9600,87.0870,0.0000,0.0000,0.0000,0.0000,0.0000,9.4814,14.3250,0.0000,23.3472,0.0000,0.0000,0.0000,0.0000,0.0000,0.0000,0.0000,0.0000,0.0000,0.0000,0.0000,2.8926,0.0000,0.0000,0.0000,2.6497,1.4388,3.2776,0.0000,4.5227,0.4232,1.3159,0.6523,0.0000,0.0000,0.0000,0.0000,0.0000,0.0000,5.3637,0.0000,0.0000,1.5731,0.0000,4.6748,0.0000,0.0000,3.6247,8.6891,0.0000,0.0000,0.0000,0.0000,0.0000,3.2721,0.0000,4.8618,3.0232,3.6617,5.1013,1.6952,0.0000,0.0000,0.0000,1.6185,0.0000,0.0000,64.9344,0.0000,0.0739,0.0000,0.0000,0.0000,0.0000,0.0000,0.0000,3.2537,7.6416,7.4053,0.0000,0.0000,0.0000,0.0000,0.0000,0.0000,0.0000,0.0000,0.0000,0.0000,0.0000,2.5509,4.4471,0.0000,8.7370,1.3268,0.0000,0.0000,0.0000,0.0000,0.0000,0.0000,0.0000,0.0000,0.0000
92,95EnNDMC2024/06/28,NDMC,0.0000,0.0000,0.0000,0.0000,0.0000,0.0000,0.0000,0.0000,0.0000,0.0000,3.9600,87.0870,0.0000,0.0000,0.0000,0.0000,0.0000,9.4814,14.1629,0.0000,23.3472,0.0000,0.0000,0.0000,0.0000,0.0000,0.0000,0.0000,0.0000,0.0000,0.0000,0.0000,2.8926,0.0000,0.0000,0.0000,2.6497,1.4388,3.2776,0.0000,4.5227,0.4232,1.3159,0.6523,0.0000,0.0000,0.0000,0.0000,0.0000,0.0000,5.3637,0.0000,0.0000,1.0463,0.0000,4.6748,0.0000,0.0000,3.5357,8.6891,0.0000,0.0000,0.0000,0.0000,0.0000,3.1411,0.0000,4.7094,3.0232,3.6617,5.1013,1.6952,0.0000,0.0000,0.0000,1.6185,0.0000,0.0000,64.9344,0.0000,0.0739,0.0000,0.0000,0.0000,0.0000,0.0000,0.0000,3.2537,7.6416,7.4053,0.0000,0.0000,0.0000,0.0000,0.0000,0.0000,0.0000,0.0000,0.0000,0.0000,0.0000,2.5509,4.3685,0.0000,8.7370,1.3268,0.0000,0.0000,0.0000,0.0000,0.0000,0.0000,0.0000,0.0000,0.0000
93,95EnNDMC2024/06/28,NDMC,0.0000,0.0000,0.0000,0.0000,0.0000,0.0000,0.0000,0.0000,0.0000,0.0000,3.9600,87.0870,0.0000,0.0000,0.0000,0.0000,0.0000,9.4814,14.1629,0.0000,23.3472,0.0000,0.0000,0.0000,0.0000,0.0000,0.0000,0.0000,0.0000,0.0000,0.0000,0.0000,2.8926,0.0000,0.0000,0.0000,2.6497,1.4388,3.2776,0.0000,4.5227,0.4232,1.3159,0.6523,0.0000,0.0000,0.0000,0.0000,0.0000,0.0000,5.3637,0.0000,0.0000,1.0463,0.0000,4.6748,0.0000,0.0000,3.5357,8.6891,0.0000,0.0000,0.0000,0.0000,0.0000,3.1411,0.0000,4.7094,3.0232,3.6617,5.1013,1.6952,0.0000,0.0000,0.0000,1.6185,0.0000,0.0000,64.9344,0.0000,0.0739,0.0000,0.0000,0.0000,0.0000,0.0000,0.0000,3.2537,7.6416,7.5427,0.0000,0.0000,0.0000,0.0000,0.0000,0.0000,0.0000,0.0000,0.0000,0.0000,0.0000,2.5509,4.3685,0.0000,8.7370,1.3268,0.0000,0.0000,0.0000,0.0000,0.0000,0.0000,0.0000,0.0000,0.0000
94,95EnNDMC2024/06/28,NDMC,0.0000,0.0000,0.0000,0.0000,0.0000,0.0000,0.0000,0.0000,0.0000,0.0000,3.9600,87.0870,0.0000,0.0000,0.0000,0.0000,0.0000,9.4814,14.1629,0.0000,23.3472,0.0000,0.0000,0.0000,0.0000,0.0000,0.0000,0.0000,0.0000,0.0000,0.0000,0.0000,2.8926,0.0000,0.0000,0.0000,2.6497,1.4388,3.2776,0.0000,4.5227,0.4232,1.3159,0.6523,0.0000,0.0000,0.0000,0.0000,0.0000,0.0000,5.3637,0.0000,0.0000,1.0463,0.0000,4.6748,0.0000,0.0000,3.5357,8.6891,0.0000,0.0000,0.0000,0.0000,0.0000,3.1411,0.0000,4.7094,3.0232,3.6617,5.1013,1.6952,0.0000,0.0000,0.0000,1.6185,0.0000,0.0000,64.9344,0.0000,0.0739,0.0000,0.0000,0.0000,0.0000,0.0000,0.0000,3.2537,7.6416,7.5427,0.0000,0.0000,0.0000,0.0000,0.0000,0.0000,0.0000,0.0000,0.0000,0.0000,0.0000,2.5509,4.3685,0.0000,8.7370,1.3268,0.0000,0.0000,0.0000,0.0000,0.0000,0.0000,0.0000,0.0000,0.0000
95,95EnNDMC2024/06/28,NDMC,0.0000,0.0000,0.0000,0.0000,0.0000,0.0000,0.0000,0.0000,0.0000,0.0000,3.9600,87.0870,0.0000,0.0000,0.0000,0.0000,0.0000,9.4814,14.1629,0.0000,23.3472,0.0000,0.0000,0.0000,0.0000,0.0000,0.0000,0.0000,0.0000,0.0000,0.0000,0.0000,2.8926,0.0000,0.0000,0.0000,2.6497,1.4388,3.2776,0.0000,4.5227,0.4232,1.3159,0.6523,0.0000,0.0000,0.0000,0.0000,0.0000,0.0000,5.3637,0.0000,0.0000,1.0463,0.0000,4.6748,0.0000,0.0000,3.5357,8.6891,0.0000,0.0000,0.0000,0.0000,0.0000,3.1411,0.0000,4.7094,3.0232,3.6617,5.1013,1.6952,0.0000,0.0000,0.0000,1.6185,0.0000,0.0000,64.9344,0.0000,0.0739,0.0000,0.0000,0.0000,0.0000,0.0000,0.0000,3.2537,7.6416,7.5427,0.0000,0.0000,0.0000,0.0000,0.0000,0.0000,0.0000,0.0000,0.0000,0.0000,0.0000,2.6661,4.3685,0.0000,8.7370,1.3268,0.0000,0.0000,0.0000,0.0000,0.0000,0.0000,0.0000,0.0000,0.0000
96,95EnNDMC2024/06/28,NDMC,0.0000,0.0000,0.0000,0.0000,0.0000,0.0000,0.0000,0.0000,0.0000,0.0000,3.9600,87.0870,0.0000,0.0000,0.0000,0.0000,0.0000,9.4814,14.1629,0.0000,23.3472,0.0000,0.0000,0.0000,0.0000,0.0000,0.0000,0.0000,0.0000,0.0000,0.0000,0.0000,2.8926,0.0000,0.0000,0.0000,2.6497,1.4388,3.2776,0.0000,4.5227,0.4232,1.3159,0.6523,0.0000,0.0000,0.0000,0.0000,0.0000,0.0000,5.3637,0.0000,0.0000,1.0463,0.0000,4.6748,0.0000,0.0000,3.5357,8.6891,0.0000,0.0000,0.0000,0.0000,0.0000,3.1411,0.0000,4.7094,3.0232,3.6617,5.1013,1.6952,0.0000,0.0000,0.0000,1.6185,0.0000,0.0000,64.9344,0.0000,0.0739,0.0000,0.0000,0.0000,0.0000,0.0000,0.0000,3.2537,7.6416,7.5427,0.0000,0.0000,0.0000,0.0000,0.0000,0.0000,0.0000,0.0000,0.0000,0.0000,0.0000,2.7814,4.3685,0.0000,8.7370,1.3268,0.0000,0.0000,0.0000,0.0000,0.0000,0.0000,0.0000,0.0000,0.0000
