Timeslot,Revisionno,BTPS,PRAGATI,RPH,DADRI_T,GT_OC,CSGS,GT_RLNG,PRG_RLNG,DVC,GT_LF,GT_CC,PRG_G_CC,GT_RLG_C,GT_LF_CC,PG_RLG_C,REGULATE,MTPS6,JHAJJAR,NJPC,CCGT_OC,CCGT_CC,CCGT_RCC,CCGT_ROC,CLPJHAJR,MEJIA7,MAITHON,SECI,RITHL_CC,RITHL_OC,RITHL_RC,RITHL_RO,NHPC,DADRI_T2,ANTA_GF,AURY_GF,FARAKKA,RIHAND1,RIHAND2,RIHAND3,SASAN,SNGRAULI,UNCHHAR1,UNCHHAR2,UNCHHAR3,KAHLGAN1,KAHLGAN2,DADRI_GF,ANTA_RF,AURY_RF,DADRI_RF,KOLDAM,TH_HPP,KTWR_HEP,SEWA2,DMSWSL,NAPP,RAPPB,MUNDRA,RAMPUR,RAPPC,TALA,ANTA_LF,AURY_LF,DADRI_LF,URI,URI2,CHAMERA1,CHAMERA2,CHAMERA3,DHAULIGNGA,DULHASTI,PARBATI3,SALAL,TANAKPUR,BSIUL,UNCHAHAR4,PRG_CCLF,PRG_OCLF,CCGTCCSPOT,CCGTOCSPOT,SNG_HYDRO,SHEP,GIREL,RUMS_DMRC,SEIPL,THPPL,NHPPL,ANTA_CRF,AURY_CRF,DADR_CRF,ALFANR_I,ALFANR_II,ALFANR_III,ERCPL_FTG,ERPCL_FTG2,AP41PL_BHDL,ASE4PL,KUDGI,SRIJAN_M,SITAC_BRPL,SITAC_BYPL,TANDA2,KSHNGNGA,SOLAPUR,MEJA,TWEPL,GBHHPL,THAR_BYPL,THAR_BRPL,ASEJ2PL_BYPL,ASEJ2PL_TPDDL,CHANJUII,SECI_BRPL,SECI_BYPL,SECI_TPDDL,APSEPL_FTG,PARBATI2,KHURJA,GHATAMPUR,RAPPD
00:00-00:15,70DC2025/06/01,0,0,0,0,0,0,0,0,44.6,0,44,25,0,0,0,0,13.6,349.33,5.50999999999999,0,30,0,0,0,51.04,0,0,0,0,0,0,0,568.94,0,0,3.87,2.07,5.77,6.28,14.02,6.61000000000001,5.22,10.1,6.02,7.21,5.03,0,49.86,80.77,101.83,-4.47,1.34,0.710000000000001,0.44,0,0,0,0,-0.29,2.31,5.68,0,0,0,1.72,1.29,1.43,1.66,0.789999999999999,-9.84,1.98,1.48,2.86,5.89,0.22,1.43,0,0,950,0,0.0799999999999998,0,0,0,200,0,0,0,0,0,0,0,0,300,300,100,200,0,0,249.67,249.67,2.65,-2.59,0,7.21,0,0,300,300,200,200,18.7,100,100,100,0,-6.11,0.369999999999999,0.25,0.91
00:15-00:30,70DC2025/06/01,0,0,0,0,0,0,0,0,44.6,0,44,25,0,0,0,0,13.6,419.87,5.50999999999999,0,30.0001,0,0,0,51.04,0,0,0,0,0,0,0,568.94,0,0,3.87,2.07,5.77,6.28,14.02,6.56999999999999,5.22,10.1,6.02,1.55,5.03,0,49.86,80.77,101.83,-4.47,1.34,0.710000000000001,0.21,0,0,0,0,0.22,2.31,0.760000000000002,0,0,0,1.72,1.29,1.43,1.1,0.789999999999999,0.75,1.98,1.48,2.86,0.32,0.22,1.43,0,0,950,0,0.04,0,0,0,200,0,0,0,0,0,0,0,0,300,300,100,200,0,0,300,300,2.65,-2.59,0,7.21,0,0,300,300,200,200,18.7,100,100,100,0,1.15,4.85,3.37,0.91
00:30-00:45,70DC2025/06/01,0,0,0,0,0,0,0,0,44.6,0,44,25,0,0,0,0,13.6,529.15,5.50999999999999,0,30,0,0,0,51.04,0,0,0,0,0,0,0,568.94,0,0,3.87,2.07,5.77,6.28,14.02,6.56999999999999,5.22,10.1,6.02,1.55,5.03,0,49.86,80.77,101.83,-4.47,1.34,0.710000000000001,0.21,0,0,0,0,0.22,2.31,0.760000000000002,0,0,0,1.72,1.29,1.43,1.1,0.789999999999999,0.75,1.98,1.48,2.86,0.32,0.22,1.43,0,0,950,0,0.04,0,0,0,200,0,0,0,0,0,0,0,0,300,300,100,200,0,0,300,300,2.65,-2.59,0,7.21,0,0,300,300,200,200,18.7,100,100,100,0,1.15,4.85,3.37,0.91
00:45-01:00,70DC2025/06/01,0,0,0,0,0,0,0,0,44.6,0,44,25,0,0,0,0,13.6,565.37,5.50999999999999,0,30,0,0,0,51.04,0,0,0,0,0,0,0,568.94,0,0,3.87,2.07,5.77,6.28,14.02,6.56999999999999,5.22,10.1,6.02,1.55,5.03,0,49.86,80.77,101.83,0.16,1.34,0.710000000000001,0.21,0,0,0,0,0.22,2.31,0.760000000000002,0,0,0,1.72,1.29,1.43,1.1,0.789999999999999,0.75,1.98,1.48,2.86,0.32,0.22,1.43,0,0,950,0,0.04,0,0,0,200,0,0,0,0,0,0,0,0,300,300,100,200,0,0,300,300,2.65,0.19,0,7.21,0,0,300,300,200,200,18.7,100,100,100,0,1.15,4.85,3.37,0.91
01:00-01:15,70DC2025/06/01,0,0,0,0,0,0,0,0,44.6,0,44,25,0,0,0,0,13.6,565.37,5.50999999999999,0,30,0,0,0,51.04,0,0,0,0,0,0,0,568.94,0,0,3.87,2.07,5.59,5.72000000000001,14.02,6.56999999999999,5.22,10.1,6.02,1.55,5.03,0,51.17,80.77,101.83,0.16,1.34,0.710000000000001,0.21,0,0,0,0,0.22,2.31,0.469999999999999,0,0,0,1.72,1.29,1.43,1.1,0.789999999999999,0.75,1.98,0.780000000000001,2.86,0.14,0.22,1.43,0,0,950,0,0.04,0,0,0,200,0,0,0,0,0,0,0,0,300,300,100,200,0,0,300,300,2.65,0.19,0,7.21,0,0,300,300,200,200,18.7,100,100,100,0,0.77,4.85,3.37,0.91
01:15-01:30,70DC2025/06/01,0,0,0,0,0,0,0,0,44.6,0,44,25,0,0,0,0,13.6,565.37,5.50999999999999,0,30,0,0,0,51.04,0,0,0,0,0,0,0,568.94,0,0,3.87,2.07,5.59,5.72000000000001,14.02,6.56999999999999,5.22,10.1,6.02,1.55,5.03,0,51.17,80.77,101.83,0.16,1.34,0.710000000000001,0.2,0,0,0,0,0.22,2.31,0.469999999999999,0,0,0,1.72,1.29,1.43,1.1,0.789999999999999,0.75,1.98,0.780000000000001,2.86,0.14,0.22,1.43,0,0,950,0,0.04,0,0,0,200,0,0,0,0,0,0,0,0,300,300,100,200,0,0,300,300,2.65,0.19,0,7.21,0,0,300,300,200,200,18.7,100,100,100,0,0.77,4.85,3.37,0.91
01:30-01:45,70DC2025/06/01,0,0,0,0,0,0,0,0,44.6,0,44,25,0,0,0,0,13.6,565.37,5.50999999999999,0,30,0,0,0,51.04,0,0,0,0,0,0,0,568.94,0,0,3.87,2.07,5.59,5.72000000000001,14.02,6.56999999999999,7.99,15.75,9.54,1.77,5.03,0,51.17,80.77,101.83,0.16,1.34,0.710000000000001,0.2,0,0,0,0,0.22,2.31,0.469999999999999,0,0,0,1.73,1.29,1.43,1.1,0.789999999999999,0.75,1.98,0.780000000000001,2.86,0.13,0.22,1.43,0,0,950,0,0.04,0,0,0,200,0,0,0,0,0,0,0,0,300,300,100,200,0,0,300,300,2.65,0.19,0,7.21,0,0,300,300,200,200,18.7,100,100,100,0,0.77,4.85,3.37,0.91
01:45-02:00,70DC2025/06/01,0,0,0,0,0,0,0,0,44.6,0,44,25,0,0,0,0,13.6,565.37,5.50999999999999,0,30,0,0,0,51.04,0,0,0,0,0,0,0,568.94,0,0,3.87,2.07,5.59,5.72000000000001,14.02,6.56999999999999,7.99,15.75,9.54,1.77,5.03,0,51.17,80.77,101.83,0.16,1.34,0.710000000000001,0.19,0,0,0,0,0.22,2.31,0.529999999999999,0,0,0,1.73,1.29,1.43,1.1,0.789999999999999,0.75,1.98,0.780000000000001,2.86,0.13,0.22,1.43,0,0,950,0,0.04,0,0,0,200,0,0,0,0,0,0,0,0,300,300,100,200,0,0,300,300,2.65,0.19,0,7.21,0,0,300,300,200,200,18.7,100,100,100,0,0.77,4.85,3.37,0.91
02:00-02:15,70DC2025/06/01,0,0,0,0,0,0,0,0,104.72,0,44,25,0,0,0,0,31.59,565.37,5.50999999999999,0,30,0,0,0,51.04,0,0,0,0,0,0,0,568.94,0,0,10.78,2.07,5.59,5.72000000000001,14.02,6.56999999999999,10,20.64,12.99,1.63,5.03,0,51.83,80.77,101.83,0.16,1.34,0.710000000000001,0.18,0,0,0,0,0.22,2.31,0.529999999999999,0,0,0,1.73,1.29,0.859999999999999,1.1,0.789999999999999,0.75,1.98,0.780000000000001,2.86,0.13,0.22,2.01,0,0,950,0,0.04,0,0,0,200,0,0,0,0,0,0,0,0,300,300,100,200,0,0,0,0,4.11,0.19,0,7.21,0,0,300,300,200,200,18.51,100,100,100,0,0.77,4.85,6.32,0.91
02:15-02:30,70DC2025/06/01,0,0,0,0,0,0,0,0,104.72,0,44,25,0,0,0,0,31.59,565.37,5.50999999999999,0,30,0,0,0,51.04,0,0,0,0,0,0,0,568.94,0,0,10.78,2.07,5.59,5.72000000000001,14.02,6.56999999999999,11.6,21.8,15.03,1.63,5.03,0,51.83,80.77,101.83,0.16,1.34,0.710000000000001,0,0,0,0,0,0.22,2.31,0.529999999999999,0,0,0,1.73,1.29,0.859999999999999,1.1,0.789999999999999,0.75,1.98,0.780000000000001,2.86,0.13,0.22,2.61,0,0,950,0,0.04,0,0,0,200,0,0,0,0,0,0,0,0,300,300,100,200,0,0,0,0,4.11,0.19,0,7.21,0,0,300,300,200,200,18.51,100,100,100,0,0.77,4.85,6.32,0.91
02:30-02:45,70DC2025/06/01,0,0,0,0,0,0,0,0,104.72,0,44,25,0,0,0,0,31.59,565.37,5.50999999999999,0,30,0,0,0,51.04,0,0,0,0,0,0,0,568.94,0,0,10.78,2.07,5.59,5.72000000000001,14.02,6.56999999999999,11.6,21.8,15.03,1.63,5.03,0,51.83,80.77,101.83,0.16,1.34,0.710000000000001,0,0,0,0,0,0.22,2.31,0.529999999999999,0,0,0,1.73,1.29,0.859999999999999,1.1,0.789999999999999,0.75,1.98,0.780000000000001,2.86,0.13,0.22,1.71,0,0,950,0,0.04,0,0,0,200,0,0,0,0,0,0,0,0,300,300,100,200,0,0,0,0,2.65,0.19,0,7.21,0,0,300,300,200,200,18.51,100,100,100,0,0.77,4.85,3.37,0.91
02:45-03:00,70DC2025/06/01,0,0,0,0,0,0,0,0,104.72,0,44,25,0,0,0,0,31.59,565.37,5.50999999999999,0,30,0,0,0,51.04,0,0,0,0,0,0,0,568.94,0,0,10.78,2.07,5.59,5.72000000000001,14.02,6.56999999999999,11.6,21.8,15.03,1.63,5.03,0,51.83,80.77,101.83,0.16,1.34,0.710000000000001,0,0,0,0,0,0.22,2.31,0.529999999999999,0,0,0,1.73,1.29,0.850000000000001,1.1,0.789999999999999,0.75,1.98,0.780000000000001,2.86,0.13,0.22,1.43,0,0,950,0,0.04,0,0,0,200,0,0,0,0,0,0,0,0,300,300,100,200,0,0,0,0,2.65,0.19,0,7.21,0,0,300,300,200,200,18.51,100,100,100,0,0.77,4.85,3.37,0.91
03:00-03:15,70DC2025/06/01,0,0,0,0,0,0,0,0,104.72,0,44,25,0,0,0,0,51.56,565.37,5.50999999999999,0,30,0,0,0,26.89,0,0,0,0,0,0,0,568.94,0,0,10.77,2.07,5.59,5.72000000000001,14.02,6.56999999999999,11.6,21.8,15.03,12.38,34.14,0,52.22,80.77,101.83,0.16,1.34,0.710000000000001,0,0,0,0,0,0.22,2.31,0.51,0,0,0,1.73,1.29,0.850000000000001,1.1,0.789999999999999,0.75,1.98,0.780000000000001,2.76,0.13,0.44,1.79,0,0,950,0,0.04,0,0,0,200,0,0,0,0,0,0,0,0,300,300,100,200,0,0,0,0,3.13,0.19,0,13.67,0,0,300,300,200,200,18.33,100,100,100,0,0.77,4.85,6.32,0.91
03:15-03:30,70DC2025/06/01,0,0,0,0,0,0,0,0,104.72,0,44,25,0,0,0,0,51.56,565.37,5.50999999999999,0,30,0,0,0,26.89,0,0,0,0,0,0,0,568.94,0,0,10.77,2.07,5.59,5.72000000000001,14.02,6.56999999999999,11.6,21.8,15.03,12.38,34.14,0,52.22,80.77,101.83,0.16,1.34,0.710000000000001,0,0,0,0,0,0.22,2.31,0.51,0,0,0,1.73,1.29,0.850000000000001,1.1,0.789999999999999,0.75,1.98,0.780000000000001,2.76,0.13,0.44,2.54,0,0,950,0,0.04,0,0,0,200,0,0,0,0,0,0,0,0,300,300,100,200,0,0,0,0,3.98,0.19,0,13.67,0,0,300,300,200,200,18.33,100,100,100,0,0.77,10.83,6.32,0.91
03:30-03:45,70DC2025/06/01,0,0,0,0,0,0,0,0,160.46,0,44,25,0,0,0,0,51.56,565.37,5.50999999999999,0,30,0,0,0,26.89,0,0,0,0,0,0,0,568.94,0,0,10.77,16.88,30.77,5.72000000000001,14.02,23.96,11.6,21.8,15.03,12.38,34.14,0,52.22,80.77,101.83,0.16,1.34,0.710000000000001,0,0,0,0,0,0.22,2.31,0.51,0,0,0,1.73,1.29,0.850000000000001,1.1,0.789999999999999,0.75,1.98,0.780000000000001,2.76,0.13,0.44,2.61,0,0,950,0,0.04,0,0,0,200,0,0,0,0,0,0,0,0,300,300,100,200,0,0,0,0,4.11,0.19,0,13.67,0,0,300,300,200,200,18.33,100,100,100,0,0.77,10.83,6.32,0.91
03:45-04:00,70DC2025/06/01,0,0,0,0,0,0,0,0,160.46,0,44,25,0,0,0,0,51.56,565.37,5.50999999999999,0,30,0,0,0,26.89,0,0,0,0,0,0,0,568.94,0,0,10.77,16.88,30.77,42.37,14.02,23.96,11.6,21.8,15.03,12.38,34.14,0,52.22,80.77,101.83,0.16,1.34,0.710000000000001,0,0,0,0,0,0.22,2.31,0.51,0,0,0,1.73,1.29,0.850000000000001,1.1,0.789999999999999,0.75,1.98,0.780000000000001,2.76,0.13,0.44,2.61,0,0,950,0,0.04,0,0,0,200,0,0,0,0,0,0,0,0,300,300,100,200,0,0,0,0,4.11,0.19,0,13.67,0,0,300,300,200,200,18.33,100,100,100,0,0.77,10.83,6.32,0.91
04:00-04:15,70DC2025/06/01,0,0,0,0,0,0,0,0,160.46,0,44,25,0,0,0,0,51.56,565.37,4.56,0,30,0,0,0,26.89,0,0,0,0,0,0,0,568.94,0,0,10.77,16.88,30.77,42.37,14.02,23.96,11.6,21.8,15.03,18.47,34.14,0,52.22,80.77,101.83,0.16,1.34,0.710000000000001,0,0,0,0,0,0.18,2.31,0.629999999999999,0,0,0,1.8,1.29,0.850000000000001,1.1,0.789999999999999,0.75,1.98,0.780000000000001,2.76,0.13,0.44,2.61,0,0,950,0,0.04,0,0,0,200,0,0,0,0,0,0,0,0,300,300,100,200,0,0,0,0,4.11,0.19,0,13.67,0,0,300,300,200,200,18.05,100,100,100,0,0.77,10.83,6.32,0.91
04:15-04:30,70DC2025/06/01,0,0,0,0,0,0,0,0,160.46,0,44,25,0,0,0,0,51.56,565.37,4.56,0,30,0,0,0,26.89,0,0,0,0,0,0,0,568.94,0,0,10.77,16.88,30.77,42.37,14.02,23.96,11.6,21.8,15.03,18.47,34.14,0,52.22,80.77,101.83,0.16,1.34,0.710000000000001,0,0,0,0,0,0.18,2.31,0.629999999999999,0,0,0,1.8,1.29,0.850000000000001,1.1,0.789999999999999,0.75,1.98,0.780000000000001,2.76,0.13,0.44,2.61,0,0,950,0,0.04,0,0,0,200,0,0,0,0,0,0,0,0,300,300,100,200,0,0,0,0,4.11,0.19,0,13.67,0,0,300,300,200,200,18.05,100,100,100,0,0.77,10.83,6.32,0.91
04:30-04:45,70DC2025/06/01,0,0,0,0,0,0,0,0,160.46,0,44,25,0,0,0,0,51.56,565.37,4.56,0,30,0,0,0,26.89,0,0,0,0,0,0,0,568.94,0,0,10.77,16.88,30.77,42.37,14.02,23.96,11.6,21.8,15.03,18.47,34.14,0,52.22,80.77,101.83,0.16,1.34,0.710000000000001,0,0,0,0,0,0.18,2.31,0.61,0,0,0,1.8,1.29,0.850000000000001,1.1,0.789999999999999,0.75,1.98,0.780000000000001,2.78,0.0999999999999996,0.44,2.61,0,0,950,0,0.04,0,0,0,200,0,0,0,0,0,0,0,0,300,300,100,200,0,0,0,0,4.11,0.19,0,13.67,0,0,300,300,200,200,18.05,100,100,100,0,0.77,10.83,6.32,0.91
04:45-05:00,70DC2025/06/01,0,0,0,0,0,0,0,0,160.46,0,44,25,0,0,0,0,51.56,565.37,4.56,0,30,0,0,0,26.89,0,0,0,0,0,0,0,568.94,0,0,10.77,16.88,30.77,42.37,14.02,23.96,11.6,21.8,15.03,18.47,34.14,0,52.22,80.77,101.83,0.16,1.34,0.710000000000001,0,0,0,0,0,0.18,2.31,0.600000000000001,0,0,0,1.8,1.29,0.850000000000001,1.1,0.789999999999999,0.75,1.98,0.780000000000001,2.78,0.0999999999999996,0.44,2.61,0,0,950,0,0.04,0,0,0,200,0,0,0,0,0,0,0,0,300,300,100,200,0,0,0,0,4.11,0.19,0,13.67,0,0,300,300,200,200,18.05,100,100,100,0,0.77,10.83,6.32,0.91
05:00-05:15,70DC2025/06/01,0,0,0,0,0,0,0,0,160.46,0,44,25,0,0,0,0,51.56,565.37,4.56,0,30,0,0,0,3.53,0,0,0,0,0,0,0,568.94,0,0,10.77,16.88,30.77,42.37,14.02,23.96,11.6,21.8,15.03,18.47,34.14,0,52.22,80.77,101.83,0.16,1.34,0.710000000000001,0,0,0,0,0,0.18,2.31,0.59,0,0,0,1.8,1.29,0.43,1.1,0.789999999999999,0.75,1.98,0.780000000000001,2.78,0.0800000000000001,0.44,2.61,0,0,950,0,0.04,0,0,0,200,0,0,0,0,0,0,0,0,300,300,100,200,0,0,0,0,4.11,0.19,0,13.67,0,0,300,300,200,200,17.77,100,100,100,0,0.77,10.83,6.32,0.91
05:15-05:30,70DC2025/06/01,0,0,0,0,0,0,0,0,160.46,0,44,25,0,0,0,0,51.56,565.37,4.56,0,30,0,0,0,3.53,0,0,0,0,0,0,0,568.94,0,0,10.77,16.88,30.77,42.37,14.02,23.96,11.6,21.8,15.03,18.47,34.14,0,52.22,80.77,101.83,0.16,1.34,0.710000000000001,0,0,0,0,0,0.18,2.31,0.57,0,0,0,1.8,1.29,0.43,1.1,0.789999999999999,0.75,1.98,0.780000000000001,2.78,0.0800000000000001,0.44,2.61,0,0,950,0,0.04,0,0,0,200,0,0,0,0,0,0,0,0,300,300,100,200,0,0,0,0,4.11,0.19,0,13.67,0,0,300,300,200,200,17.77,100,100,100,0,0.77,10.83,6.32,0.91
05:30-05:45,70DC2025/06/01,0,0,0,0,0,0,0,0,160.46,0,44,25,0,0,0,0,51.56,565.37,4.56,0,30,0,0,0,24.96,0,0,0,0,0,0,0,568.94,0,0,10.77,16.88,30.77,42.37,14.02,23.96,11.6,21.8,15.03,18.47,34.14,0,52.22,80.77,101.83,0.16,1.34,0.710000000000001,0,0,0,0,0,0.18,2.31,0.629999999999999,0,0,0,1.8,1.29,0.43,1.1,0.789999999999999,0.75,1.98,0.780000000000001,2.78,0.0800000000000001,0.44,2.61,0,0,950,0,0.04,0,0,0,0,0,0,0,0,0,0,0,0,300,300,100,200,0,0,0,0,4.11,0.19,0,13.67,0,0,300,300,200,200,17.77,100,100,100,0,0.77,10.83,6.32,0.91
05:45-06:00,70DC2025/06/01,0,0,0,0,0,0,0,0,160.46,0,44,25,0,0,0,0,51.56,565.37,4.56,0,30,0,0,0,24.96,0,0,0,0,0,0,0,568.94,0,0,10.77,16.88,30.77,42.37,14.02,23.96,11.6,21.8,15.03,18.47,34.14,0,52.22,80.77,101.83,0.16,1.34,0.710000000000001,0,0,0,0,0,0.18,2.31,0.629999999999999,0,0,0,1.8,1.29,0.43,1.1,0.789999999999999,0.75,1.98,0.780000000000001,2.78,0.0800000000000001,0.44,2.61,0,0,950,0,0.04,0,0,0,0,0,0,0,0,0,0,0,0,300,300,100,200,0,0,0,0,4.11,0.19,0,13.67,0,0,300,300,200,200,17.77,100,100,100,0,0.77,10.83,6.32,0.91
06:00-06:15,70DC2025/06/01,0,0,0,0,0,0,0,0,160.46,0,44,25,0,0,0,0,51.56,565.37,4.56,0,30,0,0,0,24.96,0,0,0,0,0,0,0,607.63,0,0,10.77,17.88,30.21,41.84,14.02,23.96,11.6,21.8,15.03,18.47,34.14,0,52.22,80.77,101.83,0.16,1.34,0.710000000000001,0,0,0,0,0,0.18,2.31,0.600000000000001,0,0,0,1.8,1.29,0.43,1.1,0.789999999999999,0.75,1.98,0.780000000000001,2.78,0.15,0.22,2.61,0,0,950,0,0.04,0,0,0,0.2,0,0,0,0,0,0,0,0,0,0,0,0,0,0,0,0,4.11,0.19,0,13.67,0,0,300,300,200,0,17.5,100,100,100,0,0.77,10.83,6.32,0.91
06:15-06:30,70DC2025/06/01,0,0,0,0,0,0,0,0,160.46,0,44,25,0,0,0,0,51.56,565.37,4.56,0,30,0,0,0,24.96,0,0,0,0,0,0,0,677.18,0,0,10.77,17.88,30.21,41.84,14.02,23.96,11.6,21.8,15.03,18.47,34.14,0,52.22,80.77,101.83,0.16,1.34,0.710000000000001,0,0,0,0,0,0.18,2.31,0.600000000000001,0,0,0,1.8,1.29,0,1.1,0.789999999999999,0.75,1.98,0.780000000000001,2.78,0.15,0.22,2.61,0,0,950,0,0.04,0,0,0,0.399999999999999,0,0,0,0,0,0,0,0,0,0,0,0,0,0,0,0,4.11,0.19,0,7.54,0,0,0,300,0,0,17.5,100,100,100,0,0.77,10.83,3.52,0.91
06:30-06:45,70DC2025/06/01,0,0,0,0,0,0,0,0,160.46,0,44,25,0,0,0,0,51.56,565.37,4.56,0,30,0,0,0,24.96,0,0,0,0,0,0,0,683.94,0,0,10.77,17.88,30.21,41.84,14.02,23.96,11.6,21.8,15.03,18.47,53.93,0,52.22,80.77,101.83,0.16,1.34,0.710000000000001,0,0,0,0,0,0.18,2.31,0.600000000000001,0,0,0,1.8,1.29,0,1.1,0.789999999999999,0.75,1.98,0.780000000000001,2.78,0.15,0.22,2.61,0,0,950,0,0.04,0,0,0,0.64,0,0,0,0,0,0,0,0,0,0,0,0,0,0,0,0,4.11,0.19,0,7.54,0,0,0,300,0,0,17.5,0,0,0,0,0.77,5.36,3.52,0.91
06:45-07:00,70DC2025/06/01,0,0,0,0,0,0,0,0,160.46,0,44,25,0,0,0,0,51.56,565.37,4.56,0,30,0,0,0,24.96,0,0,0,0,0,0,0,683.94,0,0,10.77,17.88,30.21,41.84,14.02,23.96,11.6,21.8,15.03,18.47,53.93,0,52.22,80.77,101.83,0.16,1.34,0.710000000000001,0,0,0,0,0,0.18,2.31,0.61,0,0,0,1.8,1.29,0,1.1,0.789999999999999,0.75,1.98,0.780000000000001,2.78,0.15,0.22,2.61,0,0,950,0,0.04,0,0,0,0.939999999999998,0,0,0,0,0,0,0,0,0,0,0,0,0,0,0,0,4.11,0.19,0,8.02,0,0,0,300,0,0,17.5,0,0,0,0,0.77,7.45,3.62,0.91
07:00-07:15,70DC2025/06/01,0,0,0,0,0,0,0,0,160.46,0,44,25,0,0,0,0,51.56,565.37,4.56,0,30,0,0,0,24.96,0,0,0,0,0,0,0,683.94,0,0,10.77,17.88,30.18,41.78,14.02,23.95,11.6,21.8,15.03,18.47,53.92,0,51.83,80.77,101.83,0.16,1.34,0.710000000000001,0,0,0,0,0,0.18,2.31,2.07,0,0,0,1.73,1.29,0,1.1,0.789999999999999,0.379999999999999,1.98,0.780000000000001,2.78,0.15,0.22,2.61,0,0,950,0,0.04,0,4.6,0,1.26,0,0,0,0,0,0,0,0,0,0,0,0,0,0,0,0,4.11,0.19,0,8.02,0,0,0,300,0,0,17.32,0,0,0,0,0.77,7.45,3.62,0.91
07:15-07:30,70DC2025/06/01,0,0,0,0,0,0,0,0,160.46,0,44,25,0,0,0,0,51.56,565.37,4.56,0,30,0,0,0,52.84,0,0.24,0,0,0,0,0,683.94,0,0,10.77,17.88,45.92,61.3,14.02,61.6,11.6,21.8,15.03,21.18,69.51,0,51.83,80.77,101.83,0.16,1.34,0.710000000000001,0,0,0,0,0,0.18,2.31,2.1,0,0,0,1.73,1.29,0,1.1,0.789999999999999,0.379999999999999,1.98,0.780000000000001,2.78,0.15,0.22,2.61,0,0,950,0,0.04,0,4.4,0,1.74,0,0,0,0,0,0,0,0,0,0,0,0,0,0,0,0,4.11,0.19,0,8.02,0,0,0,300,0,0,17.32,0,0,0,0,0.77,7.45,3.62,0.91
07:30-07:45,70DC2025/06/01,0,0,0,0,0,0,0,0,160.46,0,44,25,0,0,0,0,51.56,565.37,4.56,0,30,0,0,0,52.84,0,1.24,0,0,0,0,0,683.94,0,0,10.77,17.88,45.92,61.3,14.02,61.6,11.6,21.8,15.03,21.18,69.51,0,51.83,80.77,101.83,0.16,1.34,0.710000000000001,0,0,0,0,0,0.18,2.31,0.669999999999998,0,0,0,1.73,1.29,0,1.1,0.789999999999999,0.379999999999999,1.98,0.780000000000001,2.78,0.15,0.22,2.61,0,0,950,0,0.04,0,0,0,9.86,0,0,0,0,0,0,0,0,0,0,0,0,0,0,0,0,4.11,0.19,0,8.02,0,0,0,300,0,0,17.32,0,0,0,0,0.77,7.45,3.62,0.91
07:45-08:00,70DC2025/06/01,0,0,0,0,0,0,0,0,160.46,0,44,25,0,0,0,0,51.56,565.37,4.56,0,30,0,0,0,52.84,0,3.79,0,0,0,0,0,683.94,0,0,10.77,17.88,45.92,61.3,14.02,61.6,11.6,21.8,15.03,21.18,69.51,0,51.83,80.77,101.83,0.16,1.34,0.710000000000001,0,0,0,0,0,0.18,2.31,0.68,0,0,0,1.73,1.29,0,1.1,0.789999999999999,0.379999999999999,1.98,0.780000000000001,2.78,0.15,0.22,2.61,0,0,950,0,0.04,0,0,0,10.31,0,0,0,0,0,0,0,0,0,0,0,0,0,0,0,0,4.11,0.19,0,8.02,0,0,0,300,0,0,17.32,0,0,0,0,0.77,7.45,3.62,0.91
08:00-08:15,70DC2025/06/01,0,0,0,0,0,0,0,0,160.46,0,44,25,0,0,0,0,51.56,565.37,4.56,0,30,0,0,0,52.84,0,8.68,0,0,0,0,0,683.94,0,0,10.77,17.88,45.92,61.3,14.02,61.6,11.6,21.8,15.03,21.18,48.38,0,51.17,80.77,101.83,0.16,-10.15,0.710000000000001,0,0,0,0,0,0.18,2.31,0.68,0,0,0,1.73,1.29,0,1.1,0.789999999999999,0.379999999999999,1.98,0.780000000000001,2.78,0.17,0.22,2.61,0,0,950,0,0.04,0,0,0,0,0,0,0,0,0,0,0,0,0,0,0,0,0,0,0,0,4.11,0.19,0,8.02,0,0,0,300,0,0,17.13,0,0,0,0,0.77,7.45,3.62,0.91
08:15-08:30,70DC2025/06/01,0,0,0,0,0,0,0,0,160.46,0,44,25,0,0,0,0,51.56,565.37,4.56,0,30,0,0,0,52.84,0,8.68,0,0,0,0,0,683.94,0,0,10.77,17.88,45.92,61.3,14.02,61.6,11.6,21.8,15.03,21.18,48.38,0,51.17,80.77,101.83,0.16,-28.6,0.710000000000001,0,0,0,0,0,0.18,2.31,0.68,0,0,0,1.73,1.29,0,1.1,0.789999999999999,0.379999999999999,1.98,0.780000000000001,2.78,0.17,0.22,2.61,0,0,950,0,0.04,0,0,0,0,0,0,0,0,0,0,0,0,0,0,0,0,0,0,0,0,4.11,0.19,0,8.02,0,0,0,300,0,0,17.13,0,0,0,0,0.77,7.45,3.62,0.91
08:30-08:45,70DC2025/06/01,0,0,0,0,0,0,0,0,160.46,0,44,25,0,0,0,0,51.56,565.37,4.56,0,30,0,0,0,52.84,0,11.5,0,0,0,0,0,683.94,0,0,10.77,17.88,45.92,61.3,14.02,61.6,11.6,21.8,15.03,21.18,48.38,0,51.17,80.77,101.83,-2.23,-28.6,-9.71,0,0,0,0,0,0.18,2.31,0.68,0,0,0,1.73,1.29,0,1.1,0.789999999999999,0.359999999999999,1.98,0.780000000000001,2.78,0.15,0.22,2.61,0,0,950,0,0.04,0,0,0,0,0,0,0,0,0,0,0,0,0,0,0,0,0,0,0,0,4.11,0.19,0,8.02,0,0,0,300,0,0,17.13,0,0,0,0,0.77,7.45,3.62,0.91
08:45-09:00,70DC2025/06/01,0,0,0,0,0,0,0,0,160.46,0,44,25,0,0,0,0,51.56,565.37,4.56,0,30,0,0,0,52.84,0,14.21,0,0,0,0,0,683.94,0,0,10.77,17.88,45.92,61.3,14.02,61.6,11.6,21.8,15.03,21.18,48.38,0,51.17,80.77,101.83,-2.23,0,-9.71,0,0,0,0,0,0.18,2.31,0.68,0,0,0,1.73,1.29,0,1.1,0.789999999999999,0.359999999999999,1.98,0.780000000000001,2.78,0.15,0.22,2.61,0,0,950,0,0.04,0,0,0,3.42999999999999,0,0,0,0,0,0,0,0,0,0,0,0,0,0,0,0,4.11,0.19,0,8.02,0,0,0,300,0,0,17.13,0,0,0,0,0.77,7.45,3.62,0.91
09:00-09:15,70DC2025/06/01,0,0,0,0,0,0,0,0,160.46,0,44,25,0,0,0,0,51.56,565.37,4.56,0,25.0001,0,0,0,52.84,0,15.39,0,0,0,0,0,683.94,0,0,10.77,17.88,45.92,61.3,41.09,61.6,11.6,21.8,15.03,17.79,62.86,0,51.17,80.77,101.83,-2.23,0,0.35,0,0,0,0,0,0.18,2.31,0.73,0,0,0,1.73,1.29,0,1.1,0.789999999999999,0.359999999999999,1.98,0.780000000000001,2.8,0.15,0.22,2.61,0,0,935,0,0.04,0,0,0,5.41,0,0,0,0,0,0,0,0,0,0,0,0,0,0,0,0,4.11,0.290000000000001,0,8.02,0,0,0,300,0,0,16.95,0,0,0,0,0.77,5.75,3.62,0.91
09:15-09:30,70DC2025/06/01,0,0,0,0,0,0,0,0,160.46,0,44,25,0,0,0,0,51.56,565.37,4.56,0,25.0001,0,0,0,52.84,0,18.37,0,0,0,0,0,683.94,0,0,10.77,21.73,58.38,61.3,67.63,70.45,11.6,21.8,15.03,17.79,62.86,0,51.17,80.77,101.83,0.0800000000000001,0,0.35,0,0,0,0,0,0.18,2.31,0.73,0,0,0,1.73,1.29,0,1.1,0.789999999999999,0.359999999999999,1.98,0.780000000000001,2.8,0.15,0.22,2.61,0,0,935,0,0.04,0,0,0,6.81,0,0,0,0,0,0,0,0,0,0,0,0,0,0,0,0,4.11,0.290000000000001,0,8.02,0,0,0,300,0,0,16.95,0,0,0,0,0.77,5.75,3.62,0.91
09:30-09:45,70DC2025/06/01,0,0,0,0,0,0,0,0,160.46,0,44,25,0,0,0,0,51.56,565.37,4.56,0,25.0001,0,0,0,52.84,0,23.02,0,0,0,0,0,683.94,0,0,10.77,21.73,58.38,61.3,117.24,70.45,11.6,21.8,15.03,17.79,62.86,0,51.17,80.77,101.83,0.0800000000000001,0,0.35,0,0,0,0,0,0.18,2.31,0.549999999999999,0,0,0,1.73,1.29,0,1.1,0.789999999999999,0.359999999999999,1.98,0.780000000000001,2.8,0.15,0.22,2.61,0,0,935,0,0.04,0,0,0,8.17,0,0,0,0,0,0,0,0,0,0,0,0,0,0,0,0,4.11,0.290000000000001,0,13.67,0,0,0,300,0,0,16.95,0,0,0,0,0.77,10.83,6.32,0.91
09:45-10:00,70DC2025/06/01,0,0,0,0,0,0,0,0,160.46,0,44,25,0,0,0,0,51.56,565.37,4.56,0,25.0001,0,0,0,52.84,0,27.44,0,0,0,0,0,683.94,0,0,10.77,21.73,58.38,61.3,142.53,70.45,11.6,21.8,15.03,17.79,62.86,0,51.17,80.77,101.83,0.0800000000000001,0,0.35,0,0,0,0,0,0.18,2.31,0.549999999999999,0,0,0,1.73,1.29,0,1.1,0.789999999999999,0.359999999999999,1.98,0.780000000000001,2.8,0.15,0.22,2.61,0,0,935,0,0.04,0,0,0,0,0,0,0,0,0,0,0,0,0,0,0,0,0,0,0,0,4.11,0.290000000000001,0,13.67,0,0,0,300,0,0,16.95,0,0,0,0,0.77,10.83,6.32,0.91
10:00-10:15,70DC2025/06/01,0,0,0,0,0,0,0,0,160.46,0,45,19.9999,0,0,0,0,51.56,565.37,4.56,0,25.0001,0,0,0,52.84,0,31.22,0,0,0,0,0,683.94,0,0,10.77,21.73,58.38,61.3,140.1,70.45,11.6,21.8,15.03,17.79,51.4,0,51.17,80.77,101.83,0.16,0,0.35,0,0,0,0,0,0.18,2.31,0.550000000000001,0,0,0,1.73,1.29,0,1.1,0.789999999999999,-10.58,1.98,0.780000000000001,2.8,0.15,0.22,2.61,0,0,935,0,0.04,0,0,0,0,0,0,0,0,0,0,0,0,0,0,0,0,0,0,0,0,4.11,0.290000000000001,0,13.67,0,0,0,300,0,0,16.76,0,0,0,0,0.77,10.83,6.32,0.91
10:15-10:30,70DC2025/06/01,0,0,0,0,0,0,0,0,160.46,0,45,19.9999,0,0,0,0,51.56,565.37,4.56,0,25.0001,0,0,0,52.84,0,34.23,0,0,0,0,0,683.94,0,0,10.77,21.73,58.38,61.3,140.1,70.45,11.6,21.8,15.03,17.79,51.4,0,51.17,80.77,101.83,0.16,0,0.35,0,0,0,0,0,0.18,2.31,0.550000000000001,0,0,0,1.73,1.29,0,1.1,0.789999999999999,-10.58,1.98,0.780000000000001,2.8,0.15,0.22,2.61,0,0,935,0,0.04,0,0,0,1.95,0,0,0,0,0,0,0,0,0,0,0,0,0,0,0,0,4.11,0.290000000000001,0,13.67,0,0,0,300,0,0,16.76,0,0,0,0,0.759999999999998,10.83,6.32,0.91
10:30-10:45,70DC2025/06/01,0,0,0,0,0,0,0,0,160.46,0,45,19.9999,0,0,0,0,51.56,565.37,4.56,0,25.0001,0,0,0,52.84,0,37,0,0,0,0,0,683.94,0,0,10.77,21.73,58.38,61.3,140.1,70.45,11.6,21.8,15.03,17.79,51.4,0,51.17,80.77,101.83,0.16,0,0.35,0,0,0,0,0,0.18,2.31,0.550000000000001,0,0,0,1.74,1.29,0,1.1,0.789999999999999,0,1.98,0.780000000000001,2.8,0.15,0.22,2.61,0,0,935,0,0.04,0,0,0,14.14,0,0,0,0,0,0,0,0,0,0,0,0,0,0,0,0,4.11,0.290000000000001,0,13.67,0,0,0,300,0,0,16.76,0,0,0,0,0.759999999999998,10.83,6.32,0.91
10:45-11:00,70DC2025/06/01,0,0,0,0,0,0,0,0,160.46,0,45,19.9999,0,0,0,0,51.56,565.37,4.56,0,25.0001,0,0,0,52.84,0,39.35,0,0,0,0,0,683.94,0,0,10.77,17.88,45.92,61.3,140.1,61.6,11.6,21.8,15.03,17.79,51.4,0,51.17,80.77,101.83,0.16,0,0.35,0,0,0,0,0,0.18,2.31,0.550000000000001,0,0,0,1.74,1.29,0,1.1,0.789999999999999,0,1.98,0.780000000000001,2.8,0.15,0.22,2.61,0,0,935,0,0.04,0,0,0,13.55,0,0,0,0,0,0,0,0,0,0,0,0,0,0,0,0,4.11,0.290000000000001,0,13.67,0,0,0,300,0,0,16.76,0,0,0,0,0.759999999999998,10.83,6.32,0.91
11:00-11:15,70DC2025/06/01,0,0,0,0,0,0,0,0,160.46,0,45,19.9999,0,0,0,0,51.56,565.37,4.56,0,25.0001,0,0,0,52.84,0,41.02,0,0,0,0,0,683.94,0,0,10.77,17.88,45.92,61.3,146.32,61.6,11.6,21.8,15.03,17.79,51.4,0,50.51,80.77,101.83,0.16,0,0.35,0,0,0,0,0,0.18,2.31,0.550000000000001,0,0,0,1.74,1.29,0,1.1,0.789999999999999,0,1.98,0.780000000000001,2.8,0.15,0.22,2.61,0,0,935,0,0.04,0,0,0,0,0,0,0,0,0,0,0,0,0,0,0,0,0,0,0,0,4.11,0.290000000000001,0,7.98,0,0,0,300,0,0,16.76,0,0,0,0,0.759999999999998,10.83,3.52,0.91
11:15-11:30,70DC2025/06/01,0,0,0,0,0,0,0,0,160.46,0,45,19.9999,0,0,0,0,51.56,565.37,4.56,0,25.0001,0,0,0,52.84,0,42.53,0,0,0,0,0,683.94,0,0,10.77,17.88,45.92,61.3,146.32,61.6,11.6,21.8,15.03,17.79,51.4,0,50.51,80.77,101.83,0.16,0,0.35,0,0,0,0,0,0.18,2.31,0.550000000000001,0,0,0,1.74,1.29,0,1.1,0.789999999999999,0,1.98,0.780000000000001,2.8,0.15,0.22,2.61,0,0,935,0,0.04,0,0,0,0,0,0,0,0,0,0,0,0,0,0,0,0,0,0,0,0,4.11,0.290000000000001,0,7.98,0,0,0,300,0,0,16.76,0,0,0,0,0.759999999999998,10.83,3.62,0.91
11:30-11:45,70DC2025/06/01,0,0,0,0,0,0,0,0,160.46,0,45,19.9999,0,0,0,0,51.56,565.37,4.56,0,25.0001,0,0,0,52.84,0,43.35,0,0,0,0,0,683.94,0,0,10.77,17.88,45.92,61.3,91.95,61.6,11.6,21.8,15.03,17.79,51.21,0,50.51,80.77,101.83,0.16,0.31,0.35,0.21,0,0,0,0,0.18,2.31,0.550000000000001,0,0,0,1.76,1.29,0,1.1,0.789999999999999,0,1.98,0.300000000000001,2.8,0.15,0.22,2.61,0,0,935,0,0.04,0,0,0,0,0,0,0,0,0,0,0,0,0,0,0,0,0,0,0,0,4.11,0.290000000000001,0,7.98,0,0,0,300,0,0,16.76,0,0,0,0,0.759999999999998,10.83,3.62,0.91
11:45-12:00,70DC2025/06/01,0,0,0,0,0,0,0,0,160.46,0,45,19.9999,0,0,0,0,51.56,565.37,4.56,0,25.0001,0,0,0,52.84,0,43.86,0,0,0,0,0,683.94,0,0,10.77,17.88,45.92,61.3,91.95,61.6,11.6,21.8,15.03,17.79,51.21,0,50.51,80.77,101.83,0.16,0.650000000000002,0.35,0.43,0,0,0,0,0.18,2.31,0.550000000000001,0,0,0,1.76,1.29,0,1.1,0.789999999999999,0,1.98,0.300000000000001,2.8,0.15,0.22,2.61,0,0,935,0,0.04,0,0,0,0,0,0,0,0,0,0,0,0,0,0,0,0,0,0,0,0,4.11,0.290000000000001,0,7.98,0,0,0,300,0,0,16.76,0,0,0,0,0.759999999999998,10.83,3.62,0.91
12:00-12:15,70DC2025/06/01,0,0,0,0,0,0,0,0,160.46,0,45,94.9999,0,0,0,0,51.56,565.37,4.56,0,20.0001,0,0,0,52.84,0,44.08,0,0,0,0,0,683.94,0,0,10.77,17.88,45.92,61.3,174.88,61.6,11.6,21.8,15.03,17.79,51.21,0,49.86,80.77,101.83,0.16,1.01,0.35,0.649999999999999,0,0,0,0,0.18,2.31,0.539999999999999,0,0,0,1.76,1.29,0,1.1,0.68,0,1.98,0.300000000000001,2.8,0.17,0.22,2.61,0,0,920,0,0.04,0,0,0,8.28999999999999,0,0,0,0,0,0,0,0,0,0,0,0,0,0,0,0,4.11,0.290000000000001,0,7.98,0,0,0,300,0,0,16.57,0,0,0,0,0.759999999999998,10.83,3.62,0.91
12:15-12:30,70DC2025/06/01,0,0,0,0,0,0,0,0,160.46,0,45,129.9999,0,0,0,0,51.56,565.37,4.56,0,20.0001,0,0,0,52.84,0,44.14,0,0,0,0,0,683.94,0,0,10.77,17.88,45.92,61.3,165.22,61.6,11.6,21.8,15.03,17.79,51.21,0,49.86,80.77,101.83,0.16,1.01,0.35,0.649999999999999,0,0,0,0,0.18,2.31,0.539999999999999,0,0,0,1.76,1.29,0,1.1,0.68,0,1.98,0.300000000000001,2.8,0.17,0.22,2.61,0,0,920,0,0.04,0,0,0,8.66999999999999,0,0,0,0,0,0,0,0,0,0,0,0,0,0,0,0,4.11,0.290000000000001,0,7.98,0,0,0,300,0,0,16.57,0,0,0,0,0.759999999999998,10.83,3.62,0.91
12:30-12:45,70DC2025/06/01,0,0,0,0,0,0,0,0,160.46,0,47,129.9999,0,0,0,0,51.56,565.37,4.56,0,20.0001,0,0,0,52.84,0,44.14,0,0,0,0,0,683.94,0,0,10.77,17.88,45.92,61.3,155.56,61.6,11.6,21.8,15.03,17.79,51.21,0,49.86,80.77,101.83,0.16,1.01,0.35,0.649999999999999,0,0,0,0,0.18,2.31,0.539999999999999,0,0,0,1.76,1.29,0,1.1,0.68,0,1.98,0.300000000000001,2.8,0.15,0.22,2.61,0,0,920,0,0.04,0,0,0,0,0,0,0,0,0,0,0,0,0,0,0,0,0,0,0,0,4.11,0.290000000000001,0,7.98,0,0,0,300,0,0,16.57,0,0,0,0,0.759999999999998,10.83,3.62,0.91
12:45-13:00,70DC2025/06/01,0,0,0,0,0,0,0,0,160.46,0,47,129.9999,0,0,0,0,51.56,565.37,4.56,0,20.0001,0,0,0,52.84,0,44.14,0,0,0,0,0,683.94,0,0,10.77,17.88,45.92,61.3,145.9,61.6,11.6,21.8,15.03,17.79,51.21,0,49.86,80.77,101.83,0.16,1.01,0.35,0.649999999999999,0,0,0,0,0.18,2.31,0.539999999999999,0,0,0,1.76,1.29,0,1.1,0.68,0,1.98,0.300000000000001,2.8,0.15,0.22,2.61,0,0,920,0,0.04,0,0,0,0,0,0,0,0,0,0,0,0,0,0,0,0,0,0,0,0,4.11,0.290000000000001,0,7.98,0,0,0,300,0,0,16.57,0,0,0,0,0.759999999999998,10.83,3.62,0.91
13:00-13:15,70DC2025/06/01,0,0,0,0,0,0,0,0,160.46,0,47,129.9999,0,0,0,0,51.56,565.37,4.56,0,20.0001,0,0,0,52.84,0,44.14,0,0,0,0,0,683.94,0,0,10.77,17.88,45.92,61.3,154.59,61.6,11.6,21.8,15.03,17.79,51.21,0,49.86,80.77,101.83,0.16,1.01,0.35,0.649999999999999,0,0,0,0,0.18,2.31,0.539999999999999,0,0,0,1.76,1.29,0,1.1,0.68,0,1.98,0.300000000000001,2.8,0.15,0.22,2.61,0,0,920,0,0.04,0,0,0,0,0,0,0,0,0,0,0,0,0,0,0,0,0,0,0,0,4.11,0.290000000000001,0,7.98,0,0,0,300,0,0,16.39,0,0,0,0,0.759999999999998,10.83,3.62,0.91
13:15-13:30,70DC2025/06/01,0,0,0,0,0,0,0,0,160.46,0,47,129.9999,0,0,0,0,51.56,565.37,4.56,0,20.0001,0,0,0,52.84,0,44.02,0,0,0,0,0,683.94,0,0,10.77,17.88,45.92,61.3,140.69,61.6,11.6,21.8,15.03,17.79,51.21,0,49.2,80.77,101.83,0.16,1.01,0.35,0.649999999999999,0,0,0,0,0.18,2.31,0.539999999999999,0,0,0,1.76,1.29,0,1.1,0.68,0,1.98,0.300000000000001,2.8,0.15,0.22,2.61,0,0,920,0,0.04,0,0,0,0,0,0,0,0,0,0,0,0,0,0,0,0,0,0,0,0,4.11,0.290000000000001,0,7.98,0,0,0,300,0,0,16.39,0,0,0,0,0.759999999999998,10.83,3.62,0.91
13:30-13:45,70DC2025/06/01,0,0,0,0,0,0,0,0,160.46,0,47,138.9999,0,0,0,0,51.56,565.37,4.56,0,20.0001,0,0,0,52.84,0,43.71,0,0,0,0,0,683.94,0,0,10.77,17.88,45.92,61.3,132.01,61.6,11.6,21.8,15.03,17.79,51.21,0,49.2,80.77,101.83,0.16,1.01,0.35,0.649999999999999,0,0,0,0,0.18,2.31,0.539999999999999,0,0,0,1.76,1.29,0,1.1,0.4,0.369999999999999,1.98,0.780000000000001,2.8,0.15,0.44,2.61,0,0,920,0,0.04,0,0,0,0,0,0,0,0,0,0,0,0,0,0,0,0,0,0,0,0,4.11,0.290000000000001,0,7.98,0,0,0,300,0,0,16.39,0,0,0,0,0.759999999999998,10.83,3.62,0.91
13:45-14:00,70DC2025/06/01,0,0,0,0,0,0,0,0,160.46,0,47,138.9999,0,0,0,0,51.56,565.37,4.56,0,20.0001,0,0,0,52.84,0,43.2,0,0,0,0,0,683.94,0,0,10.77,17.88,45.92,61.3,102.38,61.6,11.6,21.8,15.03,17.79,51.21,0,49.2,80.77,101.83,0.16,1.01,0.35,0.649999999999999,0,0,0,0,0.18,2.31,0.539999999999999,0,0,0,1.76,1.29,0,1.1,0.4,0.369999999999999,1.98,0.780000000000001,2.8,0.15,0.44,2.61,0,0,920,0,0.04,0,0,0,-2.37,0,0,0,0,0,0,0,0,0,0,0,0,0,0,0,0,4.11,0.290000000000001,0,7.98,0,0,0,300,0,0,16.39,0,0,0,0,0.759999999999998,10.83,3.62,0.91
14:00-14:15,70DC2025/06/01,0,0,0,0,0,0,0,0,160.46,0,47,138.9999,0,0,0,0,51.56,565.37,4.56,0,20.0001,0,0,0,52.84,0,42.53,0,0,0,0,0,573.92,0,0,10.77,16.88,44.21,59.94,60.92,61.6,11.6,21.8,15.03,17.79,51.21,0,48.55,80.77,101.83,0.16,1.01,0.35,0.649999999999999,0,0,0,0,0.18,2.31,0.539999999999999,0,0,0,1.76,1.29,0,1.1,0.4,0.369999999999999,1.98,0.780000000000001,2.8,0.15,0.44,2.61,0,0,920,0,0.04,0,0,0,0,0,0,0,0,0,0,0,0,0,0,0,0,0,0,0,0,4.11,0.290000000000001,0,8.27,0,0,0,300,0,0,16.39,0,0,0,0,0.759999999999998,10.83,3.62,0.91
14:15-14:30,70DC2025/06/01,0,0,0,0,0,0,0,0,104.72,0,47,138.9999,0,0,0,0,51.56,565.37,4.56,0,20.0001,0,0,0,52.84,0,41.71,0,0,0,0,0,568.94,0,0,10.78,16.88,44.21,59.94,44.36,61.6,11.6,21.8,15.03,17.79,51.21,0,48.55,80.77,101.83,0.16,1.01,0.35,0.649999999999999,0,0,0,0,0.18,2.31,0.539999999999999,0,0,0,1.76,1.29,0,1.1,0.4,0.369999999999999,1.98,0.780000000000001,2.8,0.15,0.44,2.61,0,0,920,0,0.04,0,0,0,0,0,0,0,0,0,0,0,0,0,0,0,0,0,0,0,0,4.11,0.290000000000001,0,8.27,0,0,0,300,0,0,16.39,0,0,0,0,0.759999999999998,10.83,3.62,0.91
14:30-14:45,70DC2025/06/01,0,0,0,0,0,0,0,0,104.72,0,47,138.9999,0,0,0,0,31.59,565.37,4.56,0,20.0001,0,0,0,52.84,0,40.74,0,0,0,0,0,568.94,0,0,10.78,16.88,44.21,59.94,44.36,61.6,10.64,18.96,13.1,17.79,51.21,0,48.55,80.77,101.83,0.16,1.01,0.35,0.649999999999999,0,0,0,0,0.18,2.31,0.539999999999999,0,0,0,1.76,1.29,0,1.1,0.4,0.369999999999999,1.98,0.780000000000001,2.8,0.15,0.44,2.61,0,0,920,0,0.04,0,0,0,0,0,0,0,0,0,0,0,0,0,0,0,0,0,0,0,0,4.11,0.290000000000001,0,8.27,0,0,0,300,0,0,16.39,0,0,0,0,0.759999999999998,10.83,3.62,0.91
14:45-15:00,70DC2025/06/01,0,0,0,0,0,0,0,0,104.72,0,47,138.9999,0,0,0,0,31.59,565.37,4.56,0,20.0001,0,0,0,52.84,0,38.33,0,0,0,0,0,568.94,0,0,10.78,16.88,44.21,59.94,44.36,61.6,10.64,18.96,13.1,17.79,51.21,0,48.55,80.77,101.83,0.16,1.01,0.35,0.649999999999999,0,0,0,0,0.18,2.31,0.539999999999999,0,0,0,1.76,1.29,0,1.1,0.4,0.359999999999999,1.98,0.780000000000001,2.8,0.15,0.44,2.61,0,0,920,0,0.04,0,0,0,0,0,0,0,0,0,0,0,0,0,0,0,0,0,0,0,0,4.11,0.290000000000001,0,8.27,0,0,0,300,0,0,16.39,0,0,0,0,0.759999999999998,10.83,3.62,0.91
15:00-15:15,70DC2025/06/01,0,0,0,0,0,0,0,0,104.72,0,47,138.9999,0,0,0,0,31.59,565.37,4.56,0,20.0001,0,0,0,52.84,0,35.45,0,0,0,0,0,568.94,0,0,10.78,16.88,44.21,59.94,44.36,61.6,10.64,18.96,13.1,17.79,51.86,0,48.55,80.77,101.83,0.16,1.01,0.35,0.649999999999999,0,0,0,0,0.18,2.31,0.539999999999999,0,0,0,1.76,1.29,0.41,1.1,0.4,0.359999999999999,1.98,0.780000000000001,2.8,0.389999999999999,0.44,2.61,0,0,920,0,0.04,0,0,0,0,0,0,0,0,0,0,0,0,0,0,0,0,0,0,0,0,4.11,0.290000000000001,0,8.27,0,0,0,300,0,0,16.67,0,0,0,0,0.759999999999998,10.83,3.6,0.91
15:15-15:30,70DC2025/06/01,0,0,0,0,0,0,0,0,104.72,0,47,138.9999,0,0,0,0,31.59,565.37,4.56,0,20.0001,0,0,0,52.84,0,32.25,0,0,0,0,0,568.94,0,0,10.78,16.88,44.21,59.94,44.36,61.6,10.64,18.96,13.1,17.79,51.86,0,48.55,80.77,101.83,0.16,1.01,0.35,0.649999999999999,0,0,0,0,0.18,2.31,0.539999999999999,0,0,0,1.76,1.29,0.41,1.1,0.4,0.359999999999999,1.98,0.780000000000001,2.8,0.389999999999999,0.44,2.61,0,0,920,0,0.04,0,0,0,0,0,0,0,0,0,0,0,0,0,0,0,0,0,0,0,0,4.11,0.290000000000001,0,8.27,0,0,0,300,0,0,16.67,0,0,0,0,0.759999999999998,10.83,6.32,0.91
15:30-15:45,70DC2025/06/01,0,0,0,0,0,0,0,0,104.72,0,47,138.9999,0,0,0,0,31.59,565.37,4.56,0,20.0001,0,0,0,52.84,0,28.89,0,0,0,0,0,568.94,0,0,10.78,16.88,30.77,42.37,44.36,26.6,10.64,0.73,13.1,18.05,51.86,0,48.55,80.77,101.83,0.16,1.01,0.35,0.649999999999999,0,0,0,0,0.18,2.31,0.51,0,0,0,1.76,1.29,0.850000000000001,1.1,0.4,0.359999999999999,1.98,0.559999999999999,2.8,0.389999999999999,0.44,2.61,0,0,920,0,0.04,0,0,0,0,0,0,0,0,0,0,0,0,0,0,0,0,0,0,0,0,4.11,0.290000000000001,0,8.27,0,0,0,300,0,0,16.67,0,0,0,0,0.5,10.83,3.52,0.91
15:45-16:00,70DC2025/06/01,0,0,0,0,0,0,0,0,104.72,0,47,141,0,0,0,0,31.59,565.37,4.56,0,20.0001,0,0,0,52.84,0,25.32,0,0,0,0,0,568.94,0,0,10.78,16.88,30.77,42.37,44.36,26.6,10.64,0.73,13.1,18.05,51.86,0,48.55,80.77,101.83,0.16,1.01,0.35,0.649999999999999,0,0,0,0,0.18,2.31,0.51,0,0,0,1.76,1.29,0.850000000000001,1.1,0.4,0.359999999999999,1.98,0.559999999999999,2.8,0.389999999999999,0.44,2.61,0,0,920,0,0.04,0,0,0,0,0,0,0,0,0,0,0,0,0,0,0,0,0,0,0,0,4.11,0.290000000000001,0,8.27,0,0,0,300,0,0,16.67,0,0,0,0,0.5,10.83,3.6,0.91
16:00-16:15,70DC2025/06/01,0,0,0,0,0,0,0,0,104.72,0,47,141,0,0,0,0,31.59,565.37,4.56,0,20.0001,0,0,0,52.84,0,21.63,0,0,0,0,0,568.94,0,0,10.78,2.07,5.59,5.72000000000001,14.02,9.50999999999999,10.64,0.73,13.1,18.05,51.86,0,47.89,80.77,101.83,0.16,1.01,0.35,0.649999999999999,0,0,0,0,0.18,2.31,0.51,0,0,0,1.76,1.29,0.850000000000001,0.549999999999999,0.4,0.359999999999999,1.98,0.21,2.8,0.17,0.22,2.61,0,0,920,0,0.04,0,0,0,0,0,0,0,0,0,0,0,0,0,0,0,0,0,0,0,0,4.11,0.290000000000001,0,7.98,0,0,0,300,0,0,17.04,0,0,0,0,0.5,5.07,3.6,0.91
16:15-16:30,70DC2025/06/01,0,0,0,0,0,0,0,0,104.72,0,47,141,0,0,0,0,31.59,565.37,4.56,0,20.0001,0,0,0,52.84,0,17.7,0,0,0,0,0,568.94,0,0,10.78,2.07,5.59,5.72000000000001,14.02,9.50999999999999,10.64,0.73,13.1,18.05,51.86,0,47.89,80.77,101.83,0.16,1.01,0.35,0.649999999999999,0,0,0,0,0.18,2.31,0.51,0,0,0,1.76,1.29,1.43,0.549999999999999,0.4,0.359999999999999,1.98,0.21,2.8,0.17,0.22,2.61,0,0,920,0,0.04,0,0,0,0,0,0,0,0,0,0,0,0,0,0,0,0,0,0,0,0,4.11,0.290000000000001,0,7.98,0,0,0,300,0,0,17.04,0,0,0,0,0.5,5.46,3.6,0.91
16:30-16:45,70DC2025/06/01,0,0,0,0,0,0,0,0,104.72,0,47,141,0,0,0,0,31.59,565.37,4.56,0,20.0001,0,0,0,52.84,0,14.24,0,0,0,0,0,568.94,0,0,10.76,2.07,5.59,5.72000000000001,14.02,9.50999999999999,10.64,0.73,13.1,5.17,52.49,0,47.24,80.77,101.83,0.16,1.01,0.35,0.649999999999999,0,0,0,0,0.18,2.31,0.51,0,0,0,1.76,1.29,1.43,0.549999999999999,0.4,0.359999999999999,1.98,0.21,2.8,0.17,0.22,2.61,0,0,920,0,0.04,0,0,0,0,0,0,0,0,0,0,0,0,0,0,0,0,0,0,0,0,4.11,0.290000000000001,0,7.98,0,0,0,300,0,0,17.04,0,0,0,0,0.5,7.32,3.6,0.91
16:45-17:00,70DC2025/06/01,0,0,0,0,0,0,0,0,104.72,0,47,141,0,0,0,0,31.59,565.37,3.34,0,20.0001,0,0,0,52.84,0,10.81,0,0,0,0,0,568.94,0,0,10.76,2.07,5.59,5.72000000000001,14.02,9.50999999999999,10.64,0.73,13.1,5.17,52.49,0,47.24,80.77,101.83,0.16,1.01,0.35,0.649999999999999,0,0,0,0,0.13,2.31,0.51,0,0,0,1.76,1.29,1.43,0.549999999999999,0.4,0.359999999999999,1.98,0.21,2.8,0.17,0.22,2.61,0,0,920,0,0.04,0,0,0,0,0,0,0,0,0,0,0,0,0,0,0,0,0,0,0,0,4.11,0.290000000000001,0,7.98,0,0,0,300,0,0,17.04,0,0,0,0,0.5,7.32,3.6,0.91
17:00-17:15,70DC2025/06/01,0,0,0,0,0,0,0,0,104.72,0,47,141,0,0,0,0,31.59,565.37,3.34,0,20.0001,0,0,0,22.06,0,8.47,0,0,0,0,0,568.94,0,0,8.97,2.07,5.59,5.72000000000001,14.02,9.50999999999999,10.64,0.73,13.1,1.1,34.14,0,47.24,80.77,101.83,-1.5,-12.55,-4.87,0.649999999999999,0,0,0,0,0.13,2.31,0.51,0,0,0,1.76,1.29,-12.28,0.549999999999999,0.4,0.739999999999998,1.98,0.21,2.8,0.17,0.22,2.61,0,0,920,0,0.04,0,0,0,0,0,0,0,0,0,0,0,0,0,0,0,0,0,0,0,0,4.11,0.290000000000001,0,8.27,0,0,0,300,0,0,17.32,0,0,0,0,0.5,7.45,3.62,0.91
17:15-17:30,70DC2025/06/01,0,0,0,0,0,0,0,0,104.72,0,47,141,0,0,0,0,31.59,565.37,3.34,0,20.0001,0,0,0,3.53,0,5.75,0,0,0,0,0,568.94,0,0,7.6,2.07,5.59,5.72000000000001,14.02,4.94,10.64,0.73,13.1,1.1,34.14,0,47.24,80.77,101.83,-1.5,-18.89,-10.08,0.649999999999999,0,0,0,0,0.13,2.31,0.51,0,0,0,-34.68,-11.1,-12.28,0.549999999999999,0.4,1.49,1.98,0.21,-32.06,0.17,0.22,2.61,0,0,920,0,0.04,0,0,0,0,0,0,0,0,0,0,0,0,0,0,0,0,0,0,0,0,4.11,0.290000000000001,0,8.27,0,0,0,300,0,0,17.32,0,0,0,0,0.5,7.45,3.62,0.91
17:30-17:45,70DC2025/06/01,0,0,0,0,0,0,0,0,104.72,0,45,134.9999,0,0,0,0,31.59,565.37,3.34,0,20.0001,0,0,0,3.53,0,3.75,0,0,0,0,0,568.94,0,0,7.6,2.07,5.59,5.72000000000001,14.02,4.93000000000001,10.64,0.73,13.1,1.1,34.14,0,47.24,80.77,101.83,-1.5,-18.43,-10.08,0.639999999999997,0,0,0,0,0.13,2.31,0.5,0,0,0,-34.68,-11.1,0.960000000000001,0.549999999999999,0.4,1.49,1.98,0.21,-32.06,0.15,0.22,2.61,0,0,920,0,0.04,0,0,0,0,0,0,0,0,0,0,0,0,0,0,0,0,0,0,0,0,4.11,0.290000000000001,0,8.27,0,0,0,300,0,0,17.32,0,0,0,0,0.5,7.45,3.62,0.91
17:45-18:00,70DC2025/06/01,0,0,0,0,0,0,0,0,104.72,0,45,134.9999,0,0,0,0,31.59,565.37,3.34,0,20.0001,0,0,0,3.53,0,2.15,0,0,0,0,0,568.94,0,0,7.6,2.07,5.59,5.72000000000001,14.02,4.93000000000001,10.64,0.73,13.1,1.1,34.14,0,47.24,80.77,101.83,0.26,0.33,0,0.639999999999997,0,0,0,0,0.13,2.31,0.5,0,0,0,0.52,-11.1,0.960000000000001,0.549999999999999,0.4,1.49,1.98,0.21,1.61,0.15,0.22,2.61,0,0,920,0,0.04,0,0,0,0,0,0,0,0,0,0,0,0,0,0,0,0,0,0,0,0,4.11,0.290000000000001,0,8.27,0,0,0,300,0,0,17.32,0,0,0,0,0.5,7.45,3.62,0.91
18:00-18:15,70DC2025/06/01,0,0,0,0,0,0,0,0,104.73,0,43,140.0001,0,0,0,0,31.6,565.37,3.34,0,20.0001,0,0,0,3.53,0,0.97,0,0,0,0,0,568.94,0,0,7.6,2.07,5.59,5.72000000000001,14.02,4.94,10.64,0.73,13.1,1.1,34.14,0,47.24,80.77,101.83,0.26,0.33,0,0.639999999999997,0,0,0,0,0.13,2.31,0.49,0,0,0,0.52,-11.1,0.960000000000001,0.549999999999999,0.4,1.11,1.98,0.21,1.61,0.0800000000000001,0.22,2.61,0,0,920,0,0.04,0,0,0,0,0,0,0,0,0,0,0,0,0,0,0,0,0,0,0,0,4.11,0.290000000000001,0,13.67,0,0,0,300,0,0,17.77,0,0,0,0,0.5,10.83,6.32,0.91
18:15-18:30,70DC2025/06/01,0,0,0,0,0,0,0,0,104.73,0,43,140.0001,0,0,0,0,31.6,565.37,3.34,0,20.0001,0,0,0,3.53,0,0.33,0,0,0,0,0,568.94,0,0,7.6,2.07,5.59,5.72000000000001,14.02,4.94,10.64,0.73,13.1,1.1,34.14,0,47.24,80.77,101.83,0.26,0.33,0,0.639999999999997,0,0,0,0,0.13,2.31,0.48,0,0,0,0.52,0.880000000000002,0.960000000000001,0.549999999999999,0.4,1.11,1.98,0.21,1.61,0.0800000000000001,0.22,2.61,0,0,920,0,0.04,0,0,0,0,0,0,0,0,0,0,0,0,0,0,0,0,0,0,0,0,4.11,0.290000000000001,0,13.67,0,0,0,300,0,0,17.77,0,0,0,0,0.5,10.83,6.32,0.91
18:30-18:45,70DC2025/06/01,0,0,0,0,0,0,0,0,69.28,0,43,140.0001,0,0,0,0,21.05,565.37,3.34,0,20.0001,0,0,0,3.53,0,0,0,0,0,0,0,568.94,0,0,7.6,2.07,5.59,5.72000000000001,14.02,4.94,10.64,6.65,13.1,1.1,34.14,0,47.24,80.77,101.83,0.26,0.33,0,0.639999999999997,0,0,0,0,0.13,2.31,0.469999999999999,0,0,0,0.52,0.880000000000002,0.960000000000001,0.549999999999999,0.4,1.1,1.98,0.780000000000001,1.61,0.0800000000000001,0.22,2.61,0,0,920,0,0.04,0,0,0,0,0,0,0,0,0,0,0,0,0,0,0,0,0,0,0,0,4.11,0.290000000000001,0,7.54,0,0,0,300,0,0,17.77,100,100,100,0,1.02,10.83,3.52,0.91
18:45-19:00,70DC2025/06/01,0,0,0,0,0,0,0,0,69.28,0,43,140.0001,0,0,0,0,21.05,565.37,3.34,0,20.0001,0,0,0,3.53,0,0,0,0,0,0,0,568.94,0,0,7.6,2.07,5.59,5.72000000000001,14.02,4.94,10.64,6.65,13.1,1.1,34.14,0,47.24,80.77,101.83,0.26,0.33,0.35,0.639999999999997,0,0,0,0,0.13,2.31,0.470000000000001,0,0,0,0.52,0.880000000000002,0.960000000000001,1.1,0.789999999999999,1.1,1.98,1.35,13.23,0.0800000000000001,0.22,2.61,0,0,920,0,0.04,0,0,0,0,0,0,0,0,0,0,0,0,0,0,0,0,0,0,0,0,4.11,0.290000000000001,0,8.27,0,0,300,300,200,200,17.77,100,100,100,0,1.53,10.83,3.62,0.91
19:00-19:15,70DC2025/06/01,0,0,0,0,0,0,0,0,69.28,0,42,140.0001,0,0,0,0,21.05,565.37,4.56,0,20.0001,0,0,0,3.53,0,0,0,0,0,0,0,568.94,0,0,7.6,2.07,5.52,5.77000000000001,14.02,4.94,10.64,10.21,13.1,1.1,34.14,0,47.5,80.77,101.83,0.26,0.66,0.710000000000001,0.639999999999997,0,0,0,0,0.18,2.31,0.43,0,0,0,0.52,0.880000000000002,0.960000000000001,1.1,0.789999999999999,1.1,1.98,1.73,2.39999999999999,0.0800000000000001,0.44,2.61,0,0,920,0,0.04,0,0,0,0,0,0,0,0,0,0,0,0,0,0,100,200,0,0,0,0,4.11,0.290000000000001,0,8.78,0,0,300,300,200,200,18.23,100,100,100,0,1.78,10.83,3.66,0.91
19:15-19:30,70DC2025/06/01,0,0,0,0,0,0,0,0,69.28,0,42,140.0001,0,0,0,0,21.05,565.37,6.19,0,20.0001,0,0,0,3.53,0,0,0,0,0,0,0,568.94,0,0,7.6,2.07,5.53,5.77000000000001,14.02,4.94,10.64,10.21,13.1,1.1,34.14,0,47.5,80.77,101.83,0.33,0.989999999999998,1.16999999999999,0.68,0,0,0,0,0.24,2.31,0.42,0,0,0,0.52,0.880000000000002,1.46,1.74,1.25,1.53,2.02,2.67999999999999,2.8,0.0800000000000001,0.690000000000001,2.61,0,0,920,0,0.04,0,0,0,200,0,0,0,0,0,0,0,0,0,0,100,200,0,0,0,0,4.11,0.289999999999999,0,8.78,0,0,300,300,200,200,18.23,100,100,100,0,2.02,10.83,3.66,0.91
19:30-19:45,70DC2025/06/01,0,0,0,0,0,0,0,0,69.28,0,42,140.0001,0,0,0,0,21.05,565.37,6.19,0,20.0001,0,0,0,3.53,0,0,0,0,0,0,0,568.94,0,0,7.6,12.6,5.59,5.72000000000001,14.02,4.94,10.64,13.78,13.1,1.1,34.14,0,47.89,80.77,101.83,0.33,0.989999999999998,1.16999999999999,0.68,0,0,0,0,0.24,2.31,0.42,0,0,0,0.52,1.36,1.46,1.74,1.25,1.53,2.02,2.67999999999999,2.8,0.0800000000000001,0.690000000000001,2.61,0,0,920,0,0.04,0,0,0,200,0,0,0,0,0,0,0,0,300,300,100,200,0,0,0,0,4.11,0.289999999999999,0,8.78,0,0,300,300,200,200,18.23,100,100,100,0,2.02,10.83,3.66,0.91
19:45-20:00,70DC2025/06/01,0,0,0,0,0,0,0,0,69.28,0,43,140.0001,0,0,0,0,21.05,565.37,6.19,0,20.0001,0,0,0,3.53,0,0,0,0,0,0,0,568.94,0,0,7.6,12.6,5.59,5.72000000000001,14.02,4.94,10.64,13.78,13.1,1.1,34.14,0,47.89,80.77,101.83,0.33,0.989999999999998,1.16999999999999,0.68,0,0,0,0,0.24,2.31,0.42,0,0,0,1.76,1.36,1.46,1.74,1.25,1.53,2.02,2.67999999999999,2.8,0.0800000000000001,0.690000000000001,2.61,0,0,920,0,0.04,0,0,0,200,0,0,0,0,0,0,0,0,300,300,100,200,0,0,0,0,4.11,0.289999999999999,0,8.78,0,0,300,300,200,200,18.23,100,100,100,0,2.02,10.83,3.66,0.91
20:00-20:15,70DC2025/06/01,0,0,0,0,0,0,0,0,69.28,0,43,140.0001,0,0,0,0,21.05,565.37,6.19,0,25,0,0,0,3.53,0,0,0,0,0,0,0,568.94,0,0,10.78,1.5,3.20999999999999,3.08000000000001,14.02,4.94,10.64,14.16,13.1,1.1,34.14,0,47.89,80.77,101.83,0.33,0.989999999999998,1.16999999999999,0.68,0,0,0,0,0.24,2.31,0.42,0,0,0,1.76,1.36,1.46,1.74,1.25,1.53,2.02,2.67999999999999,2.8,0.32,0.690000000000001,2.61,0,0,935,0,0.04,0,0,0,200,0,0,0,0,0,0,0,0,300,300,100,200,0,0,0,0,4.11,0.289999999999999,0,8.78,0,0,300,300,200,200,18.7,100,100,100,0,2.02,10.83,6.32,0.91
20:15-20:30,70DC2025/06/01,0,0,0,0,0,0,0,0,69.28,0,43,140.0001,0,0,0,0,21.05,565.37,6.19,0,25,0,0,0,3.53,0,0,0,0,0,0,0,568.94,0,0,10.78,1.61,3.20999999999999,3.08000000000001,14.02,4.94,10.64,13.91,13.1,1.1,34.14,0,47.89,80.77,101.83,0.33,0.989999999999998,1.16999999999999,0.68,0,0,0,0,0.24,2.31,0.42,0,0,0,1.76,1.36,1.46,1.74,1.25,1.53,2.02,2.67999999999999,2.8,0.32,0.690000000000001,2.61,0,0,935,0,0.04,0,0,0,200,0,0,0,0,0,0,0,0,300,300,100,200,0,0,0,0,4.11,0.289999999999999,0,8.78,0,0,300,300,200,200,18.7,100,100,100,0,2.02,10.83,6.32,0.91
20:30-20:45,70DC2025/06/01,0,0,0,0,0,0,0,0,69.28,0,43,140.0001,0,0,0,0,21.05,565.37,6.19,0,25,0,0,0,3.53,0,0,0,0,0,0,0,568.94,0,0,7.6,1.61,3.22,3.08000000000001,14.02,4.94,10.64,16.48,13.1,3.49,34.14,0,47.89,80.77,101.83,0.33,0.989999999999998,1.18,0.68,0,0,0,0,0.24,2.31,0.440000000000001,0,0,0,1.76,1.36,1.43,1.74,1.25,1.53,2.02,2.67,2.8,0.32,0.690000000000001,2.61,0,0,935,0,0.04,0,0,0,200,0,0,0,0,0,0,0,0,300,300,100,200,0,0,0,0,4.11,0.289999999999999,0,8.44,0,0,300,300,200,200,18.7,100,100,100,0,2.02,10.83,6.32,0.91
20:45-21:00,70DC2025/06/01,0,0,0,0,0,0,0,0,69.28,0,43,140.0001,0,0,0,0,21.05,565.37,6.19,0,25,0,0,0,3.53,0,0,0,0,0,0,0,568.94,0,0,7.6,1.70999999999999,3.22,3.08000000000001,14.02,4.94,10.64,18.97,13.1,3.49,34.14,0,47.89,80.77,101.83,0.33,0.989999999999998,1.18,0.68,0,0,0,0,0.24,2.31,0.449999999999999,0,0,0,1.76,1.36,1.43,1.74,1.25,1.53,2.02,2.67,2.8,0.32,0.690000000000001,2.61,0,0,935,0,0.04,0,0,0,200,0,0,0,0,0,0,0,0,300,300,100,200,0,0,0,0,4.11,0.289999999999999,0,8.44,0,0,300,300,200,200,18.7,100,100,100,0,2.02,10.83,6.32,0.91
21:00-21:15,70DC2025/06/01,0,0,0,0,0,0,0,0,69.28,0,43,140.0001,0,0,0,0,21.05,565.37,6.19,0,25,0,0,0,3.53,0,0,0,0,0,0,0,568.94,0,0,7.6,1.83,3.20999999999999,3.08000000000001,14.02,4.94,10.64,18.97,13.1,3.24,34.14,0,48.55,80.77,101.83,0.33,0.989999999999998,1.18,0.68,0,0,0,0,0.24,2.31,0.449999999999999,0,0,0,1.76,1.36,1.43,1.74,1.25,1.53,2.02,2.67,2.8,0.0800000000000001,0.690000000000001,2.61,0,0,935,0,0.04,0,0,0,200,0,0,0,0,0,0,0,0,300,300,100,200,0,0,0,0,4.11,0.289999999999999,0,13.67,0,0,300,300,200,200,18.7,100,100,100,0,2.02,10.83,6.32,0.91
21:15-21:30,70DC2025/06/01,0,0,0,0,0,0,0,0,69.28,0,43,140.0001,0,0,0,0,21.05,565.37,6.13,0,25,0,0,0,3.53,0,0,0,0,0,0,0,568.94,0,0,7.6,1.83,3.22,3.08000000000001,14.02,4.51000000000002,10.64,18.97,13.1,3.24,34.14,0,48.55,80.77,101.83,0.33,0.989999999999998,1.06,0.639999999999997,0,0,0,0,0.24,2.31,0.470000000000001,0,0,0,1.76,1.29,1.43,1.66,1.19,0.220000000000001,2.02,0.460000000000001,2.8,0.0800000000000001,0.22,2.61,0,0,935,0,0.04,0,0,0,200,0,0,0,0,0,0,0,0,300,300,100,200,0,0,0,0,4.11,0.290000000000001,0,13.67,0,0,300,300,200,200,18.7,100,100,100,0,1.53,10.83,6.32,0.91
21:30-21:45,70DC2025/06/01,0,0,0,0,0,0,0,0,69.28,0,43,140.0001,0,0,0,0,21.05,565.37,6.13,0,25,0,0,0,3.53,0,0,0,0,0,0,0,568.94,0,0,7.6,27.8,3.23,3.19000000000001,14.02,4.51000000000002,6.5,11.47,8.56,3.24,34.14,0,48.55,80.77,101.83,0.33,0.989999999999998,1.06,0.639999999999997,0,0,0,0,0.24,2.31,0.459999999999999,0,0,0,1.76,1.29,1.43,1.66,1.19,0.220000000000001,2.02,0.51,2.8,0.0800000000000001,0.22,1.31,0,0,935,0,0.04,0,0,0,200,0,0,0,0,0,0,0,0,300,300,100,200,0,0,0,0,4.11,0.290000000000001,0,13.67,0,0,300,300,200,200,18.7,100,100,100,0,1.53,10.83,6.32,0.91
21:45-22:00,70DC2025/06/01,0,0,0,0,0,0,0,0,69.28,0,43,140.0001,0,0,0,0,21.05,565.37,6.19,0,25,0,0,0,3.53,0,0,0,0,0,0,0,568.94,0,0,7.6,30.51,3.23,3.19000000000001,14.02,4.51000000000002,6.35,10.41,8.31,3.24,34.14,0,48.55,80.77,101.83,0.33,0.989999999999998,1.16999999999999,0.68,0,0,0,0,0.24,2.31,0.479999999999999,0,0,0,1.76,1.36,1.46,1.74,1.25,0.379999999999999,2.02,2.67999999999999,2.8,0.0800000000000001,0.690000000000001,1.31,0,0,935,0,0.04,0,0,0,200,0,0,0,0,0,0,0,0,300,300,100,200,0,0,0,0,2.01,0.289999999999999,0,13.67,0,0,300,300,200,200,18.7,100,100,100,0,2.02,10.83,6.32,0.91
22:00-22:15,70DC2025/06/01,0,0,0,0,0,0,0,0,69.28,0,44,140.0001,0,0,0,0,21.05,565.37,6.19,0,25,0,0,0,3.53,0,0,0,0,0,0,0,568.94,0,0,7.6,33.21,3.22,3.18000000000001,14.02,4.51000000000002,6.35,10.41,8.31,3.24,34.14,0,48.81,80.77,101.83,0.33,0.989999999999998,1.16999999999999,0.68,0,0,0,0,0.24,2.31,0.49,0,0,0,1.76,1.36,1.46,1.74,1.25,0.379999999999999,2.02,2.67999999999999,2.8,0.0800000000000001,0.690000000000001,1.31,0,0,935,0,0.04,0,0,0,200,0,0,0,0,0,0,0,0,300,300,100,200,0,0,0,0,2.01,0.289999999999999,0,13.67,0,0,300,300,200,200,18.98,100,100,100,0,2.02,10.83,6.32,0.91
22:15-22:30,70DC2025/06/01,0,0,0,0,0,0,0,0,69.28,0,44,140.0001,0,0,0,0,21.05,565.37,6.19,0,25,0,0,0,3.53,0,0,0,0,0,0,0,568.94,0,0,7.6,33.21,3.22,3.18000000000001,14.02,4.51000000000002,6.35,10.41,8.31,3.24,34.14,0,48.81,80.77,101.83,0.33,0.989999999999998,1.16999999999999,0.68,0,0,0,0,0.24,2.31,0.49,0,0,0,1.76,1.36,1.46,1.74,1.25,0.379999999999999,2.02,2.67999999999999,2.8,0.0800000000000001,0.690000000000001,1.31,0,0,935,0,0.04,0,0,0,200,0,0,0,0,0,0,0,0,300,300,100,200,0,0,0,0,2.01,0.289999999999999,0,13.67,0,0,300,300,200,200,18.98,100,100,100,0,2.02,10.83,6.32,0.91
22:30-22:45,70DC2025/06/01,0,0,0,0,0,0,0,0,69.28,0,44,140.0001,0,0,0,0,21.05,565.37,6.19,0,25,0,0,0,3.53,0,0,0,0,0,0,0,568.94,0,0,7.6,33.21,3.23,3.19000000000001,14.02,4.94,6.35,10.41,8.31,3.24,34.14,0,48.81,80.77,101.83,0.33,0.989999999999998,1.18,0.68,0,0,0,0,0.24,2.31,0.49,0,0,0,1.76,1.36,1.43,1.74,1.25,0.379999999999999,2.02,2.67,2.8,0.0800000000000001,0.690000000000001,1.31,0,0,935,0,0.04,0,0,0,200,0,0,0,0,0,0,0,0,300,300,100,200,0,0,0,0,2.01,0.289999999999999,0,13.67,0,0,300,300,200,200,18.98,100,100,100,0,2.02,10.83,6.32,0.91
22:45-23:00,70DC2025/06/01,0,0,0,0,0,0,0,0,69.28,0,44,140.0001,0,0,0,0,21.05,565.37,6.13,0,25,0,0,0,3.53,0,0,0,0,0,0,0,568.94,0,0,7.6,33.21,3.23,3.19000000000001,14.02,4.94,6.35,10.41,8.31,3.24,34.14,0,48.81,80.77,101.83,0.33,0.989999999999998,1.07,0.639999999999997,0,0,0,0,0.24,2.31,0.49,0,0,0,1.76,1.36,1.43,1.66,1.19,0,1.98,1.29,2.8,0.0800000000000001,0.22,1.31,0,0,935,0,0.04,0,0,0,200,0,0,0,0,0,0,0,0,300,300,100,200,0,0,0,0,2.01,0.290000000000001,0,13.67,0,0,300,300,200,200,18.98,100,100,100,0,1.4,10.83,6.32,0.91
23:00-23:15,70DC2025/06/01,0,0,0,0,0,0,0,0,69.28,0,44,140.0001,0,0,0,0,21.05,565.37,6.13,0,25,0,0,0,3.53,0,0,0,0,0,0,0,568.94,0,0,7.6,33.21,3.23,3.19000000000001,14.02,4.94,6.35,10.41,8.31,3.24,34.14,0,49.2,80.77,101.83,2.64,0.989999999999998,1.06,0.639999999999997,0,0,0,0,0.24,2.31,0.48,0,0,0,1.76,1.29,1.43,1.66,1.19,0,1.98,1.29,2.8,0.0800000000000001,0.22,1.31,0,0,935,0,0.04,0,0,0,200,0,0,0,0,0,0,0,0,300,300,100,200,0,0,0,0,2.01,0.290000000000001,0,13.67,0,0,300,300,200,200,18.98,100,100,100,0,1.15,10.83,6.32,0.91
23:15-23:30,70DC2025/06/01,0,0,0,0,0,0,0,0,69.28,0,44,138,0,0,0,0,21.05,565.37,6.13,0,25,0,0,0,3.53,0,0,0,0,0,0,0,568.94,0,0,7.6,33.21,3.23,3.19000000000001,14.02,4.94,6.35,10.41,8.31,3.24,34.14,0,49.2,80.77,101.83,2.64,0.989999999999998,1.06,0.639999999999997,0,0,0,0,0.24,2.31,0.51,0,0,0,1.76,1.29,1.43,1.66,1.19,0,1.98,1.29,2.8,0.0800000000000001,0.22,1.31,0,0,935,0,0.04,0,0,0,200,0,0,0,0,0,0,0,0,300,300,100,200,0,0,0,0,2.01,0.290000000000001,0,13.67,0,0,300,300,200,200,18.98,100,100,100,0,0.77,10.83,6.32,0.91
23:30-23:45,70DC2025/06/01,0,0,0,0,0,0,0,0,69.28,0,44,138,0,0,0,0,21.05,565.37,6.13,0,25,0,0,0,3.53,0,0,0,0,0,0,0,568.94,0,0,7.6,33.21,3.23,3.19000000000001,14.02,4.94,6.35,10.41,8.31,3.24,34.14,0,49.2,80.77,101.83,0.24,0.989999999999998,1.06,0.639999999999997,0,0,0,0,0.24,2.31,0.51,0,0,0,1.76,1.29,1.43,1.66,1.19,0,1.98,1.29,2.8,0.0800000000000001,0.22,1.31,0,0,935,0,0.04,0,0,0,200,0,0,0,0,0,0,0,0,300,300,100,200,0,0,0,0,2.01,0.290000000000001,0,13.67,0,0,300,300,200,200,18.98,100,100,100,0,0.77,10.83,6.32,0.919999999999998
23:45-24:00,70DC2025/06/01,0,0,0,0,0,0,0,0,69.28,0,44,138,0,0,0,0,21.05,565.37,6.13,0,25,0,0,0,3.53,0,0,0,0,0,0,0,568.94,0,0,7.6,33.21,3.23,3.19000000000001,14.02,4.94,6.35,10.41,8.31,3.24,34.14,0,49.2,80.77,101.83,0.16,0.989999999999998,1.06,0.639999999999997,0,0,0,0,0.24,2.31,0.51,0,0,0,1.76,1.29,1.43,1.66,1.19,0,1.98,1.29,2.8,0.0800000000000001,0.22,1.31,0,0,935,0,0.04,0,0,0,200,0,0,0,0,0,0,0,0,300,300,100,200,0,0,0,0,2.01,0.290000000000001,0,13.67,0,0,300,300,200,200,18.98,100,100,100,0,0.77,10.83,6.32,0.919999999999998
