timeslot,discomcode,revisionno,BTPS,PRAGATI,RPH,DADRI_T,GT_OC,CSGS,GT_RLNG,PRG_RLNG,DVC,GT_LF,GT_CC,PRG_G_CC,GT_RLG_C,GT_LF_CC,PG_RLG_C,REGULATE,MTPS6,JHAJJAR,NJPC,CCGT_OC,CCGT_CC,CCGT_RCC,CCGT_ROC,CLPJHAJR,MEJIA7,MAITHON,SECI,RITHL_CC,RITHL_OC,RITHL_RC,RITHL_RO,NHPC,DADRI_T2,ANTA_GF,AURY_GF,FARAKKA,RIHAND1,RIHAND2,RIHAND3,SASAN,SNGRAULI,UNCHHAR1,UNCHHAR2,UNCHHAR3,KAHLGAN1,KAHLGAN2,DADRI_GF,ANTA_RF,AURY_RF,DADRI_RF,KOLDAM,TH_HPP,KTWR_HEP,SEWA2,DMSWSL,NAPP,RAPPB,MUNDRA,RAMPUR,RAPPC,TALA,ANTA_LF,AURY_LF,DADRI_LF,URI,URI2,CHAMERA1,CHAMERA2,CHAMERA3,DHAULIGNGA,DULHASTI,PARBATI3,SALAL,TANAKPUR,BSIUL,UNCHAHAR4,PRG_CCLF,PRG_OCLF,CCGTCCSPOT,CCGTOCSPOT,SNG_HYDRO,SHEP,GIREL,RUMS_DMRC,SEIPL,THPPL,NHPPL,ANTA_CRF,AURY_CRF,DADR_CRF,ALFANR_I,ALFANR_II,ALFANR_III,ERCPL_FTG,ERPCL_FTG2,AP41PL_BHDL,ASE4PL,KUDGI,SRIJAN_M,SITAC_BRPL,SITAC_BYPL,TANDA2,KSHNGNGA,SOLAPUR,MEJA,TWEPL,GBHHPL,THAR_BYPL,THAR_BRPL,ASEJ2PL_BYPL,ASEJ2PL_TPDDL,Total_EXPP,OpenAccess,InterDiscomTransfer,Losses,idtexbil,Total
1,BYPL,66DSBYPL2023/11/06,0.0000,0.0000,0.0000,0.0000,0.0000,0.0000,0.0000,0.0000,68.2900,0.0000,8.5825,0.0000,0.0000,0.0000,0.0000,0.0000,18.8200,28.9900,0.0000,0.0000,48.5862,0.0000,0.0000,0.0000,101.2000,0.0000,0.0000,0.0000,0.0000,0.0000,0.0000,0.0000,53.1400,0.0000,0.0000,3.6300,0.0000,13.9100,48.6800,319.7800,49.2000,2.0400,3.8600,2.9000,11.1000,24.1400,0.0000,0.0000,0.0000,0.0000,0.0000,0.0000,0.0000,0.0000,0.0000,0.0000,0.0000,0.0000,0.0000,6.4500,0.0700,0.0000,0.0000,0.0000,12.1900,7.8300,0.0000,0.0000,0.0000,0.0000,4.0400,0.0000,0.6300,1.0100,0.0000,0.0000,0.0000,0.0000,0.0000,0.0000,0.0000,0.0000,0.0000,0.0000,0.0000,0.0000,0.0000,0.0000,0.0000,0.0000,0.0000,6.6600,0.0000,0.0000,0.0000,0.0000,0.0000,0.0000,0.0000,0.0000,15.0000,0.0000,0.0000,0.0000,0.0000,2.8696,0.0000,0.0000,0.0000,0.0000,0.0000,863.5983,-316.17,0.00,9.9101,0.00,537.5182
2,BYPL,66DSBYPL2023/11/06,0.0000,0.0000,0.0000,0.0000,0.0000,0.0000,0.0000,0.0000,68.2900,0.0000,8.5825,0.0000,0.0000,0.0000,0.0000,0.0000,18.8200,28.9900,0.0000,0.0000,48.5862,0.0000,0.0000,0.0000,101.2000,0.0000,0.0000,0.0000,0.0000,0.0000,0.0000,0.0000,53.1400,0.0000,0.0000,4.6000,0.0000,13.9100,48.6800,319.7800,49.2000,1.9300,3.8600,2.9000,11.1000,24.1400,0.0000,0.0000,0.0000,0.0000,0.0000,0.0000,0.0000,0.0000,0.0000,0.0000,0.0000,0.0000,0.0000,6.4500,0.0700,0.0000,0.0000,0.0000,12.1900,7.8300,0.0000,0.0000,0.0000,0.0000,4.0400,0.0000,2.8200,1.0100,0.0000,0.0000,0.0000,0.0000,0.0000,0.0000,0.0000,0.0000,0.0000,0.0000,0.0000,0.0000,0.0000,0.0000,0.0000,0.0000,0.0000,6.6600,0.0000,0.0000,0.0000,0.0000,0.0000,0.0000,0.0000,0.0000,15.0000,0.0000,0.0000,0.0000,0.0000,2.8696,0.0000,0.0000,0.0000,0.0000,0.0000,866.6483,-326.17,0.00,10.0197,0.00,530.4586
3,BYPL,66DSBYPL2023/11/06,0.0000,0.0000,0.0000,0.0000,0.0000,0.0000,0.0000,0.0000,68.2900,0.0000,8.5825,0.0000,0.0000,0.0000,0.0000,0.0000,18.8200,28.9900,0.0000,0.0000,48.5862,0.0000,0.0000,0.0000,101.2000,0.0000,0.0000,0.0000,0.0000,0.0000,0.0000,0.0000,38.6500,0.0000,0.0000,0.0000,0.0000,13.9100,48.6800,319.7800,49.2000,1.9300,3.8600,2.9000,11.1000,24.1400,0.0000,0.0000,0.0000,0.0000,0.0000,0.0000,0.0000,0.0000,0.0000,0.0000,0.0000,0.0000,0.0000,6.4500,0.0700,0.0000,0.0000,0.0000,2.1700,7.8300,0.0000,0.0000,0.0000,0.0000,4.0400,0.0000,15.6100,2.9300,0.0000,0.0000,0.0000,0.0000,0.0000,0.0000,0.0000,0.0000,0.0000,0.0000,0.0000,0.0000,0.0000,0.0000,0.0000,0.0000,0.0000,6.6600,0.0000,0.0000,0.0000,0.0000,0.0000,0.0000,0.0000,0.0000,15.0000,0.0000,0.0000,0.0000,0.0000,2.8696,0.0000,0.0000,0.0000,0.0000,0.0000,852.2483,-316.17,0.00,9.8147,0.00,526.2636
4,BYPL,66DSBYPL2023/11/06,0.0000,0.0000,0.0000,0.0000,0.0000,0.0000,0.0000,0.0000,68.2900,0.0000,8.5825,0.0000,0.0000,0.0000,0.0000,0.0000,18.8200,28.9900,0.0000,0.0000,48.5862,0.0000,0.0000,0.0000,101.2000,0.0000,0.0000,0.0000,0.0000,0.0000,0.0000,0.0000,38.6500,0.0000,0.0000,0.0000,0.0000,13.9100,48.6800,319.7800,49.2000,1.9300,3.8600,2.9000,11.1000,24.1400,0.0000,0.0000,0.0000,0.0000,0.0000,0.0000,0.0000,0.0000,0.0000,0.0000,0.0000,0.0000,0.0000,6.4500,0.0700,0.0000,0.0000,0.0000,1.6300,7.8300,0.0000,0.0000,0.0000,0.0000,4.0400,0.0000,15.6100,2.9300,0.0000,0.0000,0.0000,0.0000,0.0000,0.0000,0.0000,0.0000,0.0000,0.0000,0.0000,0.0000,0.0000,0.0000,0.0000,0.0000,0.0000,6.6600,0.0000,0.0000,0.0000,0.0000,0.0000,0.0000,0.0000,0.0000,15.0000,0.0000,0.0000,0.0000,0.0000,2.8696,0.0000,0.0000,0.0000,0.0000,0.0000,851.7083,-331.17,0.00,9.9362,0.00,510.6021
5,BYPL,66DSBYPL2023/11/06,0.0000,0.0000,0.0000,0.0000,0.0000,0.0000,0.0000,0.0000,68.2900,0.0000,8.2988,0.0000,0.0000,0.0000,0.0000,0.0000,14.1500,28.9900,0.0000,0.0000,48.5862,0.0000,0.0000,0.0000,101.2000,0.0000,0.0000,0.0000,0.0000,0.0000,0.0000,0.0000,38.6500,0.0000,0.0000,0.0000,0.0000,13.9100,48.6800,319.7800,49.2000,1.9300,3.8600,2.9000,7.9500,24.1400,0.0000,0.0000,0.0000,0.0000,0.0000,0.0000,0.0000,0.0000,0.0000,0.0000,0.0000,0.0000,0.0000,6.4500,0.0700,0.0000,0.0000,0.0000,1.6300,2.9700,0.0000,0.0000,0.0000,0.0000,4.0400,0.0000,15.6100,2.9300,0.0000,0.0000,0.0000,0.0000,0.0000,0.0000,0.0000,0.0000,0.0000,0.0000,0.0000,0.0000,0.0000,0.0000,0.0000,0.0000,0.0000,6.6600,0.0000,0.0000,0.0000,0.0000,0.0000,0.0000,0.0000,0.0000,15.0000,0.0000,0.0000,0.0000,0.0000,2.8696,0.0000,0.0000,0.0000,0.0000,0.0000,838.7446,-326.97,0.00,9.7920,0.00,501.9826
6,BYPL,66DSBYPL2023/11/06,0.0000,0.0000,0.0000,0.0000,0.0000,0.0000,0.0000,0.0000,68.2900,0.0000,8.2988,0.0000,0.0000,0.0000,0.0000,0.0000,14.1500,28.9900,0.0000,0.0000,48.5862,0.0000,0.0000,0.0000,101.2000,0.0000,0.0000,0.0000,0.0000,0.0000,0.0000,0.0000,38.6500,0.0000,0.0000,0.0000,0.0000,13.9100,48.6800,319.7800,49.2000,1.9300,3.8600,2.9000,7.9500,24.1400,0.0000,0.0000,0.0000,0.0000,0.0000,0.0000,0.0000,0.0000,0.0000,0.0000,0.0000,0.0000,0.0000,6.4500,0.0700,0.0000,0.0000,0.0000,1.6300,2.3100,0.0000,0.0000,0.0000,0.0000,4.0400,0.0000,15.6100,2.9300,0.0000,0.0000,0.0000,0.0000,0.0000,0.0000,0.0000,0.0000,0.0000,0.0000,0.0000,0.0000,0.0000,0.0000,0.0000,0.0000,0.0000,6.6600,0.0000,0.0000,0.0000,0.0000,0.0000,0.0000,0.0000,0.0000,15.0000,0.0000,0.0000,0.0000,0.0000,2.8696,0.0000,0.0000,0.0000,0.0000,0.0000,838.0846,-335.17,0.00,9.8553,0.00,493.0593
7,BYPL,66DSBYPL2023/11/06,0.0000,0.0000,0.0000,0.0000,0.0000,0.0000,0.0000,0.0000,33.8200,0.0000,8.2988,0.0000,0.0000,0.0000,0.0000,0.0000,9.6600,28.9900,0.0000,0.0000,48.5862,0.0000,0.0000,0.0000,89.8600,0.0000,0.0000,0.0000,0.0000,0.0000,0.0000,0.0000,38.6500,0.0000,0.0000,0.0000,0.0000,13.9100,48.6800,319.7800,49.2000,1.9300,3.8600,2.9000,7.9500,24.1400,0.0000,0.0000,0.0000,0.0000,0.0000,0.0000,0.0000,0.0000,0.0000,0.0000,0.0000,0.0000,0.0000,6.4500,0.0700,0.0000,0.0000,0.0000,1.6300,2.3100,0.0000,0.0000,0.0000,0.0000,4.0400,0.0000,2.8200,1.1000,0.0000,0.0000,0.0000,0.0000,0.0000,0.0000,0.0000,0.0000,0.0000,0.0000,0.0000,0.0000,0.0000,0.0000,0.0000,0.0000,0.0000,6.6600,0.0000,0.0000,0.0000,0.0000,0.0000,0.0000,0.0000,0.0000,15.0000,0.0000,0.0000,0.0000,0.0000,2.8696,0.0000,0.0000,0.0000,0.0000,0.0000,773.1646,-295.17,0.00,8.9740,0.00,469.0206
8,BYPL,66DSBYPL2023/11/06,0.0000,0.0000,0.0000,0.0000,0.0000,0.0000,0.0000,0.0000,33.8200,0.0000,8.2988,0.0000,0.0000,0.0000,0.0000,0.0000,9.6600,28.9900,0.0000,0.0000,48.5862,0.0000,0.0000,0.0000,89.8600,0.0000,0.0000,0.0000,0.0000,0.0000,0.0000,0.0000,38.6500,0.0000,0.0000,0.0000,0.0000,13.9100,48.6800,319.7800,49.2000,1.9300,3.8600,2.9000,7.9500,24.1400,0.0000,0.0000,0.0000,0.0000,0.0000,0.0000,0.0000,0.0000,0.0000,0.0000,0.0000,0.0000,0.0000,6.4500,0.0700,0.0000,0.0000,0.0000,1.6300,2.3100,0.0000,0.0000,0.0000,0.0000,4.0400,0.0000,2.8200,1.1000,0.0000,0.0000,0.0000,0.0000,0.0000,0.0000,0.0000,0.0000,0.0000,0.0000,0.0000,0.0000,0.0000,0.0000,0.0000,0.0000,0.0000,6.6600,0.0000,0.0000,0.0000,0.0000,0.0000,0.0000,0.0000,0.0000,15.0000,0.0000,0.0000,0.0000,0.0000,2.8696,0.0000,0.0000,0.0000,0.0000,0.0000,773.1646,-295.17,0.00,8.9740,0.00,469.0206
9,BYPL,66DSBYPL2023/11/06,0.0000,0.0000,0.0000,0.0000,0.0000,0.0000,0.0000,0.0000,33.8200,0.0000,8.2988,0.0000,0.0000,0.0000,0.0000,0.0000,9.6600,28.9900,0.0000,0.0000,48.5862,0.0000,0.0000,0.0000,89.8600,0.0000,0.0000,0.0000,0.0000,0.0000,0.0000,0.0000,38.6500,0.0000,0.0000,0.0000,0.0000,13.9100,48.6800,319.7800,49.2000,1.9300,3.8600,2.9000,7.9500,24.1400,0.0000,0.0000,0.0000,0.0000,0.0000,0.0000,0.0000,0.0000,0.0000,0.0000,0.0000,0.0000,0.0000,6.4500,0.0700,0.0000,0.0000,0.0000,1.6300,2.3100,0.0000,0.0000,0.0000,0.0000,4.0400,0.0000,2.8200,1.1000,0.0000,0.0000,0.0000,0.0000,0.0000,0.0000,0.0000,0.0000,0.0000,0.0000,0.0000,0.0000,0.0000,0.0000,0.0000,0.0000,0.0000,6.6600,0.0000,0.0000,0.0000,0.0000,0.0000,0.0000,0.0000,0.0000,15.0000,0.0000,0.0000,0.0000,0.0000,2.8696,0.0000,0.0000,0.0000,0.0000,0.0000,773.1646,-300.17,0.00,9.0160,0.00,463.9786
10,BYPL,66DSBYPL2023/11/06,0.0000,0.0000,0.0000,0.0000,0.0000,0.0000,0.0000,0.0000,33.8200,0.0000,8.2988,0.0000,0.0000,0.0000,0.0000,0.0000,9.6600,28.9900,0.0000,0.0000,48.5862,0.0000,0.0000,0.0000,89.8600,0.0000,0.0000,0.0000,0.0000,0.0000,0.0000,0.0000,38.6500,0.0000,0.0000,0.0000,0.0000,13.9100,48.6800,319.7800,49.2000,1.9300,3.8600,2.9000,7.9500,24.1400,0.0000,0.0000,0.0000,0.0000,0.0000,0.0000,0.0000,0.0000,0.0000,0.0000,0.0000,0.0000,0.0000,6.4500,0.0700,0.0000,0.0000,0.0000,1.6300,2.3100,0.0000,0.0000,0.0000,0.0000,4.0400,0.0000,2.8200,1.1000,0.0000,0.0000,0.0000,0.0000,0.0000,0.0000,0.0000,0.0000,0.0000,0.0000,0.0000,0.0000,0.0000,0.0000,0.0000,0.0000,0.0000,6.6600,0.0000,0.0000,0.0000,0.0000,0.0000,0.0000,0.0000,0.0000,15.0000,0.0000,0.0000,0.0000,0.0000,2.8696,0.0000,0.0000,0.0000,0.0000,0.0000,773.1646,-305.17,0.00,9.0580,0.00,458.9366
11,BYPL,66DSBYPL2023/11/06,0.0000,0.0000,0.0000,0.0000,0.0000,0.0000,0.0000,0.0000,33.8200,0.0000,8.2988,0.0000,0.0000,0.0000,0.0000,0.0000,9.6600,28.9900,5.1100,0.0000,48.5862,0.0000,0.0000,0.0000,89.8600,0.0000,0.0000,0.0000,0.0000,0.0000,0.0000,0.0000,38.6500,0.0000,0.0000,0.0000,0.0000,13.9100,48.6800,319.7800,49.2000,1.9300,3.8600,2.9000,7.9500,24.1400,0.0000,0.0000,0.0000,0.0000,0.0000,0.0000,0.0000,0.0000,0.0000,0.0000,0.0000,0.0000,0.0000,6.4500,0.0700,0.0000,0.0000,0.0000,1.6300,2.3100,0.0000,0.0000,0.0000,0.0000,4.0400,0.0000,2.8200,1.1000,0.0000,0.0000,0.0000,0.0000,0.0000,0.0000,0.0000,0.0000,0.0000,0.0000,0.0000,0.0000,0.0000,0.0000,0.0000,0.0000,0.0000,6.6600,0.0000,0.0000,0.0000,0.0000,0.0000,0.0000,0.0000,0.0000,15.0000,0.0000,0.0000,0.0000,0.0000,2.8696,0.0000,0.0000,0.0000,0.0000,0.0000,778.2746,-310.17,0.00,9.1429,0.00,458.9617
12,BYPL,66DSBYPL2023/11/06,0.0000,0.0000,0.0000,0.0000,0.0000,0.0000,0.0000,0.0000,33.8200,0.0000,8.2988,0.0000,0.0000,0.0000,0.0000,0.0000,9.6600,28.9900,5.1100,0.0000,48.5862,0.0000,0.0000,0.0000,89.8600,0.0000,0.0000,0.0000,0.0000,0.0000,0.0000,0.0000,38.6500,0.0000,0.0000,0.0000,0.0000,13.9100,48.6800,319.7800,49.2000,1.9300,3.8600,2.9000,7.9500,24.1400,0.0000,0.0000,0.0000,0.0000,0.0000,0.0000,0.0000,0.0000,0.0000,0.0000,0.0000,0.0000,0.0000,6.4500,0.0700,0.0000,0.0000,0.0000,1.6300,2.3100,0.0000,0.0000,0.0000,0.0000,4.0400,0.0000,2.8200,1.1000,0.0000,0.0000,0.0000,0.0000,0.0000,0.0000,0.0000,0.0000,0.0000,0.0000,0.0000,0.0000,0.0000,0.0000,0.0000,0.0000,0.0000,6.6600,0.0000,0.0000,0.0000,0.0000,0.0000,0.0000,0.0000,0.0000,15.0000,0.0000,0.0000,0.0000,0.0000,2.8696,0.0000,0.0000,0.0000,0.0000,0.0000,778.2746,-310.17,0.00,9.1429,0.00,458.9617
13,BYPL,66DSBYPL2023/11/06,0.0000,0.0000,0.0000,0.0000,0.0000,0.0000,0.0000,0.0000,33.8200,0.0000,8.2988,0.0000,0.0000,0.0000,0.0000,0.0000,9.6600,28.9900,5.1100,0.0000,48.5862,0.0000,0.0000,0.0000,89.8600,0.0000,0.0000,0.0000,0.0000,0.0000,0.0000,0.0000,38.6500,0.0000,0.0000,0.0000,0.0000,13.9100,48.6800,319.7800,49.2000,1.9300,3.8600,2.9000,4.8300,24.1400,0.0000,0.0000,0.0000,0.0000,0.0000,0.0000,0.0000,0.0000,0.0000,0.0000,0.0000,0.0000,0.0000,6.4500,0.0700,0.0000,0.0000,0.0000,1.6300,2.3100,0.0000,0.0000,0.0000,0.0000,4.0400,0.0000,3.1400,1.1000,0.0000,0.0000,0.0000,0.0000,0.0000,0.0000,0.0000,0.0000,0.0000,0.0000,0.0000,0.0000,0.0000,0.0000,0.0000,0.0000,0.0000,6.6600,0.0000,0.0000,0.0000,0.0000,0.0000,0.0000,0.0000,0.0000,15.0000,0.0000,0.0000,0.0000,0.0000,2.8696,0.0000,0.0000,0.0000,0.0000,0.0000,775.4746,-315.17,0.00,9.1614,0.00,451.1432
14,BYPL,66DSBYPL2023/11/06,0.0000,0.0000,0.0000,0.0000,0.0000,0.0000,0.0000,0.0000,33.8200,0.0000,8.2988,0.0000,0.0000,0.0000,0.0000,0.0000,9.6600,28.9900,5.1100,0.0000,48.5862,0.0000,0.0000,0.0000,89.8600,0.0000,0.0000,0.0000,0.0000,0.0000,0.0000,0.0000,38.6500,0.0000,0.0000,0.0000,0.0000,13.9100,48.6800,319.7800,49.2000,1.9300,3.8600,2.9000,4.8300,24.1400,0.0000,0.0000,0.0000,0.0000,0.0000,0.0000,0.0000,0.0000,0.0000,0.0000,0.0000,0.0000,0.0000,6.4500,0.0700,0.0000,0.0000,0.0000,1.6300,2.3100,0.0000,0.0000,0.0000,0.0000,4.0400,0.0000,3.1400,1.1000,0.0000,0.0000,0.0000,0.0000,0.0000,0.0000,0.0000,0.0000,0.0000,0.0000,0.0000,0.0000,0.0000,0.0000,0.0000,0.0000,0.0000,6.6600,0.0000,0.0000,0.0000,0.0000,0.0000,0.0000,0.0000,0.0000,15.0000,0.0000,0.0000,0.0000,0.0000,2.8696,0.0000,0.0000,0.0000,0.0000,0.0000,775.4746,-325.17,0.00,9.2454,0.00,441.0592
15,BYPL,66DSBYPL2023/11/06,0.0000,0.0000,0.0000,0.0000,0.0000,0.0000,0.0000,0.0000,33.8200,0.0000,8.2988,0.0000,0.0000,0.0000,0.0000,0.0000,9.6600,28.9900,5.1100,0.0000,48.5862,0.0000,0.0000,0.0000,89.8600,0.0000,0.0000,0.0000,0.0000,0.0000,0.0000,0.0000,38.6500,0.0000,0.0000,0.0000,0.0000,13.9100,48.6800,319.7800,49.2000,1.9300,3.8600,2.9000,4.8300,24.1400,0.0000,0.0000,0.0000,0.0000,0.0000,0.0000,0.0000,0.0000,0.0000,0.0000,0.0000,0.0000,0.0000,6.4500,0.0700,0.0000,0.0000,0.0000,1.6300,2.3100,0.0000,0.0000,0.0000,0.0000,4.0400,0.0000,3.1400,1.2600,0.2700,0.0000,0.0000,0.0000,0.0000,0.0000,0.0000,0.0000,0.0000,0.0000,0.0000,0.0000,0.0000,0.0000,0.0000,0.0000,0.0000,6.6600,0.0000,0.0000,0.0000,0.0000,0.0000,0.0000,0.0000,0.0000,15.0000,0.0000,0.0000,0.0000,0.0000,2.8696,0.0000,0.0000,0.0000,0.0000,0.0000,775.9046,-340.17,0.00,9.3750,0.00,426.3596
16,BYPL,66DSBYPL2023/11/06,0.0000,0.0000,0.0000,0.0000,0.0000,0.0000,0.0000,0.0000,33.8200,0.0000,8.2988,0.0000,0.0000,0.0000,0.0000,0.0000,9.6600,28.9900,5.1100,0.0000,48.5862,0.0000,0.0000,0.0000,89.8600,0.0000,0.0000,0.0000,0.0000,0.0000,0.0000,0.0000,38.6500,0.0000,0.0000,0.0000,0.0000,13.9100,48.6800,319.7800,49.2000,1.9300,3.8600,2.9000,4.8300,24.1400,0.0000,0.0000,0.0000,0.0000,0.0000,0.0000,0.0000,0.0000,0.0000,0.0000,0.0000,0.0000,0.0000,6.4500,0.0700,0.0000,0.0000,0.0000,1.6300,2.3100,0.0000,0.0000,0.0000,0.0000,4.0400,0.0000,3.1400,1.2600,0.2700,0.0000,0.0000,0.0000,0.0000,0.0000,0.0000,0.0000,0.0000,0.0000,0.0000,0.0000,0.0000,0.0000,0.0000,0.0000,0.0000,6.6600,0.0000,0.0000,0.0000,0.0000,0.0000,0.0000,0.0000,0.0000,15.0000,0.0000,0.0000,0.0000,0.0000,2.8696,0.0000,0.0000,0.0000,0.0000,0.0000,775.9046,-340.17,0.00,9.3750,0.00,426.3596
17,BYPL,66DSBYPL2023/11/06,0.0000,0.0000,0.0000,0.0000,0.0000,0.0000,0.0000,0.0000,33.8200,0.0000,8.2988,0.0000,0.0000,0.0000,0.0000,0.0000,9.6600,28.9900,5.1100,0.0000,48.5862,0.0000,0.0000,0.0000,89.8600,0.0000,0.0000,0.0000,0.0000,0.0000,0.0000,0.0000,38.6500,0.0000,0.0000,0.0000,0.0000,13.9100,48.6800,319.7800,49.2000,1.9300,3.8600,2.9000,4.8300,24.1400,0.0000,0.0000,0.0000,0.0000,0.0000,0.0000,0.0000,0.0000,0.0000,0.0000,0.0000,0.0000,0.0000,6.4500,0.0700,0.0000,0.0000,0.0000,1.6300,2.3100,0.0000,0.0000,0.0000,0.0000,4.0400,0.0000,3.1400,1.2600,0.2700,0.0000,0.0000,0.0000,0.0000,0.0000,0.0000,0.0000,0.0000,0.0000,0.0000,0.0000,0.0000,0.0000,0.0000,0.0000,0.0000,6.6600,0.0000,0.0000,0.0000,0.0000,0.0000,0.0000,0.0000,0.0000,13.3300,0.0000,0.0000,0.0000,0.0000,2.8696,0.0000,0.0000,0.0000,0.0000,0.0000,774.2346,-340.17,0.00,9.3610,0.00,424.7036
18,BYPL,66DSBYPL2023/11/06,0.0000,0.0000,0.0000,0.0000,0.0000,0.0000,0.0000,0.0000,33.8200,0.0000,8.2988,0.0000,0.0000,0.0000,0.0000,0.0000,9.6600,28.9900,5.1100,0.0000,48.5862,0.0000,0.0000,0.0000,89.8600,0.0000,0.0000,0.0000,0.0000,0.0000,0.0000,0.0000,36.5100,0.0000,0.0000,0.0000,0.0000,13.9100,48.6800,319.7800,49.2000,1.9300,3.8600,2.9000,4.8300,24.1400,0.0000,0.0000,0.0000,0.0000,0.0000,0.0000,0.0000,0.0000,0.0000,0.0000,0.0000,0.0000,0.0000,6.4500,0.0700,0.0000,0.0000,0.0000,1.6300,2.3100,0.0000,0.0000,0.0000,0.0000,4.0400,0.0000,3.1400,1.2600,0.2700,0.0000,0.0000,0.0000,0.0000,0.0000,0.0000,0.0000,0.0000,0.0000,0.0000,0.0000,0.0000,0.0000,0.0000,0.0000,0.0000,6.6600,0.0000,0.0000,0.0000,0.0000,0.0000,0.0000,0.0000,0.0000,13.3300,0.0000,0.0000,0.0000,0.0000,2.8696,0.0000,0.0000,0.0000,0.0000,0.0000,772.0946,-335.17,0.00,9.3010,0.00,427.6236
19,BYPL,66DSBYPL2023/11/06,0.0000,0.0000,0.0000,0.0000,0.0000,0.0000,0.0000,0.0000,33.8200,0.0000,8.2988,0.0000,0.0000,0.0000,0.0000,0.0000,9.6600,28.9900,5.1100,0.0000,48.5862,0.0000,0.0000,0.0000,89.8600,0.0000,0.0000,0.0000,0.0000,0.0000,0.0000,0.0000,38.6500,0.0000,0.0000,0.0000,0.0000,13.9100,48.6800,319.7800,49.2000,1.9300,3.8600,2.9000,4.8300,24.1400,0.0000,0.0000,0.0000,0.0000,0.0000,0.0000,0.0000,0.0000,0.0000,0.0000,0.0000,0.0000,0.0000,6.4500,0.0000,0.0000,0.0000,0.0000,1.6300,2.3100,0.0000,0.0000,0.0000,0.0000,4.0400,0.0000,2.8200,1.2600,0.2700,0.0000,0.0000,0.0000,0.0000,0.0000,0.0000,0.0000,0.0000,0.0000,0.0000,0.0000,0.0000,0.0000,0.0000,0.0000,0.0000,6.6600,0.0000,0.0000,0.0000,0.0000,0.0000,0.0000,0.0000,0.0000,13.3300,0.0000,0.0000,0.0000,0.0000,2.8696,0.0000,0.0000,0.0000,0.0000,0.0000,773.8446,-303.58,0.00,9.2451,0.00,461.0195
20,BYPL,66DSBYPL2023/11/06,0.0000,0.0000,0.0000,0.0000,0.0000,0.0000,0.0000,0.0000,33.8200,0.0000,8.2988,0.0000,0.0000,0.0000,0.0000,0.0000,9.6600,28.9900,5.1100,0.0000,48.5862,0.0000,0.0000,0.0000,89.8600,0.0000,0.0000,0.0000,0.0000,0.0000,0.0000,0.0000,38.6500,0.0000,0.0000,0.0000,0.0000,13.9100,48.6800,319.7800,49.2000,1.9300,3.8600,2.9000,4.8300,24.1400,0.0000,0.0000,0.0000,0.0000,0.0000,0.0000,0.0000,0.0000,0.0000,0.0000,0.0000,0.0000,0.0000,6.4500,0.0000,0.0000,0.0000,0.0000,1.6300,2.3100,0.0000,0.0000,0.0000,0.0000,4.0400,0.0000,2.8200,1.2600,0.2700,0.0000,0.0000,0.0000,0.0000,0.0000,0.0000,0.0000,0.0000,0.0000,0.0000,0.0000,0.0000,0.0000,0.0000,0.0000,0.0000,6.6600,0.0000,0.0000,0.0000,0.0000,0.0000,0.0000,0.0000,0.0000,13.3300,0.0000,0.0000,0.0000,0.0000,2.8696,0.0000,0.0000,0.0000,0.0000,0.0000,773.8446,-297.61,0.00,9.2112,0.00,467.0234
21,BYPL,66DSBYPL2023/11/06,0.0000,0.0000,0.0000,0.0000,0.0000,0.0000,0.0000,0.0000,68.2900,0.0000,8.5825,0.0000,0.0000,0.0000,0.0000,0.0000,18.8200,28.9900,5.1100,0.0000,48.5862,0.0000,0.0000,0.0000,101.2000,0.0000,0.0000,0.0000,0.0000,0.0000,0.0000,0.0000,38.6500,0.0000,0.0000,0.0000,0.0000,13.9100,48.6800,319.7800,49.2000,1.9300,3.2900,2.9000,11.1000,24.1400,0.0000,0.0000,0.0000,0.0000,0.0000,0.0000,0.0000,0.0000,0.0000,0.0000,0.0000,0.0000,0.0000,6.4500,0.0000,0.0000,0.0000,0.0000,1.6300,2.3100,0.0000,0.0000,0.0000,0.3300,8.0900,0.0000,2.8200,1.2600,0.2700,0.0000,0.0000,0.0000,0.0000,0.0000,0.0000,0.0000,0.0000,0.0000,0.0000,0.0000,0.0000,0.0000,0.0000,0.0000,0.0000,6.6600,0.0000,0.0000,0.0000,0.0000,0.0000,0.0000,0.0000,0.0000,13.3300,0.0000,0.0000,0.0000,0.0000,2.8696,0.0000,0.0000,0.0000,0.0000,0.0000,839.1783,-341.17,-1.69,9.9149,0.00,486.4034
22,BYPL,66DSBYPL2023/11/06,0.0000,0.0000,0.0000,0.0000,0.0000,0.0000,0.0000,0.0000,68.2900,0.0000,8.5825,0.0000,0.0000,0.0000,0.0000,0.0000,18.8200,28.9900,10.4600,0.0000,48.5862,0.0000,0.0000,0.0000,101.2000,0.0000,0.0000,0.0000,0.0000,0.0000,0.0000,0.0000,38.6500,0.0000,0.0000,0.0000,0.0000,13.9100,48.6800,319.7800,49.2000,1.9300,3.8600,2.9000,11.1000,24.1400,0.0000,0.0000,0.0000,0.0000,0.0000,0.0000,0.0000,0.0000,0.0000,0.0000,0.0000,0.0000,0.0000,6.4500,0.0000,0.0000,0.0000,0.0000,1.6300,2.3100,0.0000,3.2300,0.0000,1.3000,8.0900,0.0000,2.8200,1.2600,0.2700,0.0000,0.0000,0.0000,0.0000,0.0000,0.0000,0.0000,0.0000,0.0000,0.0000,0.0000,0.0000,0.0000,0.0000,0.0000,0.0000,6.6600,0.0000,0.0000,0.0000,0.0000,0.0000,0.0000,0.0000,0.0000,13.3300,0.0000,0.0000,0.0000,0.0000,2.8696,0.0000,0.0000,0.0000,0.0000,0.0000,849.2983,-320.17,-12.70,9.8235,0.00,506.6048
23,BYPL,66DSBYPL2023/11/06,0.0000,0.0000,0.0000,0.0000,0.0000,0.0000,0.0000,0.0000,68.2900,0.0000,8.5825,0.0000,0.0000,0.0000,0.0000,0.0000,18.8200,63.0200,13.9400,0.0000,55.0000,0.0000,0.0000,0.0000,101.2000,0.0000,0.0000,0.0000,0.0000,0.0000,0.0000,0.0000,77.6600,0.0000,0.0000,5.0900,0.0000,13.9100,48.6800,319.7800,49.2000,5.0400,8.2400,6.4800,11.1000,24.1400,0.0000,0.0000,0.0000,0.0000,0.0000,0.0000,0.0000,0.0000,0.0000,0.0000,0.0000,0.0000,0.0000,6.4500,0.0000,0.0000,0.0000,0.0000,1.6300,2.3100,0.0000,3.2300,0.0000,2.2400,8.0900,0.0000,2.8200,1.2600,0.2700,0.0000,0.0000,0.0000,0.0000,0.0000,0.0000,0.0000,0.0000,0.0000,0.0000,0.0000,0.0000,0.0000,0.0000,0.0000,0.0000,6.6600,0.0000,0.0000,0.0000,0.0000,0.0000,0.0000,0.0000,0.0000,13.3300,0.0000,0.0000,0.0000,0.0000,2.8696,0.0000,0.0000,0.0000,0.0000,0.0000,949.3321,-363.17,-32.60,11.0250,0.00,542.5371
24,BYPL,66DSBYPL2023/11/06,0.0000,0.0000,0.0000,0.0000,0.0000,0.0000,0.0000,0.0000,68.2900,0.0000,8.5825,0.0000,0.0000,0.0000,0.0000,0.0000,18.8200,63.0200,18.5900,0.0000,55.0000,0.0000,0.0000,0.0000,101.2000,0.0000,0.0000,0.0000,0.0000,0.0000,0.0000,0.0000,79.3100,0.0000,0.0000,5.0900,0.0000,13.9100,48.6800,319.7800,49.2000,5.0400,8.2400,6.4800,11.1000,24.1400,0.0000,0.0000,0.0000,0.0000,0.0000,0.0000,0.0000,1.2800,0.0000,0.0000,0.0000,0.0000,0.0000,6.4500,0.0000,0.0000,0.0000,0.0000,1.6300,2.3100,1.7200,3.2300,0.0000,4.3100,8.0900,0.9400,2.8200,1.2600,0.2700,0.0000,0.0000,0.0000,0.0000,0.0000,0.0000,0.0000,0.0000,0.0000,0.0000,0.0000,0.0000,0.0000,0.0000,0.0000,0.0000,6.6600,0.0000,0.0000,0.0000,0.0000,0.0000,0.0000,0.0000,0.0000,13.3300,0.0000,0.0000,0.0000,0.0000,2.8696,0.0000,0.0000,0.0000,0.0000,0.0000,961.6421,-340.17,-42.76,10.9352,0.00,567.7769
25,BYPL,66DSBYPL2023/11/06,0.0000,0.0000,0.0000,0.0000,0.0000,0.0000,0.0000,0.0000,68.2900,0.0000,8.5825,0.0000,0.0000,0.0000,0.0000,0.0000,18.8200,63.0200,23.2400,0.0000,55.0000,0.0000,0.0000,0.0000,101.2000,0.0000,0.0000,0.0000,0.0000,0.0000,0.0000,0.0000,79.3100,0.0000,0.0000,5.0900,0.0000,13.9100,48.6800,319.7800,49.2000,5.0400,8.2400,6.4800,11.1000,24.1400,0.0000,0.0000,0.0000,0.0000,0.0000,0.0000,0.0000,2.5900,0.0000,0.0000,0.0000,0.0000,0.0000,6.4500,0.0000,0.0000,0.0000,0.0000,1.6300,2.3100,3.4500,6.4600,0.0000,6.7100,12.1300,4.0100,2.8200,1.2600,0.8100,0.0000,0.0000,0.0000,0.0000,0.0000,0.0000,0.0000,0.0000,0.0000,0.0000,0.0000,0.0000,0.0000,0.0000,0.0000,0.0000,6.6600,0.0000,0.0000,0.0000,0.0000,0.0000,0.0000,0.0000,0.0000,13.3300,0.0000,0.0000,0.0000,0.0000,2.8696,0.0000,0.0000,0.0000,0.0000,0.0000,982.6121,-350.00,0.00,11.1939,0.00,621.4182
26,BYPL,66DSBYPL2023/11/06,0.0000,0.0000,0.0000,0.0000,0.0000,0.0000,0.0000,0.0000,68.2900,0.0000,8.5825,0.0000,0.0000,0.0000,0.0000,0.0000,18.8200,63.0300,32.5400,0.0000,55.0000,0.0000,0.0000,0.0000,101.2000,0.0000,0.0000,0.0000,0.0000,0.0000,0.0000,0.0000,79.3100,0.0000,0.0000,5.0900,0.0000,13.9100,48.6800,319.7800,49.2000,5.0400,8.2400,6.4800,11.1000,24.1400,0.0000,0.0000,0.0000,0.0000,0.0000,0.0000,0.0000,3.8800,0.0000,0.0000,0.0000,0.0000,0.0000,6.4500,0.0000,0.0000,0.0000,0.0000,2.7100,2.3100,6.4000,9.7000,2.3700,8.9700,12.1300,4.0100,5.3800,1.2600,4.8000,0.0000,0.0000,0.0000,0.0000,0.0000,0.0000,0.0000,0.0000,0.2700,0.0000,0.0000,0.0000,0.0000,0.0000,0.0000,0.0000,6.6600,0.0000,0.0000,0.0000,0.0000,0.0000,0.0000,0.0000,0.0000,13.3300,0.0000,0.0000,0.0000,0.0000,2.8696,0.0000,0.0000,0.0000,0.0000,0.0000,1011.9321,-350.00,15.00,11.4380,0.00,665.4941
27,BYPL,66DSBYPL2023/11/06,0.0000,0.0000,0.0000,0.0000,0.0000,0.0000,0.0000,0.0000,68.2900,0.0000,8.5825,0.0000,0.0000,0.0000,0.0000,0.0000,18.8200,63.0300,32.5400,0.0000,55.0000,0.0000,0.0000,0.0000,101.2000,0.0000,0.0100,0.0000,0.0000,0.0000,0.0000,0.0000,79.3100,0.0000,0.0000,5.0900,0.0000,13.9100,48.6800,319.7800,49.2000,1.9300,8.2400,2.9000,11.1000,24.1400,0.0000,0.0000,0.0000,0.0000,0.0000,0.0000,0.0000,3.8800,0.0000,0.0000,0.0000,0.0000,0.0000,6.4500,0.0000,0.0000,0.0000,0.0000,1.6300,2.3100,9.6900,9.7000,2.3700,8.9700,12.1300,4.0100,15.6100,1.2600,4.8000,0.0000,0.0000,0.0000,0.0000,0.0000,0.0000,0.0000,0.0000,2.3900,0.0000,0.0000,0.0000,0.0000,0.0000,0.0000,0.0000,6.6600,0.0000,0.0000,0.0000,0.0000,0.3200,0.0000,0.0000,0.0000,13.3300,0.0000,0.0000,0.0000,0.0000,2.8696,0.0000,0.0000,0.0000,0.3200,0.0000,1020.4521,-350.00,45.00,11.4916,0.00,703.9605
28,BYPL,66DSBYPL2023/11/06,0.0000,0.0000,0.0000,0.0000,0.0000,0.0000,0.0000,0.0000,68.2900,0.0000,8.5825,0.0000,0.0000,0.0000,0.0000,0.0000,18.8200,63.0200,32.5400,0.0000,55.0000,0.0000,0.0000,0.0000,101.2000,0.0000,0.0200,0.0000,0.0000,0.0000,0.0000,0.0000,79.3100,0.0000,0.0000,5.0900,0.0000,13.9100,48.6800,319.7800,49.2000,1.9300,8.2400,2.9000,11.1000,24.1400,0.0000,0.0000,0.0000,0.0000,0.0000,0.0000,0.0000,3.8800,0.0000,0.0000,0.0000,0.0000,0.0000,6.4500,0.0000,0.0000,0.0000,0.0000,12.1900,2.3100,9.6900,9.7000,2.3700,8.9700,12.1300,4.0100,15.6100,1.2600,4.8000,0.0000,0.0000,0.0000,0.0000,0.0000,0.0000,0.0000,0.0000,7.7499,0.0000,0.0000,0.0000,0.0000,0.0000,0.0000,0.0000,6.6600,0.0000,0.0000,0.0200,0.0000,1.0800,0.0000,0.0000,0.0000,13.3300,0.0000,0.0000,0.0000,0.0000,2.8696,0.0000,1.5000,0.0000,1.0800,0.0000,1039.4120,-350.00,55.00,11.6058,0.00,732.8062
29,BYPL,66DSBYPL2023/11/06,0.0000,0.0000,0.0000,0.0000,0.0000,0.0000,0.0000,0.0000,68.2900,0.0000,8.5825,0.0000,0.0000,0.0000,0.0000,0.0000,18.8200,63.0200,32.5400,0.0000,55.0000,0.0000,0.0000,0.0000,101.2000,0.0000,0.2400,0.0000,0.0000,0.0000,0.0000,0.0000,79.3100,0.0000,0.0000,5.0900,0.0000,13.9100,48.6800,319.7800,49.2000,1.9300,8.2400,2.9000,11.1000,24.1400,0.0000,0.0000,0.0000,0.0000,0.0000,0.0000,0.0000,3.8800,0.0000,0.0000,0.0000,0.0000,0.0000,6.4500,0.0000,0.0000,0.0000,0.0000,12.1900,2.3100,9.6900,9.7000,4.7500,8.1100,12.1300,4.0100,15.6100,1.2600,4.8000,0.0000,0.0000,0.0000,0.0000,0.0000,0.0000,0.0000,0.0000,17.8501,0.0000,0.0000,0.0000,0.0000,0.0000,0.0000,0.0000,6.6600,0.0000,0.0000,0.4500,0.0000,2.5500,0.0000,0.0000,0.0000,13.3300,0.0000,0.0000,0.0000,0.0000,2.8696,0.0000,3.0000,0.0000,2.5500,0.0000,1056.1222,-350.00,60.00,11.6595,0.00,754.4627
30,BYPL,66DSBYPL2023/11/06,0.0000,0.0000,0.0000,0.0000,0.0000,0.0000,0.0000,0.0000,68.2900,0.0000,8.5825,0.0000,0.0000,0.0000,0.0000,0.0000,18.8200,63.0300,32.5400,0.0000,55.0000,0.0000,0.0000,0.0000,101.2000,0.0000,0.7100,0.0000,0.0000,0.0000,0.0000,0.0000,79.3100,0.0000,0.0000,5.0900,0.0000,13.9100,48.6800,319.7800,49.2000,1.9300,8.2400,2.9000,11.1000,24.1400,0.0000,0.0000,0.0000,0.0000,0.0000,0.0000,0.0000,3.8800,0.0000,0.0000,0.0000,0.0000,0.0000,6.4500,0.0000,0.0000,0.0000,0.0000,1.6300,2.3100,6.4000,9.7000,4.7500,4.4700,12.1300,4.0100,15.6100,1.2600,4.8000,0.0000,0.0000,0.0000,0.0000,0.0000,0.0000,0.0000,0.0000,20.7499,0.0000,0.0000,0.0000,0.0000,0.0000,0.0000,0.0000,6.6600,0.0000,0.0000,1.7900,0.0000,5.0000,0.0000,0.0000,0.0000,13.3300,0.0000,0.0000,0.0000,0.0000,2.8696,0.0000,4.5000,0.0000,5.0000,0.0000,1049.7520,-350.00,60.00,11.5777,0.00,748.1743
31,BYPL,66DSBYPL2023/11/06,0.0000,0.0000,0.0000,0.0000,0.0000,0.0000,0.0000,0.0000,68.2900,0.0000,8.5825,0.0000,0.0000,0.0000,0.0000,0.0000,18.8200,63.0300,32.5400,0.0000,55.0000,0.0000,0.0000,0.0000,101.2000,0.0000,1.5200,0.0000,0.0000,0.0000,0.0000,0.0000,79.3100,0.0000,0.0000,5.0900,0.0000,13.9100,48.6800,319.7800,49.2000,1.9300,8.2400,2.9000,11.1000,24.1400,0.0000,0.0000,0.0000,0.0000,0.0000,0.0000,0.0000,3.8800,0.0000,0.0000,0.0000,0.0000,0.0000,6.4500,0.0000,0.0000,0.0000,0.0000,1.6300,2.3100,3.3000,9.7000,4.7500,2.2400,12.1300,0.9400,5.6300,1.2600,1.6000,0.0000,0.0000,0.0000,0.0000,0.0000,0.0000,0.0000,0.0000,23.7504,0.0000,0.0000,0.0000,0.0000,0.0000,0.0000,0.0000,6.6600,0.0000,0.0000,3.7800,0.0000,9.0000,0.0000,0.0000,0.0000,13.3300,0.0000,0.0000,0.0000,0.0000,2.8696,0.0000,6.0000,0.0000,9.0000,0.0000,1043.4725,-350.00,50.00,11.4929,0.00,731.9796
32,BYPL,66DSBYPL2023/11/06,0.0000,0.0000,0.0000,0.0000,0.0000,0.0000,0.0000,0.0000,68.2900,0.0000,8.5825,0.0000,0.0000,0.0000,0.0000,0.0000,18.8200,59.0500,23.2400,0.0000,55.0000,0.0000,0.0000,0.0000,101.2000,0.0000,2.5800,0.0000,0.0000,0.0000,0.0000,0.0000,79.3100,0.0000,0.0000,5.0900,0.0000,13.9100,48.6800,319.7800,49.2000,1.9300,8.2400,2.9000,11.1000,24.1400,0.0000,0.0000,0.0000,0.0000,0.0000,0.0000,0.0000,2.5900,0.0000,0.0000,0.0000,0.0000,0.0000,6.4500,0.0000,0.0000,0.0000,0.0000,1.6300,2.3100,0.0000,6.4600,0.0000,0.0000,8.0900,0.0000,5.6300,1.2600,0.0000,0.0000,0.0000,0.0000,0.0000,0.0000,0.0000,0.0000,0.0000,23.7496,0.0000,0.0000,0.0000,0.0000,0.0000,0.0000,0.0000,6.6600,0.0000,0.0000,6.5800,0.0000,12.0000,0.0000,0.0000,0.0000,13.3300,0.0000,0.0000,0.0000,0.0000,2.8696,0.0000,9.6000,0.0000,12.0000,0.0000,1022.2517,-350.00,60.00,11.3057,0.00,720.9460
33,BYPL,66DSBYPL2023/11/06,0.0000,0.0000,0.0000,0.0000,0.0000,0.0000,0.0000,0.0000,68.2900,0.0000,8.5825,0.0000,0.0000,0.0000,0.0000,0.0000,18.8200,57.9700,18.5900,0.0000,48.5862,0.0000,0.0000,0.0000,101.2000,0.0000,3.7100,0.0000,0.0000,0.0000,0.0000,0.0000,79.3100,0.0000,0.0000,5.0900,0.0000,13.9100,48.6800,319.7800,49.2000,1.8600,8.2400,2.8000,11.1000,24.1400,0.0000,0.0000,0.0000,0.0000,0.0000,0.0000,0.0000,1.3000,0.0000,0.0000,0.0000,0.0000,0.0000,6.4500,0.0000,0.0000,0.0000,0.0000,1.6300,2.3100,0.0000,6.4600,0.0000,0.0000,8.0900,0.0000,5.6300,1.2600,0.0000,0.0000,0.0000,0.0000,0.0000,0.0000,0.0000,0.0000,0.0000,23.7497,0.0000,0.0000,0.0000,0.0000,0.0000,0.0000,0.0000,6.6600,0.0000,0.0000,10.0500,0.0000,17.0000,0.0000,0.0000,0.0000,13.3300,0.0000,0.0000,0.0000,0.0000,2.8696,0.0000,15.9000,0.0000,17.0000,0.0000,1029.5480,-300.00,0.00,10.9375,0.00,718.6105
34,BYPL,66DSBYPL2023/11/06,0.0000,0.0000,0.0000,0.0000,0.0000,0.0000,0.0000,0.0000,68.2900,0.0000,8.5825,0.0000,0.0000,0.0000,0.0000,0.0000,18.8200,43.4800,14.1800,0.0000,48.5862,0.0000,0.0000,0.0000,101.2000,0.0000,4.8800,0.0000,0.0000,0.0000,0.0000,0.0000,79.3100,0.0000,0.0000,5.0900,0.0000,13.9100,48.6800,319.7800,49.2000,1.8600,8.2400,2.8000,11.1000,24.1400,0.0000,0.0000,0.0000,0.0000,0.0000,0.0000,0.0000,0.0000,0.0000,0.0000,0.0000,0.0000,0.0000,6.4500,0.0000,0.0000,0.0000,0.0000,1.6300,2.3100,0.0000,3.2300,0.0000,0.0000,8.0900,0.0000,5.6300,1.2600,0.0000,0.0000,0.0000,0.0000,0.0000,0.0000,0.0000,0.0000,0.0000,23.7496,0.0000,0.0000,0.0000,0.0000,0.0000,0.0000,0.0000,6.6600,0.0000,0.0000,13.5700,0.0000,21.5000,0.0000,0.0000,0.0000,13.3300,0.0000,0.0000,0.0000,0.0000,2.8696,0.0000,22.8000,0.0000,21.5000,0.0000,1026.7079,-300.00,-5.00,10.9039,0.00,710.8040
35,BYPL,66DSBYPL2023/11/06,0.0000,0.0000,0.0000,0.0000,0.0000,0.0000,0.0000,0.0000,68.2900,0.0000,8.5825,0.0000,0.0000,0.0000,0.0000,0.0000,18.8200,28.0100,9.3000,0.0000,48.5862,0.0000,0.0000,0.0000,101.2000,0.0000,6.1100,0.0000,0.0000,0.0000,0.0000,0.0000,39.5600,0.0000,0.0000,5.0900,0.0000,17.7800,48.6800,319.7800,49.2000,1.8600,3.8600,2.8000,11.1000,24.1400,0.0000,0.0000,0.0000,0.0000,0.0000,0.0000,0.0000,0.0000,0.0000,0.0000,0.0000,0.0000,0.0000,6.4500,0.0000,0.0000,0.0000,0.0000,1.6300,2.3100,0.0000,3.2300,0.0000,0.0000,4.0400,0.0000,5.6300,1.2600,0.0000,0.0000,0.0000,0.0000,0.0000,0.0000,0.0000,0.0000,0.0000,26.3001,0.0000,0.0000,0.0000,0.0000,0.0000,0.0000,0.0000,6.6600,0.0000,0.0000,17.5500,0.0000,25.0000,0.0000,0.0000,0.0000,13.3300,0.0000,0.0000,0.0000,0.0000,2.8696,0.0000,28.5000,0.0000,25.0000,0.0000,982.5084,-269.15,-7.00,10.7936,0.00,695.5648
36,BYPL,66DSBYPL2023/11/06,0.0000,0.0000,0.0000,0.0000,0.0000,0.0000,0.0000,0.0000,68.2900,0.0000,8.5825,0.0000,0.0000,0.0000,0.0000,0.0000,18.8200,28.0100,4.6500,0.0000,48.5862,0.0000,0.0000,0.0000,101.2000,0.0000,7.2300,0.0000,0.0000,0.0000,0.0000,0.0000,38.6500,0.0000,0.0000,5.0900,0.0000,21.7900,48.6800,319.7800,49.2000,1.8600,3.8600,2.8000,11.1000,24.1400,0.0000,0.0000,0.0000,0.0000,0.0000,0.0000,0.0000,0.0000,0.0000,0.0000,0.0000,0.0000,0.0000,6.4500,0.0000,0.0000,0.0000,0.0000,12.1900,2.3100,0.0000,3.2300,0.0000,0.0000,4.0400,0.0000,5.6300,1.2600,0.0000,0.0000,0.0000,0.0000,0.0000,0.0000,0.0000,0.0000,0.0000,26.3001,0.0000,0.0000,0.0000,0.0000,0.0000,0.0000,0.0000,6.6600,0.0000,0.0000,21.6000,0.0000,27.8000,0.0000,0.0000,0.0000,13.3300,0.0000,0.0000,0.0000,0.0000,2.8696,0.0000,35.7000,0.0000,27.8000,0.0000,1009.4884,-272.05,-32.00,10.9864,0.00,694.4520
37,BYPL,66DSBYPL2023/11/06,0.0000,0.0000,0.0000,0.0000,0.0000,0.0000,0.0000,0.0000,68.2900,0.0000,8.0000,0.0000,0.0000,0.0000,0.0000,0.0000,18.8200,28.0100,4.6500,0.0000,48.5862,0.0000,0.0000,0.0000,101.2000,0.0000,8.3500,0.0000,0.0000,0.0000,0.0000,0.0000,76.0200,0.0000,0.0000,5.0900,0.0000,24.4400,48.6800,319.7800,49.2000,1.8600,3.8600,2.8000,11.1000,24.1400,0.0000,0.0000,0.0000,0.0000,0.0000,0.0000,0.0000,0.0000,0.0000,0.0000,0.0000,0.0000,0.0000,6.4500,0.0000,0.0000,0.0000,0.0000,12.1900,2.3100,0.0000,3.2300,0.0000,0.0000,4.0400,0.0000,5.6300,2.9300,0.0000,0.0000,0.0000,0.0000,0.0000,0.0000,0.0000,0.0000,0.0000,26.2996,0.0000,0.0000,0.0000,0.0000,0.0000,0.0000,0.0000,6.6600,0.0000,0.0000,25.3900,0.0000,30.5000,0.0000,0.0000,0.0000,13.3300,0.0000,0.0000,0.0000,0.0000,2.8696,0.0000,42.0000,0.0000,30.5000,0.0000,1067.2054,-316.47,-32.00,11.5591,0.00,707.1763
38,BYPL,66DSBYPL2023/11/06,0.0000,0.0000,0.0000,0.0000,0.0000,0.0000,0.0000,0.0000,68.2900,0.0000,8.2988,0.0000,0.0000,0.0000,0.0000,0.0000,18.8200,28.0100,4.6500,0.0000,48.5862,0.0000,0.0000,0.0000,101.2000,0.0000,9.4400,0.0000,0.0000,0.0000,0.0000,0.0000,79.3100,0.0000,0.0000,5.0900,0.0000,25.9900,48.6800,319.7800,49.2000,1.8600,3.8600,2.8000,11.1000,24.1400,0.0000,0.0000,0.0000,0.0000,0.0000,0.0000,0.0000,0.0000,0.0000,0.0000,0.0000,0.0000,0.0000,6.4500,0.0000,0.0000,0.0000,0.0000,1.6300,2.3100,0.0000,3.2300,0.0000,0.0000,4.0400,0.0000,5.6300,2.9300,0.0000,0.0000,0.0000,0.0000,0.0000,0.0000,0.0000,0.0000,0.0000,26.2996,0.0000,0.0000,0.0000,0.0000,0.0000,0.0000,0.0000,6.6600,0.0000,0.0000,29.1600,0.0000,33.0000,0.0000,0.0000,0.0000,13.3300,0.0000,0.0000,0.0000,0.0000,2.8696,0.0000,48.0000,0.0000,33.0000,0.0000,1077.6442,-309.71,-17.00,11.6944,0.00,739.2398
39,BYPL,66DSBYPL2023/11/06,0.0000,0.0000,0.0000,0.0000,0.0000,0.0000,0.0000,0.0000,68.2900,0.0000,8.2988,0.0000,0.0000,0.0000,0.0000,0.0000,18.8200,28.0100,4.6500,0.0000,48.5862,0.0000,0.0000,0.0000,101.2000,0.0000,10.4100,0.0000,0.0000,0.0000,0.0000,0.0000,79.3100,0.0000,0.0000,5.0900,0.0000,27.5400,48.6800,319.7800,49.2000,1.8600,3.8600,2.8000,11.1000,24.1400,0.0000,0.0000,0.0000,0.0000,0.0000,0.0000,0.0000,0.0000,0.0000,0.0000,0.0000,0.0000,0.0000,6.4500,0.0000,0.0000,0.0000,0.0000,1.6300,2.3100,0.0000,0.0000,0.0000,0.0000,4.0400,0.0000,5.6300,2.9300,0.0000,0.0000,0.0000,0.0000,0.0000,0.0000,0.0000,0.0000,0.0000,26.2996,0.0000,0.0000,0.0000,0.0000,0.0000,0.0000,0.0000,6.6600,0.0000,0.0000,32.5200,0.0000,36.0000,0.0000,0.0000,0.0000,13.3300,0.0000,0.0000,0.0000,0.0000,2.8696,0.0000,53.4000,0.0000,36.0000,0.0000,1091.6942,-303.91,-12.00,11.8530,0.00,763.9312
40,BYPL,66DSBYPL2023/11/06,0.0000,0.0000,0.0000,0.0000,0.0000,0.0000,0.0000,0.0000,68.2900,0.0000,8.2988,0.0000,0.0000,0.0000,0.0000,0.0000,18.8200,28.0100,4.6500,0.0000,48.5862,0.0000,0.0000,0.0000,101.2000,0.0000,11.2900,0.0000,0.0000,0.0000,0.0000,0.0000,57.9700,0.0000,0.0000,5.0900,0.0000,28.8200,48.6800,319.7800,49.2000,1.8600,3.7300,2.8000,11.1000,24.1400,0.0000,0.0000,0.0000,0.0000,0.0000,0.0000,0.0000,0.0000,0.0000,0.0000,0.0000,0.0000,0.0000,6.4500,0.0000,0.0000,0.0000,0.0000,1.6300,2.3100,0.0000,0.0000,0.0000,0.0000,4.0400,0.0000,5.6300,2.9300,0.0000,0.0000,0.0000,0.0000,0.0000,0.0000,0.0000,0.0000,0.0000,26.2996,0.0000,0.0000,0.0000,0.0000,0.0000,0.0000,0.0000,6.6600,0.0000,0.0000,35.7100,0.0000,35.5000,0.0000,0.0000,0.0000,13.3300,0.0000,0.0000,0.0000,0.0000,2.8696,0.0000,58.5000,0.0000,35.5000,0.0000,1079.6742,-287.44,0.00,11.3790,0.00,780.8552
41,BYPL,66DSBYPL2023/11/06,0.0000,0.0000,0.0000,0.0000,0.0000,0.0000,0.0000,0.0000,68.2900,0.0000,8.2988,0.0000,0.0000,0.0000,0.0000,0.0000,18.8200,28.0100,0.0000,0.0000,48.5862,0.0000,0.0000,0.0000,101.2000,0.0000,12.0700,0.0000,0.0000,0.0000,0.0000,0.0000,56.0100,0.0000,0.0000,5.0900,0.0000,28.9800,48.6800,319.7800,49.2000,1.8600,3.6000,2.8000,11.1000,24.1400,0.0000,0.0000,0.0000,0.0000,0.0000,0.0000,0.0000,0.0000,0.0000,0.0000,0.0000,0.0000,0.0000,6.4500,0.0000,0.0000,0.0000,0.0000,1.6300,2.3100,0.0000,0.0000,0.0000,0.0000,4.0400,0.0000,5.6300,1.2600,0.0000,0.0000,0.0000,0.0000,0.0000,0.0000,0.0000,0.0000,0.0000,26.2996,0.0000,0.0000,0.0000,0.0000,0.0000,0.0000,0.0000,6.6600,0.0000,0.0000,38.7600,0.0000,37.0000,0.0000,0.0000,0.0000,13.3300,0.0000,0.0000,0.0000,0.0000,2.8696,0.0000,58.5000,0.0000,37.0000,0.0000,1078.2542,-274.88,0.00,11.4660,0.00,791.9082
42,BYPL,66DSBYPL2023/11/06,0.0000,0.0000,0.0000,0.0000,0.0000,0.0000,0.0000,0.0000,68.2900,0.0000,8.2988,0.0000,0.0000,0.0000,0.0000,0.0000,18.8200,28.0100,0.0000,0.0000,48.5862,0.0000,0.0000,0.0000,101.2000,0.0000,12.7600,0.0000,0.0000,0.0000,0.0000,0.0000,56.0100,0.0000,0.0000,5.0900,0.0000,28.9800,48.6800,319.7800,49.2000,1.8600,3.6000,2.8000,11.1000,24.1400,0.0000,0.0000,0.0000,0.0000,0.0000,0.0000,0.0000,0.0000,0.0000,0.0000,0.0000,0.0000,0.0000,6.4500,0.0000,0.0000,0.0000,0.0000,1.6300,2.3100,0.0000,0.0000,0.0000,0.0000,4.0400,0.0000,5.6300,1.2600,0.0000,0.0000,0.0000,0.0000,0.0000,0.0000,0.0000,0.0000,0.0000,26.2996,0.0000,0.0000,0.0000,0.0000,0.0000,0.0000,0.0000,6.6600,0.0000,0.0000,41.6200,0.0000,40.0000,0.0000,0.0000,0.0000,13.3300,0.0000,0.0000,0.0000,0.0000,2.8696,0.0000,60.0000,0.0000,40.0000,0.0000,1089.3042,-278.74,0.00,11.5206,0.00,799.0436
43,BYPL,66DSBYPL2023/11/06,0.0000,0.0000,0.0000,0.0000,0.0000,0.0000,0.0000,0.0000,68.2900,0.0000,8.2988,0.0000,0.0000,0.0000,0.0000,0.0000,18.8200,28.0100,0.0000,0.0000,48.5862,0.0000,0.0000,0.0000,101.2000,0.0000,13.4100,0.0000,0.0000,0.0000,0.0000,0.0000,79.3100,0.0000,0.0000,5.0900,0.0000,28.9800,48.6800,319.7800,49.2000,1.8600,8.2400,2.8000,11.1000,24.1400,0.0000,0.0000,0.0000,0.0000,0.0000,0.0000,0.0000,0.0000,0.0000,0.0000,0.0000,0.0000,0.0000,6.4500,0.2200,0.0000,0.0000,0.0000,1.6300,2.3100,0.0000,0.0000,0.0000,0.0000,4.0400,0.0000,5.6300,1.2600,0.0000,0.0000,0.0000,0.0000,0.0000,0.0000,0.0000,0.0000,0.0000,26.2996,0.0000,0.0000,0.0000,0.0000,0.0000,0.0000,0.0000,6.6600,0.0000,0.0000,44.1700,0.0000,41.0000,0.0000,0.0000,0.0000,13.0000,0.0000,0.0000,0.0000,0.0000,2.8696,0.0000,72.0000,0.0000,41.0000,0.0000,1134.3342,-310.00,0.00,11.7988,0.00,812.5354
44,BYPL,66DSBYPL2023/11/06,0.0000,0.0000,0.0000,0.0000,0.0000,0.0000,0.0000,0.0000,68.2900,0.0000,8.2988,0.0000,0.0000,0.0000,0.0000,0.0000,18.8200,28.0100,0.0000,0.0000,48.5862,0.0000,0.0000,0.0000,101.2000,0.0000,13.8700,0.0000,0.0000,0.0000,0.0000,0.0000,79.3100,0.0000,0.0000,5.0900,0.0000,28.9800,48.6800,319.7800,49.2000,1.8600,8.2400,2.8000,11.1000,24.1400,0.0000,0.0000,0.0000,0.0000,0.0000,0.0000,0.0000,0.0000,0.0000,0.0000,0.0000,0.0000,0.0000,6.4500,0.2200,0.0000,0.0000,0.0000,1.6300,2.9700,0.0000,0.0000,0.0000,0.0000,4.0400,0.0000,5.6300,1.2600,0.0000,0.0000,0.0000,0.0000,0.0000,0.0000,0.0000,0.0000,0.0000,26.2996,0.0000,0.0000,0.0000,0.0000,0.0000,0.0000,0.0000,6.6600,0.0000,0.0000,46.0000,0.0000,41.5000,0.0000,0.0000,0.0000,13.0000,0.0000,0.0000,0.0000,0.0000,2.8696,0.0000,73.5000,0.0000,41.5000,0.0000,1139.7842,-310.00,0.00,11.8408,0.00,817.9434
45,BYPL,66DSBYPL2023/11/06,0.0000,0.0000,0.0000,0.0000,0.0000,0.0000,0.0000,0.0000,68.2900,0.0000,8.2988,0.0000,0.0000,0.0000,0.0000,0.0000,18.8200,28.0100,0.0000,0.0000,48.5862,0.0000,0.0000,0.0000,101.2000,0.0000,13.8700,0.0000,0.0000,0.0000,0.0000,0.0000,79.3100,0.0000,0.0000,5.0900,0.0000,28.9800,48.6800,319.7800,49.2000,1.8600,8.2400,2.8000,11.1000,24.1400,0.0000,0.0000,0.0000,0.0000,0.0000,0.0000,0.0000,0.0000,0.0000,0.0000,0.0000,0.0000,0.0000,6.4500,0.2200,0.0000,0.0000,0.0000,12.1900,6.0800,0.0000,0.0000,0.0000,0.0000,4.0400,0.0000,5.6300,1.2600,0.0000,0.0000,0.0000,0.0000,0.0000,0.0000,0.0000,0.0000,0.0000,26.2996,0.0000,0.0000,0.0000,0.0000,0.0000,0.0000,0.0000,6.6600,0.0000,0.0000,46.0000,0.0000,42.0000,0.0000,0.0000,0.0000,13.0000,0.0000,0.0000,0.0000,0.0000,2.8696,0.0000,75.0000,0.0000,42.0000,0.0000,1155.9542,-324.88,0.00,12.5236,0.00,818.5506
46,BYPL,66DSBYPL2023/11/06,0.0000,0.0000,0.0000,0.0000,0.0000,0.0000,0.0000,0.0000,68.2900,0.0000,8.2988,0.0000,0.0000,0.0000,0.0000,0.0000,18.8200,28.0100,0.0000,0.0000,48.5862,0.0000,0.0000,0.0000,101.2000,0.0000,13.8700,0.0000,0.0000,0.0000,0.0000,0.0000,79.3100,0.0000,0.0000,5.0900,0.0000,28.9800,48.6800,319.7800,49.2000,1.8600,8.2400,2.8000,11.1000,24.1400,0.0000,0.0000,0.0000,0.0000,0.0000,0.0000,0.0000,0.0000,0.0000,0.0000,0.0000,0.0000,0.0000,6.4500,0.2200,0.0000,0.0000,0.0000,12.1900,6.0800,0.0000,0.0000,0.0000,0.0000,4.0400,0.0000,5.6300,1.2600,0.0000,0.0000,0.0000,0.0000,0.0000,0.0000,0.0000,0.0000,0.0000,26.2996,0.0000,0.0000,0.0000,0.0000,0.0000,0.0000,0.0000,6.6600,0.0000,0.0000,46.0000,0.0000,44.0000,0.0000,0.0000,0.0000,13.0000,0.0000,0.0000,0.0000,0.0000,2.8696,0.0000,76.5000,0.0000,44.0000,0.0000,1161.4542,-323.91,0.00,12.5779,0.00,824.9663
47,BYPL,66DSBYPL2023/11/06,0.0000,0.0000,0.0000,0.0000,0.0000,0.0000,0.0000,0.0000,68.2900,0.0000,8.0000,0.0000,0.0000,0.0000,0.0000,0.0000,18.8200,28.0100,0.0000,0.0000,48.5862,0.0000,0.0000,0.0000,101.2000,0.0000,13.8700,0.0000,0.0000,0.0000,0.0000,0.0000,79.3100,0.0000,0.0000,5.0900,0.0000,28.9800,48.6800,319.7800,49.2000,1.8600,8.2400,2.8000,11.1000,24.1400,0.0000,0.0000,0.0000,0.0000,0.0000,0.0000,0.0000,0.0000,0.0000,0.0000,0.0000,0.0000,0.0000,6.4500,0.1400,0.0000,0.0000,0.0000,1.6300,6.0800,0.0000,0.0000,0.0000,0.0000,4.0400,0.0000,5.6300,1.2600,0.0000,0.0000,0.0000,0.0000,0.0000,0.0000,0.0000,0.0000,0.0000,26.2996,0.0000,0.0000,0.0000,0.0000,0.0000,0.0000,0.0000,6.6600,0.0000,0.0000,46.0000,0.0000,44.0000,0.0000,0.0000,0.0000,13.0000,0.0000,0.0000,0.0000,0.0000,2.8696,0.0000,78.0000,0.0000,44.0000,0.0000,1152.0154,-309.42,0.00,12.6204,0.00,829.9750
48,BYPL,66DSBYPL2023/11/06,0.0000,0.0000,0.0000,0.0000,0.0000,0.0000,0.0000,0.0000,68.2900,0.0000,8.0000,0.0000,0.0000,0.0000,0.0000,0.0000,18.8200,28.0100,0.0000,0.0000,48.5862,0.0000,0.0000,0.0000,101.2000,0.0000,13.8700,0.0000,0.0000,0.0000,0.0000,0.0000,79.3100,0.0000,0.0000,5.0900,0.0000,28.9800,48.6800,319.7800,49.2000,1.8600,8.2400,2.8000,11.1000,24.1400,0.0000,0.0000,0.0000,0.0000,0.0000,0.0000,0.0000,0.0000,0.0000,0.0000,0.0000,0.0000,0.0000,6.4500,0.1400,0.0000,0.0000,0.0000,1.6300,6.0800,0.0000,0.0000,0.0000,0.0000,4.0400,0.0000,5.6300,1.2600,0.0000,0.0000,0.0000,0.0000,0.0000,0.0000,0.0000,0.0000,0.0000,26.2996,0.0000,0.0000,0.0000,0.0000,0.0000,0.0000,0.0000,6.6600,0.0000,0.0000,46.0000,0.0000,44.0000,0.0000,0.0000,0.0000,13.0000,0.0000,0.0000,0.0000,0.0000,2.8696,0.0000,79.5000,0.0000,44.0000,0.0000,1153.5154,-307.49,0.00,12.6492,0.00,833.3762
49,BYPL,66DSBYPL2023/11/06,0.0000,0.0000,0.0000,0.0000,0.0000,0.0000,0.0000,0.0000,68.2900,0.0000,8.0000,0.0000,0.0000,0.0000,0.0000,0.0000,18.8200,28.0100,0.0000,0.0000,48.5862,0.0000,0.0000,0.0000,101.2000,0.0000,13.8700,0.0000,0.0000,0.0000,0.0000,0.0000,79.3100,0.0000,0.0000,5.0900,0.0000,28.9800,48.6800,319.7800,49.2000,1.8600,8.2400,2.8000,11.1000,24.1400,0.0000,0.0000,0.0000,0.0000,0.0000,0.0000,0.0000,0.0000,0.0000,0.0000,0.0000,0.0000,0.0000,6.4500,0.1400,0.0000,0.0000,0.0000,1.6300,6.0800,0.0000,0.0000,0.0000,0.0000,4.0400,0.0000,5.6300,1.2600,0.0000,0.0000,0.0000,0.0000,0.0000,0.0000,0.0000,0.0000,0.0000,26.2996,0.0000,0.0000,0.0000,0.0000,0.0000,0.0000,0.0000,6.6600,0.0000,0.0000,46.0000,0.0000,44.0000,0.0000,0.0000,0.0000,13.0000,0.0000,0.0000,0.0000,0.0000,2.8696,0.0000,81.0000,0.0000,44.0000,0.0000,1155.0154,-328.74,0.00,12.4833,0.00,813.7921
50,BYPL,66DSBYPL2023/11/06,0.0000,0.0000,0.0000,0.0000,0.0000,0.0000,0.0000,0.0000,68.2900,0.0000,8.0000,0.0000,0.0000,0.0000,0.0000,0.0000,18.8200,28.0100,0.0000,0.0000,48.5862,0.0000,0.0000,0.0000,101.2000,0.0000,13.8700,0.0000,0.0000,0.0000,0.0000,0.0000,79.3100,0.0000,0.0000,5.0900,0.0000,28.9800,48.6800,319.7800,49.2000,1.8600,8.2400,2.8000,11.1000,24.1400,0.0000,0.0000,0.0000,0.0000,0.0000,0.0000,0.0000,0.0000,0.0000,0.0000,0.0000,0.0000,0.0000,6.4500,0.1400,0.0000,0.0000,0.0000,1.6300,6.0800,0.0000,0.0000,0.0000,0.0000,4.0400,0.0000,5.6300,1.2600,0.0000,0.0000,0.0000,0.0000,0.0000,0.0000,0.0000,0.0000,0.0000,26.2996,0.0000,0.0000,0.0000,0.0000,0.0000,0.0000,0.0000,6.6600,0.0000,0.0000,46.0000,0.0000,43.0000,0.0000,0.0000,0.0000,13.0000,0.0000,0.0000,0.0000,0.0000,2.8696,0.0000,81.0000,0.0000,43.0000,0.0000,1153.0154,-323.91,0.00,12.5071,0.00,816.5983
51,BYPL,66DSBYPL2023/11/06,0.0000,0.0000,0.0000,0.0000,0.0000,0.0000,0.0000,0.0000,68.2900,0.0000,8.0000,0.0000,0.0000,0.0000,0.0000,0.0000,18.8200,28.0100,0.0000,0.0000,48.5862,0.0000,0.0000,0.0000,101.2000,0.0000,13.8700,0.0000,0.0000,0.0000,0.0000,0.0000,79.3100,0.0000,0.0000,5.0900,0.0000,28.9800,48.6800,319.7800,49.2000,1.8600,8.2400,2.8000,11.1000,24.1400,0.0000,0.0000,0.0000,0.0000,0.0000,0.0000,0.0000,0.0000,0.0000,0.0000,0.0000,0.0000,0.0000,6.4500,0.1400,0.0000,0.0000,0.0000,1.6300,6.0800,0.0000,0.0000,0.0000,0.0000,4.0400,0.0000,5.6300,1.2600,0.0000,0.0000,0.0000,0.0000,0.0000,0.0000,0.0000,0.0000,0.0000,26.2996,0.0000,0.0000,0.0000,0.0000,0.0000,0.0000,0.0000,6.6600,0.0000,0.0000,46.0000,0.0000,43.0000,0.0000,0.0000,0.0000,13.0000,0.0000,0.0000,0.0000,0.0000,2.8696,0.0000,81.0000,0.0000,43.0000,0.0000,1153.0154,-327.78,0.00,12.4746,0.00,812.7608
52,BYPL,66DSBYPL2023/11/06,0.0000,0.0000,0.0000,0.0000,0.0000,0.0000,0.0000,0.0000,68.2900,0.0000,8.0000,0.0000,0.0000,0.0000,0.0000,0.0000,18.8200,28.0100,0.0000,0.0000,48.5862,0.0000,0.0000,0.0000,101.2000,0.0000,13.8700,0.0000,0.0000,0.0000,0.0000,0.0000,79.3100,0.0000,0.0000,5.0900,0.0000,28.9800,48.6800,319.7800,49.2000,1.8600,8.2400,2.8000,11.1000,24.1400,0.0000,0.0000,0.0000,0.0000,0.0000,0.0000,0.0000,0.0000,0.0000,0.0000,0.0000,0.0000,0.0000,6.4500,0.1400,0.0000,0.0000,0.0000,1.6300,6.0800,0.0000,0.0000,0.0000,0.0000,4.0400,0.0000,5.6300,1.2600,0.0000,0.0000,0.0000,0.0000,0.0000,0.0000,0.0000,0.0000,0.0000,26.2996,0.0000,0.0000,0.0000,0.0000,0.0000,0.0000,0.0000,6.6600,0.0000,0.0000,46.0000,0.0000,43.0000,0.0000,0.0000,0.0000,13.0000,0.0000,0.0000,0.0000,0.0000,2.8696,0.0000,81.0000,0.0000,43.0000,0.0000,1153.0154,-334.54,0.00,12.4178,0.00,806.0576
53,BYPL,66DSBYPL2023/11/06,0.0000,0.0000,0.0000,0.0000,0.0000,0.0000,0.0000,0.0000,68.2900,0.0000,8.0000,0.0000,0.0000,0.0000,0.0000,0.0000,18.8200,28.0100,0.0000,0.0000,48.5862,0.0000,0.0000,0.0000,101.2000,0.0000,13.8700,0.0000,0.0000,0.0000,0.0000,0.0000,76.6200,0.0000,0.0000,5.0900,0.0000,28.9800,48.6800,319.7800,49.2000,1.8600,8.4100,2.8000,11.1000,24.1400,0.0000,0.0000,0.0000,0.0000,0.0000,0.0000,0.0000,0.0000,0.0000,0.0000,0.0000,0.0000,0.0000,6.4500,0.1400,0.0000,0.0000,0.0000,2.1700,2.8100,0.0000,0.0000,0.0000,0.0000,4.0400,0.0000,5.6300,1.2600,0.0000,0.0000,0.0000,0.0000,0.0000,0.0000,0.0000,0.0000,0.0000,26.2996,0.0000,0.0000,0.0000,0.0000,0.0000,0.0000,0.0000,6.6600,0.0000,0.0000,46.0000,0.0000,43.0000,0.0000,0.0000,0.0000,13.0000,0.0000,0.0000,0.0000,0.0000,2.8696,0.0000,81.0000,0.0000,43.0000,0.0000,1147.7654,-350.00,0.00,12.2438,0.00,785.5216
54,BYPL,66DSBYPL2023/11/06,0.0000,0.0000,0.0000,0.0000,0.0000,0.0000,0.0000,0.0000,68.2900,0.0000,8.0000,0.0000,0.0000,0.0000,0.0000,0.0000,18.8200,28.0100,0.0000,0.0000,48.5862,0.0000,0.0000,0.0000,101.2000,0.0000,13.8700,0.0000,0.0000,0.0000,0.0000,0.0000,59.9100,0.0000,0.0000,5.0900,0.0000,28.9800,48.6800,319.7800,49.2000,1.8600,8.2400,2.8000,11.1000,24.1400,0.0000,0.0000,0.0000,0.0000,0.0000,0.0000,0.0000,0.0000,0.0000,0.0000,0.0000,0.0000,0.0000,6.4500,0.1400,0.0000,0.0000,0.0000,2.1700,2.3100,0.0000,0.0000,0.0000,0.0000,4.0400,0.0000,5.6300,1.2600,0.0000,0.0000,0.0000,0.0000,0.0000,0.0000,0.0000,0.0000,0.0000,26.2996,0.0000,0.0000,0.0000,0.0000,0.0000,0.0000,0.0000,6.6600,0.0000,0.0000,46.0000,0.0000,43.0000,0.0000,0.0000,0.0000,13.0000,0.0000,0.0000,0.0000,0.0000,2.8696,0.0000,81.0000,0.0000,43.0000,0.0000,1130.3854,-350.00,0.00,12.0978,0.00,768.2876
55,BYPL,66DSBYPL2023/11/06,0.0000,0.0000,0.0000,0.0000,0.0000,0.0000,0.0000,0.0000,68.2900,0.0000,8.0000,0.0000,0.0000,0.0000,0.0000,0.0000,18.8200,28.0100,0.0000,0.0000,48.5862,0.0000,0.0000,0.0000,101.2000,0.0000,13.4400,0.0000,0.0000,0.0000,0.0000,0.0000,59.9100,0.0000,0.0000,5.0900,0.0000,28.9800,48.6800,319.7800,49.2000,1.8600,8.2400,2.8000,11.1000,24.1400,0.0000,0.0000,0.0000,0.0000,0.0000,0.0000,0.0000,0.0000,0.0000,0.0000,0.0000,0.0000,0.0000,6.4500,0.1400,0.0000,0.0000,0.0000,2.1700,2.3100,0.0000,0.0000,0.0000,0.0000,4.0400,0.0000,5.6300,1.2600,0.0000,0.0000,0.0000,0.0000,0.0000,0.0000,0.0000,0.0000,0.0000,26.2996,0.0000,0.0000,0.0000,0.0000,0.0000,0.0000,0.0000,6.6600,0.0000,0.0000,46.0000,0.0000,41.0000,0.0000,0.0000,0.0000,13.0000,0.0000,0.0000,0.0000,0.0000,2.8696,0.0000,78.0000,0.0000,41.0000,0.0000,1122.9554,-350.00,0.00,12.0390,0.00,760.9164
56,BYPL,66DSBYPL2023/11/06,0.0000,0.0000,0.0000,0.0000,0.0000,0.0000,0.0000,0.0000,68.2900,0.0000,8.0000,0.0000,0.0000,0.0000,0.0000,0.0000,18.8200,28.0100,0.0000,0.0000,48.5862,0.0000,0.0000,0.0000,101.2000,0.0000,12.9400,0.0000,0.0000,0.0000,0.0000,0.0000,66.6700,0.0000,0.0000,4.5400,0.0000,28.9800,48.6800,319.7800,49.2000,1.8600,8.2400,2.8000,11.1000,24.1400,0.0000,0.0000,0.0000,0.0000,0.0000,0.0000,0.0000,0.0000,0.0000,0.0000,0.0000,0.0000,0.0000,6.4500,0.1400,0.0000,0.0000,0.0000,2.1700,2.3100,0.0000,0.0000,0.0000,0.0000,4.0400,0.0000,5.6300,1.2600,0.0000,0.0000,0.0000,0.0000,0.0000,0.0000,0.0000,0.0000,0.0000,26.2996,0.0000,0.0000,0.0000,0.0000,0.0000,0.0000,0.0000,6.6600,0.0000,0.0000,46.0000,0.0000,40.0000,0.0000,0.0000,0.0000,13.0000,0.0000,0.0000,0.0000,0.0000,2.8696,0.0000,74.4000,0.0000,40.0000,0.0000,1123.0654,-350.00,0.00,12.0441,0.00,761.0213
57,BYPL,66DSBYPL2023/11/06,0.0000,0.0000,0.0000,0.0000,0.0000,0.0000,0.0000,0.0000,68.2900,0.0000,8.0000,0.0000,0.0000,0.0000,0.0000,0.0000,18.8200,28.0100,0.0000,0.0000,48.5862,0.0000,0.0000,0.0000,101.2000,0.0000,12.4600,0.0000,0.0000,0.0000,0.0000,0.0000,72.0000,0.0000,0.0000,5.0900,0.0000,28.9800,48.6800,319.7800,49.2000,1.8600,8.2400,2.8000,11.1000,24.1400,0.0000,0.0000,0.0000,0.0000,0.0000,0.0000,0.0000,0.0000,0.0000,0.0000,0.0000,0.0000,0.0000,6.4500,0.2900,0.0000,0.0000,0.0000,2.1700,2.3100,0.0000,0.0000,0.0000,0.0000,4.0400,0.0000,5.6300,1.2600,0.0000,0.0000,0.0000,0.0000,0.0000,0.0000,0.0000,0.0000,0.0000,26.2996,0.0000,0.0000,0.0000,0.0000,0.0000,0.0000,0.0000,6.6600,0.0000,0.0000,45.3400,0.0000,37.0000,0.0000,0.0000,0.0000,13.0000,0.0000,0.0000,0.0000,0.0000,2.8696,0.0000,70.5000,0.0000,37.0000,0.0000,1118.0554,-336.47,0.00,12.1197,0.00,769.4657
58,BYPL,66DSBYPL2023/11/06,0.0000,0.0000,0.0000,0.0000,0.0000,0.0000,0.0000,0.0000,68.2900,0.0000,8.0000,0.0000,0.0000,0.0000,0.0000,0.0000,18.8200,28.0100,0.0000,0.0000,48.5862,0.0000,0.0000,0.0000,101.2000,0.0000,11.9600,0.0000,0.0000,0.0000,0.0000,0.0000,79.3100,0.0000,0.0000,5.0900,0.0000,28.9800,48.6800,319.7800,49.2000,1.8600,8.2400,2.8000,11.1000,24.1400,0.0000,0.0000,0.0000,0.0000,0.0000,0.0000,0.0000,0.0000,0.0000,0.0000,0.0000,0.0000,0.0000,6.4500,0.2900,0.0000,0.0000,0.0000,2.1700,2.3100,0.0000,0.0000,0.0000,0.0000,4.0400,0.0000,3.1400,1.2600,0.0000,0.0000,0.0000,0.0000,0.0000,0.0000,0.0000,0.0000,0.0000,26.2996,0.0000,0.0000,0.0000,0.0000,0.0000,0.0000,0.0000,6.6600,0.0000,0.0000,43.3800,0.0000,35.0000,0.0000,0.0000,0.0000,13.0000,0.0000,0.0000,0.0000,0.0000,2.8696,0.0000,67.5000,0.0000,35.0000,0.0000,1113.4154,-323.91,0.00,12.1905,0.00,777.3149
59,BYPL,66DSBYPL2023/11/06,0.0000,0.0000,0.0000,0.0000,0.0000,0.0000,0.0000,0.0000,68.2900,0.0000,8.0000,0.0000,0.0000,0.0000,0.0000,0.0000,18.8200,28.0100,0.0000,0.0000,48.5862,0.0000,0.0000,0.0000,101.2000,0.0000,11.2300,0.0000,0.0000,0.0000,0.0000,0.0000,79.3100,0.0000,0.0000,5.0900,0.0000,13.9100,48.6800,319.7800,49.2000,1.8600,8.2400,2.8000,11.1000,24.1400,0.0000,0.0000,0.0000,0.0000,0.0000,0.0000,0.0000,0.0000,0.0000,0.0000,0.0000,0.0000,0.0000,6.4500,0.2200,0.0000,0.0000,0.0000,1.6300,1.3200,0.0000,0.0000,0.0000,0.0000,4.0400,0.0000,3.1400,1.2600,1.6000,0.0000,0.0000,0.0000,0.0000,0.0000,0.0000,0.0000,0.0000,26.2996,0.0000,0.0000,0.0000,0.0000,0.0000,0.0000,0.0000,6.6600,0.0000,0.0000,40.4900,0.0000,34.0000,0.0000,0.0000,0.0000,13.3300,0.0000,0.0000,0.0000,0.0000,2.8696,0.0000,62.1000,0.0000,34.0000,0.0000,1087.6554,-315.22,0.00,12.0532,0.00,760.3822
60,BYPL,66DSBYPL2023/11/06,0.0000,0.0000,0.0000,0.0000,0.0000,0.0000,0.0000,0.0000,68.2900,0.0000,8.0000,0.0000,0.0000,0.0000,0.0000,0.0000,18.8200,28.0100,5.1100,0.0000,48.5862,0.0000,0.0000,0.0000,101.2000,0.0000,10.5900,0.0000,0.0000,0.0000,0.0000,0.0000,79.3100,0.0000,0.0000,5.0900,0.0000,13.9100,48.6800,319.7800,49.2000,1.8600,8.2400,2.8000,11.1000,24.1400,0.0000,0.0000,0.0000,0.0000,0.0000,0.0000,0.0000,0.0000,0.0000,0.0000,0.0000,0.0000,0.0000,6.4500,0.2200,0.0000,0.0000,0.0000,1.6300,1.3200,0.0000,0.0000,0.0000,0.0000,4.0400,0.0000,3.1400,1.2600,1.6000,0.0000,0.0000,0.0000,0.0000,0.0000,0.0000,0.0000,0.0000,26.2996,0.0000,0.0000,0.0000,0.0000,0.0000,0.0000,0.0000,6.6600,0.0000,0.0000,38.0000,0.0000,31.0000,0.0000,0.0000,0.0000,13.3300,0.0000,0.0000,0.0000,0.0000,2.8696,0.0000,56.1000,0.0000,31.0000,0.0000,1077.6354,-302.66,0.00,12.0799,0.00,762.8955
61,BYPL,66DSBYPL2023/11/06,0.0000,0.0000,0.0000,0.0000,0.0000,0.0000,0.0000,0.0000,68.2900,0.0000,8.0000,0.0000,0.0000,0.0000,0.0000,0.0000,18.8200,63.0200,5.1100,0.0000,48.5862,0.0000,0.0000,0.0000,101.2000,0.0000,9.7600,0.0000,0.0000,0.0000,0.0000,0.0000,75.2700,0.0000,0.0000,5.0900,0.0000,13.9100,48.6800,319.7800,49.2000,1.8600,5.8700,2.7600,11.1000,24.1400,0.0000,0.0000,0.0000,0.0000,0.0000,0.0000,0.0000,0.0000,0.0000,0.0000,0.0000,0.0000,0.0000,6.4500,0.2200,0.0000,0.0000,0.0000,1.6300,1.3200,0.0000,0.0000,0.0000,0.0000,4.0400,0.0000,3.1400,1.2600,1.6000,0.0000,0.0000,0.0000,0.0000,0.0000,0.0000,0.0000,0.0000,26.2997,0.0000,0.0000,0.0000,0.0000,0.0000,0.0000,0.0000,6.6600,0.0000,0.0000,34.4900,0.0000,28.0000,0.0000,0.0000,0.0000,13.3300,0.0000,0.0000,0.0000,0.0000,2.8696,0.0000,51.9000,0.0000,28.0000,0.0000,1091.6555,-311.36,0.00,12.1316,0.00,768.1639
62,BYPL,66DSBYPL2023/11/06,0.0000,0.0000,0.0000,0.0000,0.0000,0.0000,0.0000,0.0000,68.2900,0.0000,8.0000,0.0000,0.0000,0.0000,0.0000,0.0000,18.8200,63.0300,5.1100,0.0000,48.5862,0.0000,0.0000,0.0000,101.2000,0.0000,8.9800,0.0000,0.0000,0.0000,0.0000,0.0000,79.3100,0.0000,0.0000,5.0900,0.0000,13.9100,48.6800,319.7800,49.2000,1.8600,7.3200,2.8000,11.1000,24.1400,0.0000,0.0000,0.0000,0.0000,0.0000,0.0000,0.0000,0.0000,0.0000,0.0000,0.0000,0.0000,0.0000,6.4500,0.2200,0.0000,0.0000,0.0000,1.6300,1.3200,0.0000,0.0000,0.0000,0.0000,4.0400,0.0000,3.1400,1.2600,0.0000,0.0000,0.0000,0.0000,0.0000,0.0000,0.0000,0.0000,0.0000,26.2997,0.0000,0.0000,0.0000,0.0000,0.0000,0.0000,0.0000,6.6600,0.0000,0.0000,31.5100,0.0000,26.0000,0.0000,0.0000,0.0000,13.3300,0.0000,0.0000,0.0000,0.0000,2.8696,0.0000,45.6000,0.0000,26.0000,0.0000,1081.5355,-306.53,0.00,12.0937,0.00,762.9118
63,BYPL,66DSBYPL2023/11/06,0.0000,0.0000,0.0000,0.0000,0.0000,0.0000,0.0000,0.0000,68.2900,0.0000,8.0000,0.0000,0.0000,0.0000,0.0000,0.0000,18.8200,63.0200,5.1100,0.0000,48.5862,0.0000,0.0000,0.0000,101.2000,0.0000,7.6800,0.0000,0.0000,0.0000,0.0000,0.0000,79.3100,0.0000,0.0000,5.0900,0.0000,13.9100,48.6800,319.7800,49.2000,1.8600,8.2400,2.8000,11.1000,24.1400,0.0000,0.0000,0.0000,0.0000,0.0000,0.0000,0.0000,0.0000,0.0000,0.0000,0.0000,0.0000,0.0000,6.4500,0.2200,0.0000,0.0000,0.0000,1.6300,1.3200,0.0000,0.0000,0.0000,0.0000,4.0400,0.0000,3.1400,1.2600,0.0000,0.0000,0.0000,0.0000,0.0000,0.0000,0.0000,0.0000,0.0000,26.2997,0.0000,0.0000,0.0000,0.0000,0.0000,0.0000,0.0000,6.6600,0.0000,0.0000,27.9000,0.0000,21.0000,0.0000,0.0000,0.0000,13.3300,0.0000,0.0000,0.0000,0.0000,2.8696,0.0000,39.0000,0.0000,21.0000,0.0000,1060.9355,-287.20,0.00,12.0939,0.00,761.6416
64,BYPL,66DSBYPL2023/11/06,0.0000,0.0000,0.0000,0.0000,0.0000,0.0000,0.0000,0.0000,68.2900,0.0000,8.0000,0.0000,0.0000,0.0000,0.0000,0.0000,18.8200,63.0200,5.1100,0.0000,48.5862,0.0000,0.0000,0.0000,101.2000,0.0000,6.6000,0.0000,0.0000,0.0000,0.0000,0.0000,79.3100,0.0000,0.0000,5.0900,0.0000,13.9100,48.6800,319.7800,49.2000,1.8600,8.2400,2.8000,11.1000,24.1400,0.0000,0.0000,0.0000,0.0000,0.0000,0.0000,0.0000,0.0000,0.0000,0.0000,0.0000,0.0000,0.0000,6.4500,0.2200,0.0000,0.0000,0.0000,1.6300,1.3200,0.0000,0.0000,0.0000,0.0000,4.0400,0.0000,2.8200,1.2600,0.0000,0.0000,0.0000,0.0000,0.0000,0.0000,0.0000,0.0000,0.0000,26.2997,0.0000,0.0000,0.0000,0.0000,0.0000,0.0000,0.0000,6.6600,0.0000,0.0000,24.5900,0.0000,19.0000,0.0000,0.0000,0.0000,13.3300,0.0000,0.0000,0.0000,0.0000,2.8696,0.0000,33.0000,0.0000,19.0000,0.0000,1046.2255,-272.71,0.00,12.1012,0.00,761.4143
65,BYPL,66DSBYPL2023/11/06,0.0000,0.0000,0.0000,0.0000,0.0000,0.0000,0.0000,0.0000,68.2900,0.0000,8.0000,0.0000,0.0000,0.0000,0.0000,0.0000,18.8200,63.0300,5.1100,0.0000,48.5862,0.0000,0.0000,0.0000,101.2000,0.0000,5.6500,0.0000,0.0000,0.0000,0.0000,0.0000,79.3100,0.0000,0.0000,5.0900,0.0000,13.9100,48.6800,319.7800,49.2000,5.0400,8.2400,6.4700,11.1000,24.1400,0.0000,0.0000,0.0000,0.0000,0.0000,0.0000,0.0000,0.0000,0.0000,0.0000,0.0000,0.0000,0.0000,6.4500,0.2200,0.0000,0.0000,0.0000,2.1700,1.3200,0.0000,0.0000,0.0000,0.0000,4.0400,0.0000,2.8200,1.2600,0.0000,0.0000,0.0000,0.0000,0.0000,0.0000,0.0000,0.0000,0.0000,26.3003,0.0000,0.0000,0.0000,0.0000,0.0000,0.0000,0.0000,6.6600,0.0000,0.0000,20.5600,0.0000,15.5000,0.0000,0.0000,0.0000,10.7200,0.0000,0.0000,0.0000,0.0000,2.8696,0.0000,27.0000,0.0000,15.5000,0.0000,1033.0361,-268.55,0.00,12.3693,0.00,752.1168
66,BYPL,66DSBYPL2023/11/06,0.0000,0.0000,0.0000,0.0000,0.0000,0.0000,0.0000,0.0000,68.2900,0.0000,8.0000,0.0000,0.0000,0.0000,0.0000,0.0000,18.8200,63.0200,10.4600,0.0000,45.9305,0.0000,0.0000,0.0000,101.2000,0.0000,4.6800,0.0000,0.0000,0.0000,0.0000,0.0000,79.3100,0.0000,0.0000,5.0900,0.0000,13.9100,48.6800,319.7800,49.2000,5.0400,8.2400,6.4700,11.1000,24.1400,0.0000,0.0000,0.0000,0.0000,0.0000,0.0000,0.0000,0.0000,0.0000,0.0000,0.0000,0.0000,0.0000,6.4500,0.2200,0.0000,0.0000,0.0000,2.1700,1.3200,0.0000,0.0000,0.0000,0.0000,4.0400,0.0000,2.8200,1.2600,0.0000,0.0000,0.0000,0.0000,0.0000,0.0000,0.0000,0.0000,0.0000,26.0800,0.0000,0.0000,0.0000,0.0000,0.0000,0.0000,0.0000,6.6600,0.0000,0.0000,16.6200,0.0000,11.5000,0.0000,0.0000,0.0000,10.7200,0.0000,0.0000,0.0000,0.0000,2.8696,0.0000,21.0000,0.0000,11.5000,0.0000,1016.5901,-255.92,0.00,12.3136,0.00,748.3565
67,BYPL,66DSBYPL2023/11/06,0.0000,0.0000,0.0000,0.0000,0.0000,0.0000,0.0000,0.0000,68.2900,0.0000,8.0000,0.0000,0.0000,0.0000,0.0000,0.0000,18.8200,63.0200,10.4600,0.0000,57.6000,0.0000,0.0000,0.0000,101.2000,0.0000,3.5300,0.0000,0.0000,0.0000,0.0000,0.0000,79.3100,0.0000,0.0000,5.0900,0.0000,13.9100,48.6800,319.7800,49.2000,5.0400,8.2400,6.4700,11.1000,24.1400,0.0000,0.0000,0.0000,0.0000,0.0000,0.0000,0.0000,0.0000,0.0000,0.0000,0.0000,0.0000,0.0000,6.4500,0.2200,0.0000,0.0000,0.0000,2.1700,1.2200,0.0000,0.0000,0.0000,0.0000,4.0400,0.0000,2.8200,1.2600,0.0000,0.0000,0.0000,0.0000,0.0000,0.0000,0.0000,0.0000,0.0000,14.7999,0.0000,0.0000,0.0000,0.0000,0.0000,0.0000,0.0000,5.8400,0.0000,0.0000,12.6100,0.0000,8.5000,0.0000,0.0000,0.0000,10.7100,0.0000,0.0000,0.0000,0.0000,2.8696,0.0000,15.0000,0.0000,8.5000,0.0000,998.8895,-301.27,57.25,12.2916,0.00,742.5779
68,BYPL,66DSBYPL2023/11/06,0.0000,0.0000,0.0000,0.0000,0.0000,0.0000,0.0000,0.0000,68.2900,0.0000,8.0000,0.0000,0.0000,0.0000,0.0000,0.0000,18.8200,63.0200,10.4600,0.0000,57.6000,0.0000,0.0000,0.0000,101.2000,0.0000,2.2600,0.0000,0.0000,0.0000,0.0000,0.0000,79.3100,0.0000,0.0000,5.0900,0.0000,13.9100,48.6800,319.7800,49.2000,5.0400,8.2400,6.4700,11.1000,24.1400,0.0000,0.0000,0.0000,0.0000,0.0000,0.0000,0.0000,0.0000,0.0000,0.0000,0.0000,0.0000,0.0000,6.4500,0.2200,0.0000,0.0000,0.0000,2.1700,1.2200,0.0000,0.0000,0.0000,0.0000,4.0400,0.0000,2.8200,1.2600,0.0000,0.0000,0.0000,0.0000,0.0000,0.0000,0.0000,0.0000,0.0000,7.2326,0.0000,0.0000,0.0000,0.0000,0.0000,0.0000,0.0000,5.8400,0.0000,0.0000,8.9700,0.0000,7.0000,0.0000,0.0000,0.0000,10.6900,0.0000,0.0000,0.0000,0.0000,2.8696,0.0000,12.0000,0.0000,7.0000,0.0000,980.3922,-258.43,43.22,12.6711,0.00,752.5111
69,BYPL,66DSBYPL2023/11/06,0.0000,0.0000,0.0000,0.0000,0.0000,0.0000,0.0000,0.0000,68.2900,0.0000,8.0000,0.0000,0.0000,0.0000,0.0000,0.0000,18.8200,63.0200,10.4600,0.0000,57.6000,0.0000,0.0000,0.0000,101.2000,0.0000,1.3400,0.0000,0.0000,0.0000,0.0000,0.0000,79.3100,0.0000,0.0000,5.0900,0.0000,13.9100,48.6800,319.7800,49.2000,5.0400,8.2400,6.4700,11.1000,24.1400,0.0000,0.0000,0.0000,0.0000,0.0000,0.0000,0.0000,0.0000,0.0000,0.0000,0.0000,0.0000,0.0000,6.4500,0.2200,0.0000,0.0000,0.0000,2.1700,1.2200,0.0000,0.0000,0.0000,0.3300,4.0400,0.0000,2.8200,2.9300,0.0000,0.0000,0.0000,0.0000,0.0000,0.0000,0.0000,0.0000,0.0000,4.7801,0.0000,0.0000,0.0000,0.0000,0.0000,0.0000,0.0000,5.8400,0.0000,0.0000,5.8500,0.0000,5.0000,0.0000,0.0000,0.0000,10.9600,0.0000,0.0000,0.0000,0.0000,2.8696,0.0000,9.0000,0.0000,5.0000,0.0000,969.1697,-227.83,38.97,12.4590,0.00,767.8507
70,BYPL,66DSBYPL2023/11/06,0.0000,0.0000,0.0000,0.0000,0.0000,0.0000,0.0000,0.0000,68.2900,0.0000,8.0000,0.0000,0.0000,0.0000,0.0000,0.0000,18.8200,63.0200,10.4600,0.0000,57.6000,0.0000,0.0000,0.0000,101.2000,0.0000,0.6200,0.0000,0.0000,0.0000,0.0000,0.0000,79.3100,0.0000,0.0000,5.0900,0.0000,13.9100,48.6800,319.7800,49.2000,5.0400,8.2400,6.4700,11.1000,24.1400,0.0000,0.0000,0.0000,0.0000,0.0000,0.0000,0.0000,0.0000,0.0000,0.0000,0.0000,0.0000,0.0000,6.4500,0.2200,0.0000,0.0000,0.0000,2.1700,1.2200,1.7200,0.0000,0.0000,2.2400,4.0400,0.7800,2.8200,2.9300,0.0000,0.0000,0.0000,0.0000,0.0000,0.0000,0.0000,0.0000,0.0000,1.3300,0.0000,0.0000,0.0000,0.0000,0.0000,0.0000,0.0000,5.8400,0.0000,0.0000,3.2800,0.0000,3.0000,0.0000,0.0000,0.0000,11.3700,0.0000,0.0000,0.0000,0.0000,2.8696,0.0000,6.0000,0.0000,3.0000,0.0000,960.2496,-202.92,42.25,12.2252,0.00,787.3544
71,BYPL,66DSBYPL2023/11/06,0.0000,0.0000,0.0000,0.0000,0.0000,0.0000,0.0000,0.0000,68.2900,0.0000,8.0000,0.0000,0.0000,0.0000,0.0000,0.0000,18.8200,63.0200,13.9400,0.0000,57.6000,0.0000,0.0000,0.0000,101.2000,0.0000,0.2300,0.0000,0.0000,0.0000,0.0000,0.0000,79.3100,0.0000,0.0000,5.0900,0.0000,13.9100,48.6800,319.7800,49.2000,5.0400,8.2400,6.4700,10.5800,24.1400,0.0000,0.0000,0.0000,0.0000,0.0000,0.0000,0.0000,0.0000,0.0000,0.0000,0.0000,0.0000,0.0000,6.4500,0.2200,0.0000,0.0000,0.0000,1.0800,1.2200,3.4300,3.2300,0.0000,4.4800,4.0400,1.5600,2.8200,2.9300,0.0000,0.0000,0.0000,0.0000,0.0000,0.0000,0.0000,0.0000,0.0000,0.0273,0.0000,0.0000,0.0000,0.0000,0.0000,0.0000,0.0000,5.8400,0.0000,0.0000,1.4500,0.0000,2.0000,0.0000,0.0000,0.0000,11.7200,0.0000,0.0000,0.0000,0.0000,2.8696,0.0000,3.0000,0.0000,2.0000,0.0000,961.9069,-171.55,34.96,12.5168,0.00,812.8001
72,BYPL,66DSBYPL2023/11/06,0.0000,0.0000,0.0000,0.0000,0.0000,0.0000,0.0000,0.0000,68.2900,0.0000,8.0000,0.0000,0.0000,0.0000,0.0000,0.0000,18.8200,63.0200,18.5900,0.0000,57.6000,0.0000,0.0000,0.0000,101.2000,0.0000,0.0400,0.0000,0.0000,0.0000,0.0000,0.0000,79.3100,0.0000,0.0000,5.0900,0.0000,13.9100,48.6800,319.7800,49.2000,5.0400,8.2400,6.4700,10.5800,24.1400,0.0000,0.0000,0.0000,0.0000,0.0000,0.0000,0.0000,1.1800,0.0000,0.0000,0.0000,0.0000,0.0000,6.4500,0.2200,0.0000,0.0000,0.0000,1.0800,1.2200,6.8800,3.2300,0.0000,4.4700,8.0900,8.0300,2.8200,2.9300,0.0000,0.0000,0.0000,0.0000,0.0000,0.0000,0.0000,0.0000,0.0000,0.0000,0.0000,0.0000,0.0000,0.0000,0.0000,0.0000,0.0000,5.8400,0.0000,0.0000,0.3200,0.0000,1.0000,0.0000,0.0000,0.0000,12.2500,0.0000,0.0000,0.0000,0.0000,2.8696,0.0000,1.5000,0.0000,1.0000,0.0000,977.3796,-173.95,33.36,12.6285,0.00,824.1611
73,BYPL,66DSBYPL2023/11/06,0.0000,0.0000,0.0000,0.0000,0.0000,0.0000,0.0000,0.0000,68.2900,0.0000,8.0000,0.0000,0.0000,0.0000,0.0000,0.0000,18.8200,63.0200,23.2400,0.0000,57.6000,0.0000,0.0000,0.0000,101.2000,0.0000,0.0000,0.0000,0.0000,0.0000,0.0000,0.0000,79.3100,0.0000,0.0000,5.0900,0.0000,13.9100,48.6800,319.7800,49.2000,5.0400,8.2400,6.4700,10.5800,24.1400,0.0000,0.0000,0.0000,0.0000,0.0000,0.0000,0.0000,2.2900,0.0000,0.0000,0.0000,0.0000,0.0000,6.4500,0.2200,0.0000,0.0000,0.0000,1.0800,1.2200,9.6900,6.4600,0.4700,6.7100,12.1300,8.0300,2.8200,1.2600,0.0000,0.0000,0.0000,0.0000,0.0000,0.0000,0.0000,0.0000,0.0000,0.0000,0.0000,0.0000,0.0000,0.0000,0.0000,0.0000,0.0000,5.8400,0.0000,0.0000,0.2700,0.0000,0.0000,0.0000,0.0000,0.0000,12.7100,0.0000,0.0000,0.0000,0.0000,2.8696,0.0000,0.0000,0.0000,0.0000,0.0000,991.1296,-177.23,38.03,12.7168,0.00,839.2128
74,BYPL,66DSBYPL2023/11/06,0.0000,0.0000,0.0000,0.0000,0.0000,0.0000,0.0000,0.0000,68.2900,0.0000,8.0000,0.0000,0.0000,0.0000,0.0000,0.0000,18.8200,63.0200,34.4400,0.0000,57.6000,0.0000,0.0000,0.0000,101.2000,0.0000,0.0000,0.0000,0.0000,0.0000,0.0000,0.0000,79.3100,0.0000,0.0000,5.0900,0.0000,13.9100,48.6800,319.7800,49.2000,5.0400,8.2400,6.4700,10.5800,24.1400,0.0000,0.0000,0.0000,0.0000,0.0000,0.0000,0.0000,2.2900,0.0000,0.0000,0.0000,0.0000,0.0000,6.4500,0.2200,0.0000,0.0000,0.0000,1.0800,1.2200,10.3400,9.7000,2.3700,8.9700,12.1300,8.0300,2.8200,1.2600,4.8000,0.0000,0.0000,0.0000,0.0000,0.0000,0.0000,0.0000,0.0000,0.0000,0.0000,0.0000,0.0000,0.0000,0.0000,0.0000,0.0000,5.8400,0.0000,0.0000,0.0000,0.0000,0.0000,0.0000,0.0000,0.0000,13.1900,0.0000,0.0000,0.0000,0.0000,2.8696,0.0000,0.0000,0.0000,0.0000,0.0000,1015.3896,-214.28,49.74,12.7773,0.00,838.0723
75,BYPL,66DSBYPL2023/11/06,0.0000,0.0000,0.0000,0.0000,0.0000,0.0000,0.0000,0.0000,68.2900,0.0000,8.0000,0.0000,0.0000,0.0000,0.0000,0.0000,18.8200,63.0200,34.4400,0.0000,57.6000,0.0000,0.0000,0.0000,101.2000,0.0000,0.0000,0.0000,0.0000,0.0000,0.0000,0.0000,79.3100,0.0000,0.0000,5.0900,0.0000,13.9100,48.6800,319.7800,49.2000,5.0400,10.4100,6.4700,10.5800,24.1400,0.0000,0.0000,0.0000,0.0000,0.0000,0.0000,0.0000,3.8800,0.0000,0.0000,0.0000,0.0000,0.0000,6.4500,0.0000,0.0000,0.0000,0.0000,1.0800,1.2200,10.3400,9.7000,2.3700,8.9700,12.1300,8.0300,2.8200,1.1000,4.8000,0.0000,0.0000,0.0000,0.0000,0.0000,0.0000,0.0000,0.0000,0.0000,0.0000,0.0000,0.0000,0.0000,0.0000,0.0000,0.0000,5.8400,0.0000,0.0000,0.0000,0.0000,0.0000,0.0000,0.0000,0.0000,13.8200,0.0000,0.0000,0.0000,0.0000,2.8696,0.0000,0.0000,0.0000,0.0000,0.0000,1019.3996,-241.56,54.43,12.9515,0.00,819.3181
76,BYPL,66DSBYPL2023/11/06,0.0000,0.0000,0.0000,0.0000,0.0000,0.0000,0.0000,0.0000,68.2900,0.0000,8.0000,0.0000,0.0000,0.0000,0.0000,0.0000,18.8200,63.0200,34.4400,0.0000,57.6000,0.0000,0.0000,0.0000,101.2000,0.0000,0.0000,0.0000,0.0000,0.0000,0.0000,0.0000,79.3100,0.0000,0.0000,5.0900,0.0000,13.9100,48.6800,319.7800,49.2000,5.0400,10.4100,6.4700,10.5800,24.1400,0.0000,0.0000,0.0000,0.0000,0.0000,0.0000,0.0000,3.8800,0.0000,0.0000,0.0000,0.0000,0.0000,6.4500,0.0000,0.0000,0.0000,0.0000,1.0800,1.2200,10.3400,9.7000,2.3700,8.9700,12.1300,8.0300,2.8200,1.1000,4.8000,0.0000,0.0000,0.0000,0.0000,0.0000,0.0000,0.0000,0.0000,0.0000,0.0000,0.0000,0.0000,0.0000,0.0000,0.0000,0.0000,5.8400,0.0000,0.0000,0.0000,0.0000,0.0000,0.0000,0.0000,0.0000,14.3400,0.0000,0.0000,0.0000,0.0000,2.8696,0.0000,0.0000,0.0000,0.0000,0.0000,1019.9196,-258.71,59.99,13.2318,0.00,807.9678
77,BYPL,66DSBYPL2023/11/06,0.0000,0.0000,0.0000,0.0000,0.0000,0.0000,0.0000,0.0000,68.2900,0.0000,8.0000,0.0000,0.0000,0.0000,0.0000,0.0000,18.8200,63.0200,34.4400,0.0000,57.6000,0.0000,0.0000,0.0000,101.2000,0.0000,0.0000,0.0000,0.0000,0.0000,0.0000,0.0000,79.3100,0.0000,0.0000,5.0900,0.0000,13.9100,48.6800,319.7800,49.2000,5.0400,10.4100,6.4700,10.5800,24.1400,0.0000,0.0000,0.0000,0.0000,0.0000,0.0000,0.0000,3.8800,0.0000,0.0000,0.0000,0.0000,0.0000,6.4500,0.0000,0.0000,0.0000,0.0000,12.1900,1.2200,6.8800,9.7000,4.7500,8.9700,12.1300,8.0300,2.8200,1.1000,4.8000,0.0000,0.0000,0.0000,0.0000,0.0000,0.0000,0.0000,0.0000,0.0000,0.0000,0.0000,0.0000,0.0000,0.0000,0.0000,0.0000,5.8400,0.0000,0.0000,0.0000,0.0000,0.0000,0.0000,0.0000,0.0000,13.9100,0.0000,0.0000,0.0000,0.0000,2.8696,0.0000,0.0000,0.0000,0.0000,0.0000,1029.5196,-267.77,58.30,13.5555,0.00,806.4941
78,BYPL,66DSBYPL2023/11/06,0.0000,0.0000,0.0000,0.0000,0.0000,0.0000,0.0000,0.0000,68.2900,0.0000,8.2988,0.0000,0.0000,0.0000,0.0000,0.0000,18.8200,63.0200,34.4400,0.0000,57.6000,0.0000,0.0000,0.0000,101.2000,0.0000,0.0000,0.0000,0.0000,0.0000,0.0000,0.0000,79.3100,0.0000,0.0000,5.0900,0.0000,13.9100,48.6800,319.7800,49.2000,5.0400,10.4100,6.4700,10.5800,24.1400,0.0000,0.0000,0.0000,0.0000,0.0000,0.0000,0.0000,3.8800,0.0000,0.0000,0.0000,0.0000,0.0000,6.4500,0.0000,0.0000,0.0000,0.0000,12.1900,1.2200,6.8800,9.7000,4.7500,8.9700,12.1300,0.9400,2.8200,1.1000,4.8000,0.0000,0.0000,0.0000,0.0000,0.0000,0.0000,0.0000,0.0000,0.0000,0.0000,0.0000,0.0000,0.0000,0.0000,0.0000,0.0000,5.8400,0.0000,0.0000,0.0000,0.0000,0.0000,0.0000,0.0000,0.0000,13.3600,0.0000,0.0000,0.0000,0.0000,2.8696,0.0000,0.0000,0.0000,0.0000,0.0000,1022.1784,-278.15,64.15,13.3562,0.00,794.8222
79,BYPL,66DSBYPL2023/11/06,0.0000,0.0000,0.0000,0.0000,0.0000,0.0000,0.0000,0.0000,68.2900,0.0000,8.2988,0.0000,0.0000,0.0000,0.0000,0.0000,18.8200,63.0200,32.5400,0.0000,57.6000,0.0000,0.0000,0.0000,101.2000,0.0000,0.0000,0.0000,0.0000,0.0000,0.0000,0.0000,79.3100,0.0000,0.0000,5.0900,0.0000,13.9100,48.6800,319.7800,49.2000,5.0400,10.4100,6.4700,10.5800,24.1400,0.0000,0.0000,0.0000,0.0000,0.0000,0.0000,0.0000,2.5900,0.0000,0.0000,0.0000,0.0000,0.0000,6.4500,0.0000,0.0000,0.0000,0.0000,1.6300,1.2200,6.4000,9.7000,4.7500,8.9700,12.1300,0.0000,2.8200,0.9400,1.6000,0.0000,0.0000,0.0000,0.0000,0.0000,0.0000,0.0000,0.0000,0.0000,0.0000,0.0000,0.0000,0.0000,0.0000,0.0000,0.0000,5.8400,0.0000,0.0000,0.0000,0.0000,0.0000,0.0000,0.0000,0.0000,12.9400,0.0000,0.0000,0.0000,0.0000,2.8696,0.0000,0.0000,0.0000,0.0000,0.0000,1003.2284,-291.38,77.12,12.4979,0.00,776.4705
80,BYPL,66DSBYPL2023/11/06,0.0000,0.0000,0.0000,0.0000,0.0000,0.0000,0.0000,0.0000,68.2900,0.0000,8.2988,0.0000,0.0000,0.0000,0.0000,0.0000,18.8200,63.0200,23.2400,0.0000,57.6000,0.0000,0.0000,0.0000,101.2000,0.0000,0.0000,0.0000,0.0000,0.0000,0.0000,0.0000,79.3100,0.0000,0.0000,5.0900,0.0000,13.9100,48.6800,319.7800,49.2000,5.0400,10.4100,6.4700,10.5800,24.1400,0.0000,0.0000,0.0000,0.0000,0.0000,0.0000,0.0000,2.5900,0.0000,0.0000,0.0000,0.0000,0.0000,6.4500,0.0000,0.0000,0.0000,0.0000,1.6300,1.2200,3.4300,6.4600,0.0000,8.9700,8.0600,0.0000,2.8200,0.9400,0.0000,0.0000,0.0000,0.0000,0.0000,0.0000,0.0000,0.0000,0.0000,0.0000,0.0000,0.0000,0.0000,0.0000,0.0000,0.0000,0.0000,5.8400,0.0000,0.0000,0.0000,0.0000,0.0000,0.0000,0.0000,0.0000,12.5400,0.0000,0.0000,0.0000,0.0000,2.8696,0.0000,0.0000,0.0000,0.0000,0.0000,976.8984,-297.50,86.34,11.9061,0.00,753.8323
81,BYPL,66DSBYPL2023/11/06,0.0000,0.0000,0.0000,0.0000,0.0000,0.0000,0.0000,0.0000,68.2900,0.0000,8.2988,0.0000,0.0000,0.0000,0.0000,0.0000,18.8200,63.0200,18.5900,0.0000,57.6000,0.0000,0.0000,0.0000,101.2000,0.0000,0.0000,0.0000,0.0000,0.0000,0.0000,0.0000,79.3100,0.0000,0.0000,5.0900,0.0000,13.9100,48.6800,319.7800,49.2000,5.0400,10.4100,6.4700,10.5800,24.1400,0.0000,0.0000,0.0000,0.0000,0.0000,0.0000,0.0000,1.3000,0.0000,0.0000,0.0000,0.0000,0.0000,6.4500,0.0000,0.0000,0.0000,0.0000,1.6300,1.2200,3.4300,3.2300,0.0000,8.9700,8.0600,0.0000,3.8400,0.9400,0.0000,0.0000,0.0000,0.0000,0.0000,0.0000,0.0000,0.0000,0.0000,0.0000,0.0000,0.0000,0.0000,0.0000,0.0000,0.0000,0.0000,5.8400,0.0000,0.0000,0.0000,0.0000,0.0000,0.0000,0.0000,0.0000,12.4900,0.0000,0.0000,0.0000,0.0000,2.8696,0.0000,0.0000,0.0000,0.0000,0.0000,968.6984,-289.00,50.00,10.5647,0.00,719.1337
82,BYPL,66DSBYPL2023/11/06,0.0000,0.0000,0.0000,0.0000,0.0000,0.0000,0.0000,0.0000,68.2900,0.0000,8.2988,0.0000,0.0000,0.0000,0.0000,0.0000,18.8200,63.0200,13.9400,0.0000,57.6000,0.0000,0.0000,0.0000,101.2000,0.0000,0.0000,0.0000,0.0000,0.0000,0.0000,0.0000,79.3100,0.0000,0.0000,5.0900,0.0000,13.9100,48.6800,319.7800,49.2000,5.0400,10.4100,6.4700,10.5800,24.1400,0.0000,0.0000,0.0000,0.0000,0.0000,0.0000,0.0000,1.3000,0.0000,0.0000,0.0000,0.0000,0.0000,6.4500,0.0000,0.0000,0.0000,0.0000,1.6300,1.2200,1.7200,3.2300,0.0000,6.1600,8.0600,0.0000,15.6100,0.9400,0.0000,0.0000,0.0000,0.0000,0.0000,0.0000,0.0000,0.0000,0.0000,0.0000,0.0000,0.0000,0.0000,0.0000,0.0000,0.0000,0.0000,5.8400,0.0000,0.0000,0.0000,0.0000,0.0000,0.0000,0.0000,0.0000,12.4500,0.0000,0.0000,0.0000,0.0000,2.8696,0.0000,0.0000,0.0000,0.0000,0.0000,971.2584,-297.00,40.00,10.6534,0.00,703.6050
83,BYPL,66DSBYPL2023/11/06,0.0000,0.0000,0.0000,0.0000,0.0000,0.0000,0.0000,0.0000,68.2900,0.0000,8.2988,0.0000,0.0000,0.0000,0.0000,0.0000,18.8200,31.8800,10.4600,0.0000,45.0000,0.0000,0.0000,0.0000,101.2000,0.0000,0.0000,0.0000,0.0000,0.0000,0.0000,0.0000,79.3100,0.0000,0.0000,5.0900,0.0000,13.9100,48.6800,319.7800,49.2000,1.9300,10.4100,2.9000,10.5800,24.1400,0.0000,0.0000,0.0000,0.0000,0.0000,0.0000,0.0000,1.3000,0.0000,0.0000,0.0000,0.0000,0.0000,6.4500,0.0000,0.0000,0.0000,0.0000,1.6300,1.2200,0.0000,3.2300,0.0000,4.5400,8.0600,0.0000,17.3900,0.9400,0.0000,0.0000,0.0000,0.0000,0.0000,0.0000,0.0000,0.0000,0.0000,0.0000,0.0000,0.0000,0.0000,0.0000,0.0000,0.0000,0.0000,5.8400,0.0000,0.0000,0.0000,0.0000,0.0000,0.0000,0.0000,0.0000,12.3700,0.0000,0.0000,0.0000,0.0000,2.8696,0.0000,0.0000,0.0000,0.0000,0.0000,915.7184,-264.00,35.00,9.9096,0.00,676.8088
84,BYPL,66DSBYPL2023/11/06,0.0000,0.0000,0.0000,0.0000,0.0000,0.0000,0.0000,0.0000,68.2900,0.0000,8.2988,0.0000,0.0000,0.0000,0.0000,0.0000,18.8200,31.8800,10.4600,0.0000,45.0000,0.0000,0.0000,0.0000,101.2000,0.0000,0.0000,0.0000,0.0000,0.0000,0.0000,0.0000,79.3100,0.0000,0.0000,5.0900,0.0000,13.9100,48.6800,319.7800,49.2000,1.9300,10.4100,2.9000,10.5800,24.1400,0.0000,0.0000,0.0000,0.0000,0.0000,0.0000,0.0000,0.7800,0.0000,0.0000,0.0000,0.0000,0.0000,6.4500,0.0000,0.0000,0.0000,0.0000,1.6300,1.2200,0.0000,0.0000,0.0000,2.2400,8.0600,0.0000,17.3900,0.9400,0.0000,0.0000,0.0000,0.0000,0.0000,0.0000,0.0000,0.0000,0.0000,0.0000,0.0000,0.0000,0.0000,0.0000,0.0000,0.0000,0.0000,5.8400,0.0000,0.0000,0.0000,0.0000,0.0000,0.0000,0.0000,0.0000,12.2600,0.0000,0.0000,0.0000,0.0000,2.8696,0.0000,0.0000,0.0000,0.0000,0.0000,909.5584,-258.00,20.00,9.8075,0.00,661.7509
85,BYPL,66DSBYPL2023/11/06,0.0000,0.0000,0.0000,0.0000,0.0000,0.0000,0.0000,0.0000,68.2900,0.0000,8.2988,0.0000,0.0000,0.0000,0.0000,0.0000,18.8200,31.8800,10.4600,0.0000,45.0000,0.0000,0.0000,0.0000,101.2000,0.0000,0.0000,0.0000,0.0000,0.0000,0.0000,0.0000,79.3100,0.0000,0.0000,5.0900,0.0000,13.9100,48.6800,319.7800,49.2000,1.9300,10.4100,2.9000,10.5800,24.1400,0.0000,0.0000,0.0000,0.0000,0.0000,0.0000,0.0000,0.0000,0.0000,0.0000,0.0000,0.0000,0.0000,6.4500,0.0000,0.0000,0.0000,0.0000,1.6300,2.3100,0.0000,0.0000,0.0000,0.0000,8.0600,0.0000,17.3900,0.9400,0.0000,0.0000,0.0000,0.0000,0.0000,0.0000,0.0000,0.0000,0.0000,0.0000,0.0000,0.0000,0.0000,0.0000,0.0000,0.0000,0.0000,5.8400,0.0000,0.0000,0.0000,0.0000,0.0000,0.0000,0.0000,0.0000,12.4300,0.0000,0.0000,0.0000,0.0000,2.8696,0.0000,0.0000,0.0000,0.0000,0.0000,907.7984,-250.00,5.00,9.7255,0.00,653.0729
86,BYPL,66DSBYPL2023/11/06,0.0000,0.0000,0.0000,0.0000,0.0000,0.0000,0.0000,0.0000,68.2900,0.0000,8.2988,0.0000,0.0000,0.0000,0.0000,0.0000,18.8200,31.8800,10.4600,0.0000,45.0000,0.0000,0.0000,0.0000,101.2000,0.0000,0.0000,0.0000,0.0000,0.0000,0.0000,0.0000,79.3100,0.0000,0.0000,5.0900,0.0000,13.9100,48.6800,319.7800,49.2000,1.9300,10.4100,2.9000,10.5800,24.1400,0.0000,0.0000,0.0000,0.0000,0.0000,0.0000,0.0000,0.0000,0.0000,0.0000,0.0000,0.0000,0.0000,6.4500,0.0000,0.0000,0.0000,0.0000,12.1900,2.3100,0.0000,0.0000,0.0000,0.0000,8.0600,0.0000,3.4200,0.9400,0.0000,0.0000,0.0000,0.0000,0.0000,0.0000,0.0000,0.0000,0.0000,0.0000,0.0000,0.0000,0.0000,0.0000,0.0000,0.0000,0.0000,5.8400,0.0000,0.0000,0.0000,0.0000,0.0000,0.0000,0.0000,0.0000,12.6500,0.0000,0.0000,0.0000,0.0000,2.8696,0.0000,0.0000,0.0000,0.0000,0.0000,904.6084,-250.00,0.00,9.6987,0.00,644.9097
87,BYPL,66DSBYPL2023/11/06,0.0000,0.0000,0.0000,0.0000,0.0000,0.0000,0.0000,0.0000,68.2900,0.0000,8.5825,0.0000,0.0000,0.0000,0.0000,0.0000,18.8200,31.8800,5.1100,0.0000,45.0000,0.0000,0.0000,0.0000,101.2000,0.0000,0.0000,0.0000,0.0000,0.0000,0.0000,0.0000,79.3100,0.0000,0.0000,5.0900,0.0000,13.9100,48.6800,319.7800,49.2000,1.9300,10.4100,2.9000,10.5800,24.1400,0.0000,0.0000,0.0000,0.0000,0.0000,0.0000,0.0000,0.0000,0.0000,0.0000,0.0000,0.0000,0.0000,6.4500,0.0000,0.0000,0.0000,0.0000,12.1900,3.6300,0.0000,0.0000,0.0000,0.0000,8.0600,0.0000,0.6300,0.9400,0.0000,0.0000,0.0000,0.0000,0.0000,0.0000,0.0000,0.0000,0.0000,0.0000,0.0000,0.0000,0.0000,0.0000,0.0000,0.0000,0.0000,5.8400,0.0000,0.0000,0.0000,0.0000,0.0000,0.0000,0.0000,0.0000,12.9400,0.0000,0.0000,0.0000,0.0000,2.8696,0.0000,0.0000,0.0000,0.0000,0.0000,898.3621,-250.00,0.00,9.6462,0.00,638.7159
88,BYPL,66DSBYPL2023/11/06,0.0000,0.0000,0.0000,0.0000,0.0000,0.0000,0.0000,0.0000,68.2900,0.0000,8.5825,0.0000,0.0000,0.0000,0.0000,0.0000,18.8200,31.8800,5.1100,0.0000,45.0000,0.0000,0.0000,0.0000,101.2000,0.0000,0.0000,0.0000,0.0000,0.0000,0.0000,0.0000,79.3100,0.0000,0.0000,5.0900,0.0000,13.9100,48.6800,319.7800,49.2000,1.9300,10.4100,2.9000,10.5800,24.1400,0.0000,0.0000,0.0000,0.0000,0.0000,0.0000,0.0000,0.0000,0.0000,0.0000,0.0000,0.0000,0.0000,6.4500,0.0000,0.0000,0.0000,0.0000,2.7100,3.6300,0.0000,0.0000,0.0000,0.0000,8.0600,0.0000,0.6300,0.9400,0.0000,0.0000,0.0000,0.0000,0.0000,0.0000,0.0000,0.0000,0.0000,0.0000,0.0000,0.0000,0.0000,0.0000,0.0000,0.0000,0.0000,5.8400,0.0000,0.0000,0.0000,0.0000,0.0000,0.0000,0.0000,0.0000,13.2000,0.0000,0.0000,0.0000,0.0000,2.8696,0.0000,0.0000,0.0000,0.0000,0.0000,889.1421,-250.00,0.00,9.5688,0.00,629.5733
89,BYPL,66DSBYPL2023/11/06,0.0000,0.0000,0.0000,0.0000,0.0000,0.0000,0.0000,0.0000,68.2900,0.0000,8.5825,0.0000,0.0000,0.0000,0.0000,0.0000,18.8200,31.8800,5.1100,0.0000,45.0000,0.0000,0.0000,0.0000,101.2000,0.0000,0.0000,0.0000,0.0000,0.0000,0.0000,0.0000,79.3100,0.0000,0.0000,5.0900,0.0000,13.9100,48.6800,319.7800,49.2000,1.9300,10.4100,2.9000,10.5800,24.1400,0.0000,0.0000,0.0000,0.0000,0.0000,0.0000,0.0000,0.0000,0.0000,0.0000,0.0000,0.0000,0.0000,6.4500,0.0000,0.0000,0.0000,0.0000,2.7100,2.3100,0.0000,0.0000,0.0000,0.0000,4.0300,0.0000,0.6300,0.9400,0.0000,0.0000,0.0000,0.0000,0.0000,0.0000,0.0000,0.0000,0.0000,0.0000,0.0000,0.0000,0.0000,0.0000,0.0000,0.0000,0.0000,5.8400,0.0000,0.0000,0.0000,0.0000,0.0000,0.0000,0.0000,0.0000,13.2100,0.0000,0.0000,0.0000,0.0000,2.8696,0.0000,0.0000,0.0000,0.0000,0.0000,883.8021,-276.44,0.00,9.8759,0.00,597.4862
90,BYPL,66DSBYPL2023/11/06,0.0000,0.0000,0.0000,0.0000,0.0000,0.0000,0.0000,0.0000,68.2900,0.0000,8.5825,0.0000,0.0000,0.0000,0.0000,0.0000,18.8200,31.8800,5.1100,0.0000,45.0000,0.0000,0.0000,0.0000,101.2000,0.0000,0.0000,0.0000,0.0000,0.0000,0.0000,0.0000,79.3100,0.0000,0.0000,5.0900,0.0000,13.9100,48.6800,319.7800,49.2000,1.9300,10.4100,2.9000,10.5800,24.1400,0.0000,0.0000,0.0000,0.0000,0.0000,0.0000,0.0000,0.0000,0.0000,0.0000,0.0000,0.0000,0.0000,6.4500,0.0000,0.0000,0.0000,0.0000,2.7100,2.3100,0.0000,0.0000,0.0000,0.0000,4.0300,0.0000,0.6300,0.9400,0.0000,0.0000,0.0000,0.0000,0.0000,0.0000,0.0000,0.0000,0.0000,0.0000,0.0000,0.0000,0.0000,0.0000,0.0000,0.0000,0.0000,5.8400,0.0000,0.0000,0.0000,0.0000,0.0000,0.0000,0.0000,0.0000,13.1800,0.0000,0.0000,0.0000,0.0000,2.8696,0.0000,0.0000,0.0000,0.0000,0.0000,883.7721,-284.17,0.00,9.8107,0.00,589.7914
91,BYPL,66DSBYPL2023/11/06,0.0000,0.0000,0.0000,0.0000,0.0000,0.0000,0.0000,0.0000,68.2900,0.0000,8.5825,0.0000,0.0000,0.0000,0.0000,0.0000,18.8200,31.5800,5.1100,0.0000,47.9313,0.0000,0.0000,0.0000,101.2000,0.0000,0.0000,0.0000,0.0000,0.0000,0.0000,0.0000,79.3100,0.0000,0.0000,5.0900,0.0000,13.9100,48.6800,319.7800,49.2000,1.8000,10.4100,2.7100,10.5800,24.1400,0.0000,0.0000,0.0000,0.0000,0.0000,0.0000,0.0000,0.0000,0.0000,0.0000,0.0000,0.0000,0.0000,6.4500,0.0000,0.0000,0.0000,0.0000,2.7100,2.3100,0.0000,0.0000,0.0000,0.0000,4.0300,0.0000,0.6300,0.9400,0.0000,0.0000,0.0000,0.0000,0.0000,0.0000,0.0000,0.0000,0.0000,0.0000,0.0000,0.0000,0.0000,0.0000,0.0000,0.0000,0.0000,5.8400,0.0000,0.0000,0.0000,0.0000,0.0000,0.0000,0.0000,0.0000,13.1600,0.0000,0.0000,0.0000,0.0000,2.8696,0.0000,0.0000,0.0000,0.0000,0.0000,886.0634,-284.17,0.00,9.8300,0.00,592.0634
92,BYPL,66DSBYPL2023/11/06,0.0000,0.0000,0.0000,0.0000,0.0000,0.0000,0.0000,0.0000,68.2900,0.0000,8.5825,0.0000,0.0000,0.0000,0.0000,0.0000,18.8200,31.5800,5.1100,0.0000,47.9313,0.0000,0.0000,0.0000,101.2000,0.0000,0.0000,0.0000,0.0000,0.0000,0.0000,0.0000,79.3100,0.0000,0.0000,5.0900,0.0000,13.9100,48.6800,319.7800,49.2000,1.8000,10.4100,2.7100,10.5800,24.1400,0.0000,0.0000,0.0000,0.0000,0.0000,0.0000,0.0000,0.0000,0.0000,0.0000,0.0000,0.0000,0.0000,6.4500,0.0000,0.0000,0.0000,0.0000,2.7100,2.3100,0.0000,0.0000,0.0000,0.0000,4.0300,0.0000,0.6300,0.9400,0.0000,0.0000,0.0000,0.0000,0.0000,0.0000,0.0000,0.0000,0.0000,0.0000,0.0000,0.0000,0.0000,0.0000,0.0000,0.0000,0.0000,5.8400,0.0000,0.0000,0.0000,0.0000,0.0000,0.0000,0.0000,0.0000,13.1400,0.0000,0.0000,0.0000,0.0000,2.8696,0.0000,0.0000,0.0000,0.0000,0.0000,886.0434,-294.17,0.00,9.9138,0.00,581.9596
93,BYPL,66DSBYPL2023/11/06,0.0000,0.0000,0.0000,0.0000,0.0000,0.0000,0.0000,0.0000,68.2900,0.0000,8.5825,0.0000,0.0000,0.0000,0.0000,0.0000,18.8200,31.5800,5.1100,0.0000,47.9313,0.0000,0.0000,0.0000,101.2000,0.0000,0.0000,0.0000,0.0000,0.0000,0.0000,0.0000,62.8000,0.0000,0.0000,5.0900,0.0000,13.9100,48.6800,319.7800,49.2000,1.8000,10.4100,2.7100,10.5800,24.1400,0.0000,0.0000,0.0000,0.0000,0.0000,0.0000,0.0000,0.0000,0.0000,0.0000,0.0000,0.0000,0.0000,6.4500,0.0000,0.0000,0.0000,0.0000,1.6300,2.3100,0.0000,0.0000,0.0000,0.0000,4.0300,0.0000,0.6300,0.9400,0.0000,0.0000,0.0000,0.0000,0.0000,0.0000,0.0000,0.0000,0.0000,0.0000,0.0000,0.0000,0.0000,0.0000,0.0000,0.0000,0.0000,5.8400,0.0000,0.0000,0.0000,0.0000,0.0000,0.0000,0.0000,0.0000,13.2100,0.0000,0.0000,0.0000,0.0000,2.8696,0.0000,0.0000,0.0000,0.0000,0.0000,868.5234,-284.17,0.00,9.6826,0.00,574.6708
94,BYPL,66DSBYPL2023/11/06,0.0000,0.0000,0.0000,0.0000,0.0000,0.0000,0.0000,0.0000,68.2900,0.0000,8.5825,0.0000,0.0000,0.0000,0.0000,0.0000,18.8200,31.5800,5.1100,0.0000,47.9313,0.0000,0.0000,0.0000,101.2000,0.0000,0.0000,0.0000,0.0000,0.0000,0.0000,0.0000,53.1400,0.0000,0.0000,5.0900,0.0000,13.9100,48.6800,319.7800,49.2000,1.8000,10.4100,2.7100,10.5800,24.1400,0.0000,0.0000,0.0000,0.0000,0.0000,0.0000,0.0000,0.0000,0.0000,0.0000,0.0000,0.0000,0.0000,6.4500,0.0000,0.0000,0.0000,0.0000,1.6300,2.3100,0.0000,0.0000,0.0000,0.0000,4.0300,0.0000,0.6300,0.9400,0.0000,0.0000,0.0000,0.0000,0.0000,0.0000,0.0000,0.0000,0.0000,0.0000,0.0000,0.0000,0.0000,0.0000,0.0000,0.0000,0.0000,5.8400,0.0000,0.0000,0.0000,0.0000,0.0000,0.0000,0.0000,0.0000,13.2600,0.0000,0.0000,0.0000,0.0000,2.8696,0.0000,0.0000,0.0000,0.0000,0.0000,858.9134,-284.17,0.00,9.6019,0.00,565.1415
95,BYPL,66DSBYPL2023/11/06,0.0000,0.0000,0.0000,0.0000,0.0000,0.0000,0.0000,0.0000,68.2900,0.0000,8.5825,0.0000,0.0000,0.0000,0.0000,0.0000,18.8200,31.5800,5.1100,0.0000,47.9313,0.0000,0.0000,0.0000,101.2000,0.0000,0.0000,0.0000,0.0000,0.0000,0.0000,0.0000,43.4800,0.0000,0.0000,5.0900,0.0000,13.9100,48.6800,319.7800,49.2000,1.8000,10.4100,2.7100,10.5800,24.1400,0.0000,0.0000,0.0000,0.0000,0.0000,0.0000,0.0000,0.0000,0.0000,0.0000,0.0000,0.0000,0.0000,6.4500,0.0000,0.0000,0.0000,0.0000,1.6300,2.3100,0.0000,0.0000,0.0000,0.0000,4.0300,0.0000,0.6300,0.9400,0.0000,0.0000,0.0000,0.0000,0.0000,0.0000,0.0000,0.0000,0.0000,0.0000,0.0000,0.0000,0.0000,0.0000,0.0000,0.0000,0.0000,5.8400,0.0000,0.0000,0.0000,0.0000,0.0000,0.0000,0.0000,0.0000,13.3200,0.0000,0.0000,0.0000,0.0000,2.8696,0.0000,0.0000,0.0000,0.0000,0.0000,849.3134,-284.17,0.00,9.5213,0.00,555.6221
96,BYPL,66DSBYPL2023/11/06,0.0000,0.0000,0.0000,0.0000,0.0000,0.0000,0.0000,0.0000,68.2900,0.0000,8.5825,0.0000,0.0000,0.0000,0.0000,0.0000,18.8200,31.5800,5.1100,0.0000,47.9313,0.0000,0.0000,0.0000,101.2000,0.0000,0.0000,0.0000,0.0000,0.0000,0.0000,0.0000,38.6500,0.0000,0.0000,5.0900,0.0000,13.9100,48.6800,319.7800,49.2000,1.8000,10.4100,2.7100,10.5800,24.1400,0.0000,0.0000,0.0000,0.0000,0.0000,0.0000,0.0000,0.0000,0.0000,0.0000,0.0000,0.0000,0.0000,6.4500,0.0000,0.0000,0.0000,0.0000,1.6300,2.9700,0.0000,0.0000,0.0000,0.0000,4.0300,0.0000,0.6300,0.9400,0.0000,0.0000,0.0000,0.0000,0.0000,0.0000,0.0000,0.0000,0.0000,0.0000,0.0000,0.0000,0.0000,0.0000,0.0000,0.0000,0.0000,5.8400,0.0000,0.0000,0.0000,0.0000,0.0000,0.0000,0.0000,0.0000,13.3900,0.0000,0.0000,0.0000,0.0000,2.8696,0.0000,0.0000,0.0000,0.0000,0.0000,845.2134,-284.17,0.00,9.4868,0.00,551.5566
,,,,,,,,,,,,,,,,,,,,,,,,,,,,,,,,,,,,,,,,,,,,,,,,,,,,,,,,,,,,,,,,,,,,,,,,,,,,,,,,,,,,,,,,,,,,,,,,,,,,,,,,,,,,,,,,,,863.5983,-316.17,0.00,9.9101,0.00,537.5182
,,,,,,,,,,,,,,,,,,,,,,,,,,,,,,,,,,,,,,,,,,,,,,,,,,,,,,,,,,,,,,,,,,,,,,,,,,,,,,,,,,,,,,,,,,,,,,,,,,,,,,,,,,,,,,,,,,866.6483,-326.17,0.00,10.0197,0.00,530.4586
,,,,,,,,,,,,,,,,,,,,,,,,,,,,,,,,,,,,,,,,,,,,,,,,,,,,,,,,,,,,,,,,,,,,,,,,,,,,,,,,,,,,,,,,,,,,,,,,,,,,,,,,,,,,,,,,,,852.2483,-316.17,0.00,9.8147,0.00,526.2636
,,,,,,,,,,,,,,,,,,,,,,,,,,,,,,,,,,,,,,,,,,,,,,,,,,,,,,,,,,,,,,,,,,,,,,,,,,,,,,,,,,,,,,,,,,,,,,,,,,,,,,,,,,,,,,,,,,851.7083,-331.17,0.00,9.9362,0.00,510.6021
,,,,,,,,,,,,,,,,,,,,,,,,,,,,,,,,,,,,,,,,,,,,,,,,,,,,,,,,,,,,,,,,,,,,,,,,,,,,,,,,,,,,,,,,,,,,,,,,,,,,,,,,,,,,,,,,,,838.7446,-326.97,0.00,9.7920,0.00,501.9826
,,,,,,,,,,,,,,,,,,,,,,,,,,,,,,,,,,,,,,,,,,,,,,,,,,,,,,,,,,,,,,,,,,,,,,,,,,,,,,,,,,,,,,,,,,,,,,,,,,,,,,,,,,,,,,,,,,838.0846,-335.17,0.00,9.8553,0.00,493.0593
,,,,,,,,,,,,,,,,,,,,,,,,,,,,,,,,,,,,,,,,,,,,,,,,,,,,,,,,,,,,,,,,,,,,,,,,,,,,,,,,,,,,,,,,,,,,,,,,,,,,,,,,,,,,,,,,,,773.1646,-295.17,0.00,8.9740,0.00,469.0206
,,,,,,,,,,,,,,,,,,,,,,,,,,,,,,,,,,,,,,,,,,,,,,,,,,,,,,,,,,,,,,,,,,,,,,,,,,,,,,,,,,,,,,,,,,,,,,,,,,,,,,,,,,,,,,,,,,773.1646,-295.17,0.00,8.9740,0.00,469.0206
,,,,,,,,,,,,,,,,,,,,,,,,,,,,,,,,,,,,,,,,,,,,,,,,,,,,,,,,,,,,,,,,,,,,,,,,,,,,,,,,,,,,,,,,,,,,,,,,,,,,,,,,,,,,,,,,,,773.1646,-300.17,0.00,9.0160,0.00,463.9786
,,,,,,,,,,,,,,,,,,,,,,,,,,,,,,,,,,,,,,,,,,,,,,,,,,,,,,,,,,,,,,,,,,,,,,,,,,,,,,,,,,,,,,,,,,,,,,,,,,,,,,,,,,,,,,,,,,773.1646,-305.17,0.00,9.0580,0.00,458.9366
,,,,,,,,,,,,,,,,,,,,,,,,,,,,,,,,,,,,,,,,,,,,,,,,,,,,,,,,,,,,,,,,,,,,,,,,,,,,,,,,,,,,,,,,,,,,,,,,,,,,,,,,,,,,,,,,,,778.2746,-310.17,0.00,9.1429,0.00,458.9617
,,,,,,,,,,,,,,,,,,,,,,,,,,,,,,,,,,,,,,,,,,,,,,,,,,,,,,,,,,,,,,,,,,,,,,,,,,,,,,,,,,,,,,,,,,,,,,,,,,,,,,,,,,,,,,,,,,778.2746,-310.17,0.00,9.1429,0.00,458.9617
,,,,,,,,,,,,,,,,,,,,,,,,,,,,,,,,,,,,,,,,,,,,,,,,,,,,,,,,,,,,,,,,,,,,,,,,,,,,,,,,,,,,,,,,,,,,,,,,,,,,,,,,,,,,,,,,,,775.4746,-315.17,0.00,9.1614,0.00,451.1432
,,,,,,,,,,,,,,,,,,,,,,,,,,,,,,,,,,,,,,,,,,,,,,,,,,,,,,,,,,,,,,,,,,,,,,,,,,,,,,,,,,,,,,,,,,,,,,,,,,,,,,,,,,,,,,,,,,775.4746,-325.17,0.00,9.2454,0.00,441.0592
,,,,,,,,,,,,,,,,,,,,,,,,,,,,,,,,,,,,,,,,,,,,,,,,,,,,,,,,,,,,,,,,,,,,,,,,,,,,,,,,,,,,,,,,,,,,,,,,,,,,,,,,,,,,,,,,,,775.9046,-340.17,0.00,9.3750,0.00,426.3596
,,,,,,,,,,,,,,,,,,,,,,,,,,,,,,,,,,,,,,,,,,,,,,,,,,,,,,,,,,,,,,,,,,,,,,,,,,,,,,,,,,,,,,,,,,,,,,,,,,,,,,,,,,,,,,,,,,775.9046,-340.17,0.00,9.3750,0.00,426.3596
,,,,,,,,,,,,,,,,,,,,,,,,,,,,,,,,,,,,,,,,,,,,,,,,,,,,,,,,,,,,,,,,,,,,,,,,,,,,,,,,,,,,,,,,,,,,,,,,,,,,,,,,,,,,,,,,,,774.2346,-340.17,0.00,9.3610,0.00,424.7036
,,,,,,,,,,,,,,,,,,,,,,,,,,,,,,,,,,,,,,,,,,,,,,,,,,,,,,,,,,,,,,,,,,,,,,,,,,,,,,,,,,,,,,,,,,,,,,,,,,,,,,,,,,,,,,,,,,772.0946,-335.17,0.00,9.3010,0.00,427.6236
,,,,,,,,,,,,,,,,,,,,,,,,,,,,,,,,,,,,,,,,,,,,,,,,,,,,,,,,,,,,,,,,,,,,,,,,,,,,,,,,,,,,,,,,,,,,,,,,,,,,,,,,,,,,,,,,,,773.8446,-303.58,0.00,9.2451,0.00,461.0195
,,,,,,,,,,,,,,,,,,,,,,,,,,,,,,,,,,,,,,,,,,,,,,,,,,,,,,,,,,,,,,,,,,,,,,,,,,,,,,,,,,,,,,,,,,,,,,,,,,,,,,,,,,,,,,,,,,773.8446,-297.61,0.00,9.2112,0.00,467.0234
,,,,,,,,,,,,,,,,,,,,,,,,,,,,,,,,,,,,,,,,,,,,,,,,,,,,,,,,,,,,,,,,,,,,,,,,,,,,,,,,,,,,,,,,,,,,,,,,,,,,,,,,,,,,,,,,,,839.1783,-341.17,-1.69,9.9149,0.00,486.4034
,,,,,,,,,,,,,,,,,,,,,,,,,,,,,,,,,,,,,,,,,,,,,,,,,,,,,,,,,,,,,,,,,,,,,,,,,,,,,,,,,,,,,,,,,,,,,,,,,,,,,,,,,,,,,,,,,,849.2983,-320.17,-12.70,9.8235,0.00,506.6048
,,,,,,,,,,,,,,,,,,,,,,,,,,,,,,,,,,,,,,,,,,,,,,,,,,,,,,,,,,,,,,,,,,,,,,,,,,,,,,,,,,,,,,,,,,,,,,,,,,,,,,,,,,,,,,,,,,949.3321,-363.17,-32.60,11.0250,0.00,542.5371
,,,,,,,,,,,,,,,,,,,,,,,,,,,,,,,,,,,,,,,,,,,,,,,,,,,,,,,,,,,,,,,,,,,,,,,,,,,,,,,,,,,,,,,,,,,,,,,,,,,,,,,,,,,,,,,,,,961.6421,-340.17,-42.76,10.9352,0.00,567.7769
,,,,,,,,,,,,,,,,,,,,,,,,,,,,,,,,,,,,,,,,,,,,,,,,,,,,,,,,,,,,,,,,,,,,,,,,,,,,,,,,,,,,,,,,,,,,,,,,,,,,,,,,,,,,,,,,,,982.6121,-350.00,0.00,11.1939,0.00,621.4182
,,,,,,,,,,,,,,,,,,,,,,,,,,,,,,,,,,,,,,,,,,,,,,,,,,,,,,,,,,,,,,,,,,,,,,,,,,,,,,,,,,,,,,,,,,,,,,,,,,,,,,,,,,,,,,,,,,1011.9321,-350.00,15.00,11.4380,0.00,665.4941
,,,,,,,,,,,,,,,,,,,,,,,,,,,,,,,,,,,,,,,,,,,,,,,,,,,,,,,,,,,,,,,,,,,,,,,,,,,,,,,,,,,,,,,,,,,,,,,,,,,,,,,,,,,,,,,,,,1020.4521,-350.00,45.00,11.4916,0.00,703.9605
,,,,,,,,,,,,,,,,,,,,,,,,,,,,,,,,,,,,,,,,,,,,,,,,,,,,,,,,,,,,,,,,,,,,,,,,,,,,,,,,,,,,,,,,,,,,,,,,,,,,,,,,,,,,,,,,,,1039.4120,-350.00,55.00,11.6058,0.00,732.8062
,,,,,,,,,,,,,,,,,,,,,,,,,,,,,,,,,,,,,,,,,,,,,,,,,,,,,,,,,,,,,,,,,,,,,,,,,,,,,,,,,,,,,,,,,,,,,,,,,,,,,,,,,,,,,,,,,,1056.1222,-350.00,60.00,11.6595,0.00,754.4627
,,,,,,,,,,,,,,,,,,,,,,,,,,,,,,,,,,,,,,,,,,,,,,,,,,,,,,,,,,,,,,,,,,,,,,,,,,,,,,,,,,,,,,,,,,,,,,,,,,,,,,,,,,,,,,,,,,1049.7520,-350.00,60.00,11.5777,0.00,748.1743
,,,,,,,,,,,,,,,,,,,,,,,,,,,,,,,,,,,,,,,,,,,,,,,,,,,,,,,,,,,,,,,,,,,,,,,,,,,,,,,,,,,,,,,,,,,,,,,,,,,,,,,,,,,,,,,,,,1043.4725,-350.00,50.00,11.4929,0.00,731.9796
,,,,,,,,,,,,,,,,,,,,,,,,,,,,,,,,,,,,,,,,,,,,,,,,,,,,,,,,,,,,,,,,,,,,,,,,,,,,,,,,,,,,,,,,,,,,,,,,,,,,,,,,,,,,,,,,,,1022.2517,-350.00,60.00,11.3057,0.00,720.9460
,,,,,,,,,,,,,,,,,,,,,,,,,,,,,,,,,,,,,,,,,,,,,,,,,,,,,,,,,,,,,,,,,,,,,,,,,,,,,,,,,,,,,,,,,,,,,,,,,,,,,,,,,,,,,,,,,,1029.5480,-300.00,0.00,10.9375,0.00,718.6105
,,,,,,,,,,,,,,,,,,,,,,,,,,,,,,,,,,,,,,,,,,,,,,,,,,,,,,,,,,,,,,,,,,,,,,,,,,,,,,,,,,,,,,,,,,,,,,,,,,,,,,,,,,,,,,,,,,1026.7079,-300.00,-5.00,10.9039,0.00,710.8040
,,,,,,,,,,,,,,,,,,,,,,,,,,,,,,,,,,,,,,,,,,,,,,,,,,,,,,,,,,,,,,,,,,,,,,,,,,,,,,,,,,,,,,,,,,,,,,,,,,,,,,,,,,,,,,,,,,982.5084,-269.15,-7.00,10.7936,0.00,695.5648
,,,,,,,,,,,,,,,,,,,,,,,,,,,,,,,,,,,,,,,,,,,,,,,,,,,,,,,,,,,,,,,,,,,,,,,,,,,,,,,,,,,,,,,,,,,,,,,,,,,,,,,,,,,,,,,,,,1009.4884,-272.05,-32.00,10.9864,0.00,694.4520
,,,,,,,,,,,,,,,,,,,,,,,,,,,,,,,,,,,,,,,,,,,,,,,,,,,,,,,,,,,,,,,,,,,,,,,,,,,,,,,,,,,,,,,,,,,,,,,,,,,,,,,,,,,,,,,,,,1067.2054,-316.47,-32.00,11.5591,0.00,707.1763
,,,,,,,,,,,,,,,,,,,,,,,,,,,,,,,,,,,,,,,,,,,,,,,,,,,,,,,,,,,,,,,,,,,,,,,,,,,,,,,,,,,,,,,,,,,,,,,,,,,,,,,,,,,,,,,,,,1077.6442,-309.71,-17.00,11.6944,0.00,739.2398
,,,,,,,,,,,,,,,,,,,,,,,,,,,,,,,,,,,,,,,,,,,,,,,,,,,,,,,,,,,,,,,,,,,,,,,,,,,,,,,,,,,,,,,,,,,,,,,,,,,,,,,,,,,,,,,,,,1091.6942,-303.91,-12.00,11.8530,0.00,763.9312
,,,,,,,,,,,,,,,,,,,,,,,,,,,,,,,,,,,,,,,,,,,,,,,,,,,,,,,,,,,,,,,,,,,,,,,,,,,,,,,,,,,,,,,,,,,,,,,,,,,,,,,,,,,,,,,,,,1079.6742,-287.44,0.00,11.3790,0.00,780.8552
,,,,,,,,,,,,,,,,,,,,,,,,,,,,,,,,,,,,,,,,,,,,,,,,,,,,,,,,,,,,,,,,,,,,,,,,,,,,,,,,,,,,,,,,,,,,,,,,,,,,,,,,,,,,,,,,,,1078.2542,-274.88,0.00,11.4660,0.00,791.9082
,,,,,,,,,,,,,,,,,,,,,,,,,,,,,,,,,,,,,,,,,,,,,,,,,,,,,,,,,,,,,,,,,,,,,,,,,,,,,,,,,,,,,,,,,,,,,,,,,,,,,,,,,,,,,,,,,,1089.3042,-278.74,0.00,11.5206,0.00,799.0436
,,,,,,,,,,,,,,,,,,,,,,,,,,,,,,,,,,,,,,,,,,,,,,,,,,,,,,,,,,,,,,,,,,,,,,,,,,,,,,,,,,,,,,,,,,,,,,,,,,,,,,,,,,,,,,,,,,1134.3342,-310.00,0.00,11.7988,0.00,812.5354
,,,,,,,,,,,,,,,,,,,,,,,,,,,,,,,,,,,,,,,,,,,,,,,,,,,,,,,,,,,,,,,,,,,,,,,,,,,,,,,,,,,,,,,,,,,,,,,,,,,,,,,,,,,,,,,,,,1139.7842,-310.00,0.00,11.8408,0.00,817.9434
,,,,,,,,,,,,,,,,,,,,,,,,,,,,,,,,,,,,,,,,,,,,,,,,,,,,,,,,,,,,,,,,,,,,,,,,,,,,,,,,,,,,,,,,,,,,,,,,,,,,,,,,,,,,,,,,,,1155.9542,-324.88,0.00,12.5236,0.00,818.5506
,,,,,,,,,,,,,,,,,,,,,,,,,,,,,,,,,,,,,,,,,,,,,,,,,,,,,,,,,,,,,,,,,,,,,,,,,,,,,,,,,,,,,,,,,,,,,,,,,,,,,,,,,,,,,,,,,,1161.4542,-323.91,0.00,12.5779,0.00,824.9663
,,,,,,,,,,,,,,,,,,,,,,,,,,,,,,,,,,,,,,,,,,,,,,,,,,,,,,,,,,,,,,,,,,,,,,,,,,,,,,,,,,,,,,,,,,,,,,,,,,,,,,,,,,,,,,,,,,1152.0154,-309.42,0.00,12.6204,0.00,829.9750
,,,,,,,,,,,,,,,,,,,,,,,,,,,,,,,,,,,,,,,,,,,,,,,,,,,,,,,,,,,,,,,,,,,,,,,,,,,,,,,,,,,,,,,,,,,,,,,,,,,,,,,,,,,,,,,,,,1153.5154,-307.49,0.00,12.6492,0.00,833.3762
,,,,,,,,,,,,,,,,,,,,,,,,,,,,,,,,,,,,,,,,,,,,,,,,,,,,,,,,,,,,,,,,,,,,,,,,,,,,,,,,,,,,,,,,,,,,,,,,,,,,,,,,,,,,,,,,,,1155.0154,-328.74,0.00,12.4833,0.00,813.7921
,,,,,,,,,,,,,,,,,,,,,,,,,,,,,,,,,,,,,,,,,,,,,,,,,,,,,,,,,,,,,,,,,,,,,,,,,,,,,,,,,,,,,,,,,,,,,,,,,,,,,,,,,,,,,,,,,,1153.0154,-323.91,0.00,12.5071,0.00,816.5983
,,,,,,,,,,,,,,,,,,,,,,,,,,,,,,,,,,,,,,,,,,,,,,,,,,,,,,,,,,,,,,,,,,,,,,,,,,,,,,,,,,,,,,,,,,,,,,,,,,,,,,,,,,,,,,,,,,1153.0154,-327.78,0.00,12.4746,0.00,812.7608
,,,,,,,,,,,,,,,,,,,,,,,,,,,,,,,,,,,,,,,,,,,,,,,,,,,,,,,,,,,,,,,,,,,,,,,,,,,,,,,,,,,,,,,,,,,,,,,,,,,,,,,,,,,,,,,,,,1153.0154,-334.54,0.00,12.4178,0.00,806.0576
,,,,,,,,,,,,,,,,,,,,,,,,,,,,,,,,,,,,,,,,,,,,,,,,,,,,,,,,,,,,,,,,,,,,,,,,,,,,,,,,,,,,,,,,,,,,,,,,,,,,,,,,,,,,,,,,,,1147.7654,-350.00,0.00,12.2438,0.00,785.5216
,,,,,,,,,,,,,,,,,,,,,,,,,,,,,,,,,,,,,,,,,,,,,,,,,,,,,,,,,,,,,,,,,,,,,,,,,,,,,,,,,,,,,,,,,,,,,,,,,,,,,,,,,,,,,,,,,,1130.3854,-350.00,0.00,12.0978,0.00,768.2876
,,,,,,,,,,,,,,,,,,,,,,,,,,,,,,,,,,,,,,,,,,,,,,,,,,,,,,,,,,,,,,,,,,,,,,,,,,,,,,,,,,,,,,,,,,,,,,,,,,,,,,,,,,,,,,,,,,1122.9554,-350.00,0.00,12.0390,0.00,760.9164
,,,,,,,,,,,,,,,,,,,,,,,,,,,,,,,,,,,,,,,,,,,,,,,,,,,,,,,,,,,,,,,,,,,,,,,,,,,,,,,,,,,,,,,,,,,,,,,,,,,,,,,,,,,,,,,,,,1123.0654,-350.00,0.00,12.0441,0.00,761.0213
,,,,,,,,,,,,,,,,,,,,,,,,,,,,,,,,,,,,,,,,,,,,,,,,,,,,,,,,,,,,,,,,,,,,,,,,,,,,,,,,,,,,,,,,,,,,,,,,,,,,,,,,,,,,,,,,,,1118.0554,-336.47,0.00,12.1197,0.00,769.4657
,,,,,,,,,,,,,,,,,,,,,,,,,,,,,,,,,,,,,,,,,,,,,,,,,,,,,,,,,,,,,,,,,,,,,,,,,,,,,,,,,,,,,,,,,,,,,,,,,,,,,,,,,,,,,,,,,,1113.4154,-323.91,0.00,12.1905,0.00,777.3149
,,,,,,,,,,,,,,,,,,,,,,,,,,,,,,,,,,,,,,,,,,,,,,,,,,,,,,,,,,,,,,,,,,,,,,,,,,,,,,,,,,,,,,,,,,,,,,,,,,,,,,,,,,,,,,,,,,1087.6554,-315.22,0.00,12.0532,0.00,760.3822
,,,,,,,,,,,,,,,,,,,,,,,,,,,,,,,,,,,,,,,,,,,,,,,,,,,,,,,,,,,,,,,,,,,,,,,,,,,,,,,,,,,,,,,,,,,,,,,,,,,,,,,,,,,,,,,,,,1077.6354,-302.66,0.00,12.0799,0.00,762.8955
,,,,,,,,,,,,,,,,,,,,,,,,,,,,,,,,,,,,,,,,,,,,,,,,,,,,,,,,,,,,,,,,,,,,,,,,,,,,,,,,,,,,,,,,,,,,,,,,,,,,,,,,,,,,,,,,,,1091.6555,-311.36,0.00,12.1316,0.00,768.1639
,,,,,,,,,,,,,,,,,,,,,,,,,,,,,,,,,,,,,,,,,,,,,,,,,,,,,,,,,,,,,,,,,,,,,,,,,,,,,,,,,,,,,,,,,,,,,,,,,,,,,,,,,,,,,,,,,,1081.5355,-306.53,0.00,12.0937,0.00,762.9118
,,,,,,,,,,,,,,,,,,,,,,,,,,,,,,,,,,,,,,,,,,,,,,,,,,,,,,,,,,,,,,,,,,,,,,,,,,,,,,,,,,,,,,,,,,,,,,,,,,,,,,,,,,,,,,,,,,1060.9355,-287.20,0.00,12.0939,0.00,761.6416
,,,,,,,,,,,,,,,,,,,,,,,,,,,,,,,,,,,,,,,,,,,,,,,,,,,,,,,,,,,,,,,,,,,,,,,,,,,,,,,,,,,,,,,,,,,,,,,,,,,,,,,,,,,,,,,,,,1046.2255,-272.71,0.00,12.1012,0.00,761.4143
,,,,,,,,,,,,,,,,,,,,,,,,,,,,,,,,,,,,,,,,,,,,,,,,,,,,,,,,,,,,,,,,,,,,,,,,,,,,,,,,,,,,,,,,,,,,,,,,,,,,,,,,,,,,,,,,,,1033.0361,-268.55,0.00,12.3693,0.00,752.1168
,,,,,,,,,,,,,,,,,,,,,,,,,,,,,,,,,,,,,,,,,,,,,,,,,,,,,,,,,,,,,,,,,,,,,,,,,,,,,,,,,,,,,,,,,,,,,,,,,,,,,,,,,,,,,,,,,,1016.5901,-255.92,0.00,12.3136,0.00,748.3565
,,,,,,,,,,,,,,,,,,,,,,,,,,,,,,,,,,,,,,,,,,,,,,,,,,,,,,,,,,,,,,,,,,,,,,,,,,,,,,,,,,,,,,,,,,,,,,,,,,,,,,,,,,,,,,,,,,998.8895,-301.27,57.25,12.2916,0.00,742.5779
,,,,,,,,,,,,,,,,,,,,,,,,,,,,,,,,,,,,,,,,,,,,,,,,,,,,,,,,,,,,,,,,,,,,,,,,,,,,,,,,,,,,,,,,,,,,,,,,,,,,,,,,,,,,,,,,,,980.3922,-258.43,43.22,12.6711,0.00,752.5111
,,,,,,,,,,,,,,,,,,,,,,,,,,,,,,,,,,,,,,,,,,,,,,,,,,,,,,,,,,,,,,,,,,,,,,,,,,,,,,,,,,,,,,,,,,,,,,,,,,,,,,,,,,,,,,,,,,969.1697,-227.83,38.97,12.4590,0.00,767.8507
,,,,,,,,,,,,,,,,,,,,,,,,,,,,,,,,,,,,,,,,,,,,,,,,,,,,,,,,,,,,,,,,,,,,,,,,,,,,,,,,,,,,,,,,,,,,,,,,,,,,,,,,,,,,,,,,,,960.2496,-202.92,42.25,12.2252,0.00,787.3544
,,,,,,,,,,,,,,,,,,,,,,,,,,,,,,,,,,,,,,,,,,,,,,,,,,,,,,,,,,,,,,,,,,,,,,,,,,,,,,,,,,,,,,,,,,,,,,,,,,,,,,,,,,,,,,,,,,961.9069,-171.55,34.96,12.5168,0.00,812.8001
,,,,,,,,,,,,,,,,,,,,,,,,,,,,,,,,,,,,,,,,,,,,,,,,,,,,,,,,,,,,,,,,,,,,,,,,,,,,,,,,,,,,,,,,,,,,,,,,,,,,,,,,,,,,,,,,,,977.3796,-173.95,33.36,12.6285,0.00,824.1611
,,,,,,,,,,,,,,,,,,,,,,,,,,,,,,,,,,,,,,,,,,,,,,,,,,,,,,,,,,,,,,,,,,,,,,,,,,,,,,,,,,,,,,,,,,,,,,,,,,,,,,,,,,,,,,,,,,991.1296,-177.23,38.03,12.7168,0.00,839.2128
,,,,,,,,,,,,,,,,,,,,,,,,,,,,,,,,,,,,,,,,,,,,,,,,,,,,,,,,,,,,,,,,,,,,,,,,,,,,,,,,,,,,,,,,,,,,,,,,,,,,,,,,,,,,,,,,,,1015.3896,-214.28,49.74,12.7773,0.00,838.0723
,,,,,,,,,,,,,,,,,,,,,,,,,,,,,,,,,,,,,,,,,,,,,,,,,,,,,,,,,,,,,,,,,,,,,,,,,,,,,,,,,,,,,,,,,,,,,,,,,,,,,,,,,,,,,,,,,,1019.3996,-241.56,54.43,12.9515,0.00,819.3181
,,,,,,,,,,,,,,,,,,,,,,,,,,,,,,,,,,,,,,,,,,,,,,,,,,,,,,,,,,,,,,,,,,,,,,,,,,,,,,,,,,,,,,,,,,,,,,,,,,,,,,,,,,,,,,,,,,1019.9196,-258.71,59.99,13.2318,0.00,807.9678
,,,,,,,,,,,,,,,,,,,,,,,,,,,,,,,,,,,,,,,,,,,,,,,,,,,,,,,,,,,,,,,,,,,,,,,,,,,,,,,,,,,,,,,,,,,,,,,,,,,,,,,,,,,,,,,,,,1029.5196,-267.77,58.30,13.5555,0.00,806.4941
,,,,,,,,,,,,,,,,,,,,,,,,,,,,,,,,,,,,,,,,,,,,,,,,,,,,,,,,,,,,,,,,,,,,,,,,,,,,,,,,,,,,,,,,,,,,,,,,,,,,,,,,,,,,,,,,,,1022.1784,-278.15,64.15,13.3562,0.00,794.8222
,,,,,,,,,,,,,,,,,,,,,,,,,,,,,,,,,,,,,,,,,,,,,,,,,,,,,,,,,,,,,,,,,,,,,,,,,,,,,,,,,,,,,,,,,,,,,,,,,,,,,,,,,,,,,,,,,,1003.2284,-291.38,77.12,12.4979,0.00,776.4705
,,,,,,,,,,,,,,,,,,,,,,,,,,,,,,,,,,,,,,,,,,,,,,,,,,,,,,,,,,,,,,,,,,,,,,,,,,,,,,,,,,,,,,,,,,,,,,,,,,,,,,,,,,,,,,,,,,976.8984,-297.50,86.34,11.9061,0.00,753.8323
,,,,,,,,,,,,,,,,,,,,,,,,,,,,,,,,,,,,,,,,,,,,,,,,,,,,,,,,,,,,,,,,,,,,,,,,,,,,,,,,,,,,,,,,,,,,,,,,,,,,,,,,,,,,,,,,,,968.6984,-289.00,50.00,10.5647,0.00,719.1337
,,,,,,,,,,,,,,,,,,,,,,,,,,,,,,,,,,,,,,,,,,,,,,,,,,,,,,,,,,,,,,,,,,,,,,,,,,,,,,,,,,,,,,,,,,,,,,,,,,,,,,,,,,,,,,,,,,971.2584,-297.00,40.00,10.6534,0.00,703.6050
,,,,,,,,,,,,,,,,,,,,,,,,,,,,,,,,,,,,,,,,,,,,,,,,,,,,,,,,,,,,,,,,,,,,,,,,,,,,,,,,,,,,,,,,,,,,,,,,,,,,,,,,,,,,,,,,,,915.7184,-264.00,35.00,9.9096,0.00,676.8088
,,,,,,,,,,,,,,,,,,,,,,,,,,,,,,,,,,,,,,,,,,,,,,,,,,,,,,,,,,,,,,,,,,,,,,,,,,,,,,,,,,,,,,,,,,,,,,,,,,,,,,,,,,,,,,,,,,909.5584,-258.00,20.00,9.8075,0.00,661.7509
,,,,,,,,,,,,,,,,,,,,,,,,,,,,,,,,,,,,,,,,,,,,,,,,,,,,,,,,,,,,,,,,,,,,,,,,,,,,,,,,,,,,,,,,,,,,,,,,,,,,,,,,,,,,,,,,,,907.7984,-250.00,5.00,9.7255,0.00,653.0729
,,,,,,,,,,,,,,,,,,,,,,,,,,,,,,,,,,,,,,,,,,,,,,,,,,,,,,,,,,,,,,,,,,,,,,,,,,,,,,,,,,,,,,,,,,,,,,,,,,,,,,,,,,,,,,,,,,904.6084,-250.00,0.00,9.6987,0.00,644.9097
,,,,,,,,,,,,,,,,,,,,,,,,,,,,,,,,,,,,,,,,,,,,,,,,,,,,,,,,,,,,,,,,,,,,,,,,,,,,,,,,,,,,,,,,,,,,,,,,,,,,,,,,,,,,,,,,,,898.3621,-250.00,0.00,9.6462,0.00,638.7159
,,,,,,,,,,,,,,,,,,,,,,,,,,,,,,,,,,,,,,,,,,,,,,,,,,,,,,,,,,,,,,,,,,,,,,,,,,,,,,,,,,,,,,,,,,,,,,,,,,,,,,,,,,,,,,,,,,889.1421,-250.00,0.00,9.5688,0.00,629.5733
,,,,,,,,,,,,,,,,,,,,,,,,,,,,,,,,,,,,,,,,,,,,,,,,,,,,,,,,,,,,,,,,,,,,,,,,,,,,,,,,,,,,,,,,,,,,,,,,,,,,,,,,,,,,,,,,,,883.8021,-276.44,0.00,9.8759,0.00,597.4862
,,,,,,,,,,,,,,,,,,,,,,,,,,,,,,,,,,,,,,,,,,,,,,,,,,,,,,,,,,,,,,,,,,,,,,,,,,,,,,,,,,,,,,,,,,,,,,,,,,,,,,,,,,,,,,,,,,883.7721,-284.17,0.00,9.8107,0.00,589.7914
,,,,,,,,,,,,,,,,,,,,,,,,,,,,,,,,,,,,,,,,,,,,,,,,,,,,,,,,,,,,,,,,,,,,,,,,,,,,,,,,,,,,,,,,,,,,,,,,,,,,,,,,,,,,,,,,,,886.0634,-284.17,0.00,9.8300,0.00,592.0634
,,,,,,,,,,,,,,,,,,,,,,,,,,,,,,,,,,,,,,,,,,,,,,,,,,,,,,,,,,,,,,,,,,,,,,,,,,,,,,,,,,,,,,,,,,,,,,,,,,,,,,,,,,,,,,,,,,886.0434,-294.17,0.00,9.9138,0.00,581.9596
,,,,,,,,,,,,,,,,,,,,,,,,,,,,,,,,,,,,,,,,,,,,,,,,,,,,,,,,,,,,,,,,,,,,,,,,,,,,,,,,,,,,,,,,,,,,,,,,,,,,,,,,,,,,,,,,,,868.5234,-284.17,0.00,9.6826,0.00,574.6708
,,,,,,,,,,,,,,,,,,,,,,,,,,,,,,,,,,,,,,,,,,,,,,,,,,,,,,,,,,,,,,,,,,,,,,,,,,,,,,,,,,,,,,,,,,,,,,,,,,,,,,,,,,,,,,,,,,858.9134,-284.17,0.00,9.6019,0.00,565.1415
,,,,,,,,,,,,,,,,,,,,,,,,,,,,,,,,,,,,,,,,,,,,,,,,,,,,,,,,,,,,,,,,,,,,,,,,,,,,,,,,,,,,,,,,,,,,,,,,,,,,,,,,,,,,,,,,,,849.3134,-284.17,0.00,9.5213,0.00,555.6221
,,,,,,,,,,,,,,,,,,,,,,,,,,,,,,,,,,,,,,,,,,,,,,,,,,,,,,,,,,,,,,,,,,,,,,,,,,,,,,,,,,,,,,,,,,,,,,,,,,,,,,,,,,,,,,,,,,845.2134,-284.17,0.00,9.4868,0.00,551.5566
