Timeslot,Revisionno,BTPS,PRAGATI,RPH,DADRI_T,GT_OC,CSGS,GT_RLNG,PRG_RLNG,DVC,GT_LF,GT_CC,PRG_G_CC,GT_RLG_C,GT_LF_CC,PG_RLG_C,REGULATE,MTPS6,JHAJJAR,NJPC,CCGT_OC,CCGT_CC,CCGT_RCC,CCGT_ROC,CLPJHAJR,MEJIA7,MAITHON,SECI,RITHL_CC,RITHL_OC,RITHL_RC,RITHL_RO,NHPC,DADRI_T2,ANTA_GF,AURY_GF,FARAKKA,RIHAND1,RIHAND2,RIHAND3,SASAN,SNGRAULI,UNCHHAR1,UNCHHAR2,UNCHHAR3,KAHLGAN1,KAHLGAN2,DADRI_GF,ANTA_RF,AURY_RF,DADRI_RF,KOLDAM,TH_HPP,KTWR_HEP,SEWA2,DMSWSL,NAPP,RAPPB,MUNDRA,RAMPUR,RAPPC,TALA,ANTA_LF,AURY_LF,DADRI_LF,URI,URI2,CHAMERA1,CHAMERA2,CHAMERA3,DHAULIGNGA,DULHASTI,PARBATI3,SALAL,TANAKPUR,BSIUL,UNCHAHAR4,PRG_CCLF,PRG_OCLF,CCGTCCSPOT,CCGTOCSPOT,SNG_HYDRO,SHEP,GIREL,RUMS_DMRC,SEIPL,THPPL,NHPPL,ANTA_CRF,AURY_CRF,DADR_CRF,ALFANR_I,ALFANR_II,ALFANR_III,ERCPL_FTG,ERPCL_FTG2,AP41PL_BHDL,ASE4PL,KUDGI,SRIJAN_M,SITAC_BRPL,SITAC_BYPL,TANDA2,KSHNGNGA,SOLAPUR,MEJA,TWEPL,GBHHPL,THAR_BYPL,THAR_BRPL,ASEJ2PL_BYPL,ASEJ2PL_TPDDL,CHANJUII,SECI_BRPL,SECI_BYPL,SECI_TPDDL
23:45-24:00,77DC2024/04/21,0.00,0.00,0.00,0.00,50.00,0.00,0.00,0.00,271.50,0.00,40.00,270.00,0.00,0.00,30.00,0.00,90.20,674.82,22.29,0.00,320.00,0.00,0.00,115.45,104.18,273.05,0.00,0.00,0.00,0.00,0.00,0.00,688.42,0.00,0.00,17.38,97.06,124.38,130.58,418.77,108.31,22.63,44.91,27.64,46.40,148.30,0.00,48.23,81.59,77.40,4.64,46.22,9.22,19.35,0.00,50.16,0.00,0.00,0.86,33.91,0.00,0.00,0.00,0.00,34.78,37.89,42.15,48.50,23.20,0.00,39.45,0.00,51.13,0.00,0.00,3.09,0.00,0.00,980.00,0.00,0.78,4.97,7.01,0.00,200.00,3.80,4.08,0.00,0.00,0.00,81.50,27.16,27.17,300.00,300.00,100.00,200.00,0.00,23.34,52.00,52.00,5.53,5.56,0.00,16.68,26.53,28.26,300.00,300.00,200.00,200.00,12.45,100.00,100.00,100.00
23:30-23:45,77DC2024/04/21,0.00,0.00,0.00,0.00,50.00,0.00,0.00,0.00,271.50,0.00,40.00,270.00,0.00,0.00,30.00,0.00,90.20,674.82,44.57,0.00,320.00,0.00,0.00,115.45,104.18,273.05,0.00,0.00,0.00,0.00,0.00,0.00,688.42,0.00,0.00,17.38,97.06,124.38,130.58,418.77,108.31,22.63,44.91,27.64,46.40,148.30,0.00,48.23,81.59,77.40,6.96,46.22,9.22,19.35,0.00,50.16,0.00,0.00,1.72,33.91,0.00,0.00,0.00,0.00,34.78,37.89,42.15,48.50,23.20,0.00,39.45,0.00,51.13,0.00,0.00,3.09,0.00,0.00,980.00,0.00,0.78,4.97,7.01,0.00,200.00,3.80,4.08,0.00,0.00,0.00,82.00,27.34,27.33,300.00,300.00,100.00,200.00,0.00,24.00,51.33,51.33,5.53,5.56,0.00,16.68,26.53,28.26,300.00,300.00,200.00,200.00,12.45,100.00,100.00,100.00
23:15-23:30,77DC2024/04/21,0.00,0.00,0.00,0.00,50.00,0.00,0.00,0.00,271.50,0.00,40.00,270.00,0.00,0.00,30.00,0.00,90.20,674.82,66.86,0.00,320.00,0.00,0.00,115.45,104.18,273.05,0.00,0.00,0.00,0.00,0.00,0.00,688.42,0.00,0.00,17.38,97.06,124.38,130.58,418.77,108.31,22.63,44.91,27.64,46.40,148.30,0.00,48.23,81.59,77.40,9.27,46.22,9.22,19.35,0.00,50.16,0.00,0.00,2.59,33.91,0.00,0.00,0.00,0.00,34.78,37.89,42.15,48.50,23.20,0.00,39.45,0.00,51.13,0.00,0.00,3.09,0.00,0.00,980.00,0.00,0.78,4.97,7.01,0.00,200.00,3.80,4.08,0.00,0.00,0.00,81.50,27.16,27.17,300.00,300.00,100.00,200.00,0.00,24.00,52.00,52.00,5.53,5.56,0.00,16.68,26.53,28.26,300.00,300.00,200.00,200.00,12.45,100.00,100.00,100.00
23:00-23:15,77DC2024/04/21,0.00,0.00,0.00,0.00,50.00,0.00,0.00,0.00,271.50,0.00,40.00,270.00,0.00,0.00,30.00,0.00,90.20,674.82,95.94,0.00,320.00,0.00,0.00,115.45,104.18,273.05,0.00,0.00,0.00,0.00,0.00,0.00,688.42,0.00,0.00,17.38,97.06,124.38,130.58,418.77,108.31,22.63,44.91,27.64,46.40,148.30,0.00,48.23,81.59,77.40,9.27,46.22,9.22,19.35,0.00,50.16,0.00,0.00,3.71,33.91,0.00,0.00,0.00,0.00,34.78,37.89,42.15,48.50,23.20,10.86,39.45,0.00,51.13,0.00,0.00,3.09,0.00,0.00,980.00,0.00,0.78,4.97,7.01,0.00,200.00,3.80,3.92,0.00,0.00,0.00,81.00,27.00,27.00,300.00,300.00,100.00,200.00,0.00,24.66,51.67,51.67,5.53,5.56,0.00,16.68,26.53,28.26,300.00,300.00,200.00,200.00,12.45,100.00,100.00,100.00
22:45-23:00,77DC2024/04/21,0.00,0.00,0.00,0.00,50.00,0.00,0.00,0.00,271.50,0.00,40.00,270.00,0.00,0.00,30.00,0.00,90.20,674.82,100.29,0.00,320.00,0.00,0.00,115.45,104.18,273.05,0.00,0.00,0.00,0.00,0.00,0.00,688.42,0.00,0.00,17.38,97.06,124.38,130.58,418.77,108.31,22.63,44.91,27.64,46.40,148.30,0.00,48.23,81.59,77.40,9.27,46.22,9.22,19.35,0.00,50.16,0.00,0.00,3.87,33.91,0.00,0.00,0.00,0.00,34.78,37.89,42.15,48.50,23.20,21.72,39.45,0.00,51.13,0.00,0.00,3.09,0.00,0.00,980.00,0.00,0.78,4.97,7.01,0.00,200.00,3.90,4.08,0.00,0.00,0.00,80.50,26.84,26.83,300.00,300.00,100.00,200.00,0.00,25.34,51.00,51.00,5.53,5.56,0.00,16.68,26.53,29.27,300.00,300.00,200.00,200.00,12.45,100.00,100.00,100.00
22:30-22:45,77DC2024/04/21,0.00,0.00,0.00,0.00,50.00,0.00,0.00,0.00,271.50,0.00,40.00,270.00,0.00,0.00,30.00,0.00,90.20,674.82,137.62,0.00,320.00,0.00,0.00,115.45,104.18,273.05,0.00,0.00,0.00,0.00,0.00,0.00,688.42,0.00,0.00,17.38,97.06,124.38,130.58,418.77,108.31,22.63,44.91,27.64,46.40,148.30,0.00,48.23,81.59,77.40,9.27,46.22,29.40,19.98,0.00,50.16,0.00,0.00,5.31,33.91,0.00,0.00,0.00,0.00,34.78,38.99,42.15,49.58,34.83,32.58,59.18,0.00,52.29,3.07,0.00,3.09,0.00,0.00,980.00,0.00,0.78,4.97,7.01,0.00,200.00,3.90,4.08,0.00,0.00,0.00,81.00,27.00,27.00,300.00,300.00,100.00,200.00,0.00,25.66,50.67,50.67,5.53,5.66,0.00,16.68,26.53,29.27,300.00,300.00,200.00,200.00,12.45,100.00,100.00,100.00
22:15-22:30,77DC2024/04/21,0.00,0.00,0.00,0.00,50.00,0.00,0.00,0.00,271.50,0.00,40.00,270.00,0.00,0.00,30.00,0.00,90.20,674.82,158.79,0.00,320.00,0.00,0.00,115.45,104.18,273.05,0.00,0.00,0.00,0.00,0.00,0.00,688.42,0.00,0.00,17.38,97.06,124.38,130.58,418.77,108.31,22.63,44.91,27.64,46.40,148.30,0.00,48.23,81.59,77.40,9.27,46.22,29.40,19.98,0.00,50.16,0.00,0.00,6.13,33.91,0.00,0.00,0.00,0.00,34.78,38.99,42.15,49.58,34.83,32.58,59.18,0.00,52.29,3.07,0.00,3.09,0.00,0.00,980.00,0.00,0.78,4.51,7.01,0.00,200.00,3.90,4.08,0.00,0.00,0.00,80.50,26.84,26.83,300.00,300.00,100.00,200.00,0.00,26.00,50.00,50.00,5.53,5.66,0.00,16.68,26.53,29.27,300.00,300.00,200.00,200.00,12.45,100.00,100.00,100.00
22:00-22:15,77DC2024/04/21,0.00,0.00,0.00,0.00,50.00,0.00,0.00,0.00,271.50,0.00,40.00,270.00,0.00,0.00,30.00,0.00,90.20,674.82,159.35,0.00,320.00,0.00,0.00,91.79,104.18,273.05,0.00,0.00,0.00,0.00,0.00,0.00,688.42,0.00,0.00,17.38,97.06,124.38,130.58,418.77,108.31,22.63,44.91,27.64,46.40,148.30,0.00,48.23,81.59,77.40,9.27,46.22,29.40,19.98,0.00,50.16,0.00,0.00,6.14,33.91,0.00,0.00,0.00,0.00,34.78,38.99,42.15,49.58,34.83,32.58,59.18,0.00,52.29,3.07,0.00,3.09,0.00,0.00,980.00,0.00,0.78,4.51,7.01,0.00,200.00,3.90,4.08,0.00,0.00,0.00,80.00,26.66,26.67,300.00,300.00,100.00,200.00,0.00,26.66,49.33,49.33,5.53,5.66,0.00,16.68,26.53,29.27,300.00,300.00,200.00,200.00,12.45,100.00,100.00,100.00
21:45-22:00,77DC2024/04/21,0.00,0.00,0.00,0.00,50.00,0.00,0.00,0.00,271.50,0.00,40.00,270.00,0.00,0.00,30.00,0.00,90.20,674.82,137.62,0.00,320.00,0.00,0.00,83.27,104.18,273.05,0.00,0.00,0.00,0.00,0.00,0.00,688.72,0.00,0.00,17.38,97.06,124.38,130.58,418.77,110.33,22.63,44.91,27.64,46.40,148.30,0.00,48.23,81.59,77.40,9.27,46.22,29.40,19.98,0.00,50.16,0.00,0.00,5.31,33.91,0.00,0.00,0.00,0.00,34.78,38.99,42.15,49.58,34.83,32.58,59.18,0.00,52.29,3.07,0.00,3.09,0.00,0.00,980.00,0.00,0.78,4.66,7.01,0.00,200.00,4.00,100.00,0.00,0.00,0.00,66.00,22.00,22.00,300.00,300.00,100.00,200.00,0.00,20.34,42.00,42.00,5.53,5.66,0.00,16.68,26.53,29.27,300.00,300.00,200.00,200.00,12.26,100.00,100.00,100.00
21:30-21:45,77DC2024/04/21,0.00,0.00,0.00,0.00,50.00,0.00,0.00,0.00,271.50,0.00,40.00,270.00,0.00,0.00,30.00,0.00,90.20,674.82,137.62,0.00,320.00,0.00,0.00,74.75,104.18,273.05,0.00,0.00,0.00,0.00,0.00,0.00,688.72,0.00,0.00,17.38,97.06,124.38,130.58,418.77,110.33,22.63,44.91,27.64,46.40,148.30,0.00,48.23,81.59,77.40,9.27,46.22,9.22,19.35,0.00,50.16,0.00,0.00,5.31,33.91,0.00,0.00,0.00,0.00,34.78,37.89,42.15,48.50,34.83,32.58,39.45,0.00,51.13,0.77,0.00,3.09,0.00,0.00,980.00,0.00,0.78,4.66,7.01,0.00,200.00,4.00,100.00,0.00,0.00,0.00,66.00,22.00,22.00,300.00,300.00,100.00,200.00,0.00,19.66,42.67,42.67,5.53,5.56,0.00,16.68,26.53,29.27,300.00,300.00,200.00,200.00,12.26,100.00,100.00,100.00
21:15-21:30,77DC2024/04/21,0.00,0.00,0.00,0.00,50.00,0.00,0.00,0.00,271.50,0.00,40.00,270.00,0.00,0.00,30.00,0.00,90.20,674.82,122.58,0.00,320.00,0.00,0.00,66.24,104.18,231.77,0.00,0.00,0.00,0.00,0.00,0.00,688.72,0.00,0.00,17.38,97.06,124.38,130.58,418.77,110.33,22.63,44.91,27.64,46.40,148.30,0.00,48.23,81.59,77.40,9.27,46.22,9.22,19.35,0.00,50.16,0.00,0.00,4.73,33.91,0.00,0.00,0.00,0.00,34.78,37.89,42.15,48.50,34.83,32.58,39.45,0.00,51.13,0.77,0.00,3.09,0.00,0.00,980.00,0.00,0.78,4.66,7.01,0.00,200.00,4.00,100.00,0.00,0.00,0.00,66.00,22.00,22.00,300.00,300.00,100.00,200.00,0.00,19.34,43.33,43.33,5.53,5.56,0.00,16.68,26.53,29.27,300.00,300.00,200.00,200.00,12.26,100.00,100.00,100.00
21:00-21:15,77DC2024/04/21,0.00,0.00,0.00,0.00,50.00,0.00,0.00,0.00,271.50,0.00,40.00,270.00,0.00,0.00,30.00,0.00,90.20,674.82,122.58,0.00,320.00,0.00,0.00,66.24,104.18,273.05,0.00,0.00,0.00,0.00,0.00,0.00,688.72,0.00,0.00,17.38,97.06,124.38,130.58,418.77,110.33,22.63,44.91,27.64,46.40,148.30,0.00,48.23,81.59,77.40,8.15,46.22,9.22,19.35,0.00,50.16,0.00,0.00,4.73,33.91,0.00,0.00,0.00,0.00,34.78,37.89,42.15,48.50,34.83,32.58,39.45,0.00,51.13,0.77,0.00,3.09,0.00,0.00,980.00,0.00,0.78,4.66,7.01,0.00,200.00,4.00,100.00,0.00,0.00,0.00,66.00,22.00,22.00,300.00,300.00,100.00,200.00,0.00,19.34,43.67,43.67,5.53,5.56,0.00,16.68,26.53,29.27,300.00,300.00,200.00,200.00,12.26,100.00,100.00,100.00
20:45-21:00,77DC2024/04/21,0.00,0.00,0.00,0.00,50.00,0.00,0.00,0.00,271.50,0.00,40.00,270.00,0.00,0.00,30.00,0.00,90.20,674.82,122.58,0.00,320.00,0.00,0.00,70.40,104.18,273.05,0.00,0.00,0.00,0.00,0.00,0.00,688.72,0.00,0.00,17.38,97.06,124.38,130.58,418.77,110.33,22.63,44.91,27.64,46.40,148.30,0.00,48.23,80.92,77.40,8.08,46.22,9.22,19.35,0.00,50.16,0.00,0.00,4.73,33.91,0.00,0.00,0.00,0.00,34.78,37.89,42.15,48.50,34.83,32.58,39.45,0.00,51.13,0.77,0.00,3.09,0.00,0.00,980.00,0.00,0.78,4.11,7.01,0.00,200.00,4.00,100.00,0.00,0.00,0.00,66.00,22.00,22.00,300.00,300.00,100.00,200.00,0.00,15.34,38.00,38.00,5.53,5.56,0.00,16.68,26.53,30.27,300.00,300.00,200.00,200.00,12.26,100.00,100.00,100.00
20:30-20:45,77DC2024/04/21,0.00,0.00,0.00,0.00,50.00,0.00,0.00,0.00,271.50,0.00,40.00,270.00,0.00,0.00,30.00,0.00,90.20,674.82,137.62,0.00,320.00,0.00,0.00,70.40,104.18,273.05,0.00,0.00,0.00,0.00,0.00,0.00,688.72,0.00,0.00,17.38,97.06,124.38,130.58,418.77,110.33,22.63,44.91,27.64,46.40,148.30,0.00,48.23,80.92,77.40,9.27,46.22,9.22,19.35,0.00,50.16,0.00,0.00,5.31,33.91,0.00,0.00,0.00,0.00,34.78,37.89,42.15,48.50,34.83,32.58,39.45,3.81,51.13,0.77,0.00,3.09,0.00,0.00,980.00,0.00,0.78,4.11,7.01,0.00,200.00,4.00,100.00,0.00,0.00,0.00,67.00,22.34,22.33,300.00,300.00,100.00,200.00,0.00,16.34,40.33,40.33,5.53,5.56,0.00,16.68,26.53,30.27,300.00,300.00,200.00,200.00,12.26,100.00,100.00,100.00
20:15-20:30,77DC2024/04/21,0.00,0.00,0.00,0.00,50.00,0.00,0.00,0.00,271.50,0.00,40.00,270.00,0.00,0.00,30.00,0.00,90.20,674.82,159.35,0.00,320.00,0.00,0.00,70.40,104.18,273.05,0.00,0.00,0.00,0.00,0.00,0.00,688.72,0.00,0.00,17.38,97.06,124.38,130.58,418.77,110.33,22.63,44.91,27.64,46.40,148.30,0.00,48.23,80.92,77.40,9.27,46.22,10.38,19.98,0.00,50.16,0.00,0.00,6.14,33.91,0.00,0.00,0.00,0.00,34.78,38.99,42.15,49.58,34.83,43.54,59.18,19.60,79.38,6.41,0.00,3.09,0.00,0.00,980.00,0.00,0.78,4.27,7.01,0.00,200.00,4.00,100.00,0.00,0.00,0.00,68.00,22.66,22.67,300.00,300.00,100.00,200.00,0.00,17.34,44.67,44.67,5.53,5.66,0.00,16.68,26.53,30.27,300.00,300.00,200.00,200.00,12.26,100.00,100.00,100.00
20:00-20:15,77DC2024/04/21,0.00,0.00,0.00,0.00,50.00,0.00,0.00,0.00,271.50,0.00,40.00,270.00,0.00,0.00,30.00,0.00,90.20,674.82,159.35,0.00,320.00,0.00,0.00,70.40,104.18,273.05,0.00,0.00,0.00,0.00,0.00,0.00,688.72,0.00,0.00,17.38,97.06,124.38,130.58,418.77,110.33,22.63,44.91,27.64,46.40,148.30,0.00,48.23,80.92,77.40,9.27,46.22,10.38,19.98,0.00,50.16,0.00,0.00,6.14,33.91,0.00,0.00,0.00,0.00,34.78,38.99,42.15,49.58,34.83,43.54,59.18,39.19,79.38,6.41,0.00,3.09,0.00,0.00,980.00,0.00,0.78,4.27,7.01,0.00,200.00,4.00,100.00,0.00,0.00,0.00,67.50,22.50,22.50,300.00,300.00,100.00,200.00,0.00,18.66,48.00,48.00,5.53,5.66,0.00,16.68,26.53,30.27,300.00,300.00,200.00,200.00,12.26,100.00,100.00,100.00
19:45-20:00,77DC2024/04/21,0.00,0.00,0.00,0.00,50.00,0.00,0.00,0.00,271.50,0.00,40.00,270.00,0.00,0.00,30.00,0.00,90.20,674.82,159.35,0.00,320.00,0.00,0.00,70.40,104.18,273.05,0.00,0.00,0.00,0.00,0.00,0.00,688.72,0.00,0.00,20.80,97.06,124.38,130.58,418.77,110.33,22.63,44.91,27.64,46.40,148.30,0.00,48.23,80.92,77.40,9.27,46.22,10.38,19.98,0.00,50.16,0.00,0.00,6.14,33.91,0.00,0.00,0.00,0.00,34.78,38.99,42.15,49.58,34.83,43.54,59.18,39.19,79.38,6.41,0.00,3.09,0.00,0.00,980.00,0.00,0.78,4.27,7.01,0.00,200.00,3.90,100.00,0.00,0.00,0.00,68.00,22.66,22.67,300.00,300.00,100.00,200.00,0.00,20.66,50.00,50.00,5.53,5.66,0.00,16.68,26.53,30.27,300.00,300.00,200.00,200.00,12.08,100.00,100.00,100.00
19:30-19:45,77DC2024/04/21,0.00,0.00,0.00,0.00,50.00,0.00,0.00,0.00,271.50,0.00,40.00,270.00,0.00,0.00,30.00,0.00,90.20,674.82,159.35,0.00,320.00,0.00,0.00,70.40,104.18,273.05,0.00,0.00,0.00,0.00,0.00,0.00,688.72,0.00,0.00,20.80,97.06,124.38,130.58,418.77,110.33,22.63,44.91,27.64,46.40,148.30,0.00,48.23,80.92,77.40,9.27,46.22,10.38,19.98,0.00,50.16,0.00,0.00,6.14,33.91,0.00,0.00,0.00,0.00,34.78,38.99,42.15,49.58,34.83,43.54,59.18,39.19,79.38,6.41,0.00,3.09,0.00,0.00,980.00,0.00,0.78,4.27,7.01,0.00,200.00,3.90,100.00,0.00,0.00,0.00,71.50,23.84,23.83,0.33,0.06,100.00,200.00,0.00,22.66,55.00,55.00,5.53,5.66,0.00,16.68,26.53,30.27,300.00,300.00,200.00,200.00,12.08,100.00,100.00,100.00
19:15-19:30,77DC2024/04/21,0.00,0.00,0.00,0.00,50.00,0.00,0.00,0.00,271.50,0.00,40.00,270.00,0.00,0.00,30.00,0.00,90.20,674.82,159.35,0.00,320.00,0.00,0.00,70.40,104.18,273.05,0.00,0.00,0.00,0.00,0.00,0.00,688.72,0.00,0.00,20.80,97.06,124.38,130.58,418.77,110.33,22.63,44.91,27.64,46.40,148.30,0.00,48.23,80.92,77.40,9.27,46.22,10.38,19.98,0.00,50.16,0.00,0.00,6.14,33.91,0.00,0.00,0.00,0.00,34.78,38.99,42.15,49.58,34.83,43.54,59.18,39.19,79.38,6.41,0.00,3.09,0.00,0.00,980.00,0.00,0.78,4.27,7.61,0.00,200.00,3.90,100.00,0.00,0.00,0.00,75.50,25.16,25.17,1.28,0.26,100.00,200.00,0.00,24.00,60.67,60.67,5.53,5.66,0.00,16.68,26.53,30.27,300.00,300.00,200.00,200.00,12.08,100.00,100.00,100.00
19:00-19:15,77DC2024/04/21,0.00,0.00,0.00,0.00,50.00,0.00,0.00,0.00,271.50,0.00,40.00,270.00,0.00,0.00,30.00,0.00,90.20,674.82,159.35,0.00,320.00,0.00,0.00,66.24,104.18,273.05,0.00,0.00,0.00,0.00,0.00,0.00,688.72,0.00,0.00,20.80,97.06,124.38,130.58,418.77,110.33,22.63,44.91,27.64,46.40,148.30,0.00,48.23,80.92,77.40,9.27,46.22,10.38,19.98,0.00,50.16,0.00,0.00,6.14,33.91,0.00,0.00,0.00,0.00,34.78,38.99,42.15,49.58,34.83,43.54,59.18,19.60,79.38,6.41,0.00,3.09,0.00,0.00,980.00,0.00,0.78,4.27,8.21,0.00,200.00,3.90,100.00,0.00,0.00,0.00,79.50,26.50,26.50,2.89,0.58,100.00,200.00,0.00,25.00,63.33,63.33,5.53,5.66,0.00,16.68,26.53,30.27,300.00,300.00,200.00,200.00,12.08,100.00,100.00,100.00
18:45-19:00,77DC2024/04/21,0.00,0.00,0.00,0.00,50.00,0.00,0.00,0.00,271.50,0.00,40.00,270.00,0.00,0.00,30.00,0.00,90.20,674.82,159.35,0.00,320.00,0.00,0.00,66.24,104.18,273.05,0.00,0.00,0.00,0.00,0.00,0.00,688.72,0.00,0.00,20.80,97.06,124.38,130.58,418.77,110.33,22.63,44.91,27.64,46.40,148.30,0.00,48.23,80.92,77.40,9.27,46.22,10.38,19.98,0.00,50.16,0.00,0.00,6.14,33.91,0.00,0.00,0.00,0.00,34.78,38.99,42.15,49.58,34.83,43.54,59.18,3.81,79.38,6.41,0.00,3.09,0.00,0.00,980.00,0.00,0.78,4.27,9.01,0.00,200.00,3.80,100.00,0.00,0.00,0.00,83.50,27.84,27.83,5.14,1.03,100.00,0.50,0.00,25.66,64.67,64.67,5.53,5.66,0.00,16.68,26.53,30.27,300.00,1.00,200.00,200.00,11.90,0.32,0.31,0.31
18:30-18:45,77DC2024/04/21,0.00,0.00,0.00,0.00,50.00,0.00,0.00,0.00,271.50,0.00,40.00,270.00,0.00,0.00,30.00,0.00,90.20,674.82,159.35,0.00,320.00,0.00,0.00,66.24,104.18,273.05,0.00,0.00,0.00,0.00,0.00,0.00,688.72,0.00,0.00,20.80,97.06,124.38,130.58,418.77,110.33,22.63,44.91,27.64,46.40,148.30,0.00,48.23,80.92,77.40,9.27,46.22,10.38,19.98,0.00,50.16,0.00,0.00,6.14,33.91,0.00,0.00,0.00,0.00,34.78,38.99,42.15,49.58,34.83,32.58,59.18,0.00,79.38,6.41,0.00,3.09,0.00,0.00,980.00,0.00,0.78,4.27,10.01,0.00,0.94,3.80,100.00,0.00,0.00,0.00,85.50,28.50,28.50,14.62,2.92,1.78,1.00,0.00,26.00,65.33,65.33,5.53,5.66,0.00,16.68,26.53,29.27,300.00,1.00,200.00,1.00,11.90,0.63,0.61,0.61
18:15-18:30,77DC2024/04/21,0.00,0.00,0.00,0.00,50.00,0.00,0.00,0.00,271.50,0.00,40.00,270.00,0.00,0.00,30.00,0.00,90.20,674.82,122.58,0.00,320.00,0.00,0.00,66.24,104.18,273.05,0.33,0.00,0.00,0.00,0.00,0.00,688.72,0.00,0.00,20.80,97.06,124.38,130.58,418.77,110.33,22.63,44.91,27.64,46.40,148.30,0.00,48.23,80.92,77.40,4.33,46.22,9.22,19.35,0.00,50.16,0.00,0.00,4.73,33.91,0.00,0.00,0.00,0.00,34.78,37.89,42.15,32.33,23.20,21.72,39.45,0.00,52.29,2.56,0.00,3.09,0.00,0.00,980.00,0.00,0.78,4.04,17.60,0.00,2.46,3.80,100.00,0.00,0.00,0.00,85.50,28.50,28.50,24.08,4.82,4.10,2.00,0.00,26.34,65.67,65.67,5.53,5.56,0.00,16.68,26.53,28.26,1.00,4.00,2.00,5.00,11.90,1.50,1.46,1.46
18:00-18:15,77DC2024/04/21,0.00,0.00,0.00,0.00,50.00,0.00,0.00,0.00,271.50,0.00,40.00,270.00,0.00,0.00,30.00,0.00,90.20,674.82,110.09,0.00,320.00,0.00,0.00,70.40,104.18,273.05,0.97,0.00,0.00,0.00,0.00,0.00,688.72,0.00,0.00,20.80,97.06,124.38,130.58,418.77,110.33,22.63,44.91,27.64,46.40,148.30,0.00,48.23,80.92,77.40,3.75,46.22,9.22,19.35,0.00,50.16,0.00,0.00,4.25,33.91,0.00,0.00,0.00,0.00,34.78,37.89,42.15,32.33,23.20,10.86,39.45,0.00,38.35,2.56,0.00,3.09,0.00,0.00,980.00,0.00,0.78,4.04,19.00,0.00,4.65,3.80,100.00,0.00,0.00,0.00,85.50,28.50,28.50,33.55,6.71,7.58,4.00,0.00,26.66,66.00,66.00,5.53,5.56,0.00,16.68,26.53,27.25,3.00,7.00,5.00,9.00,11.90,2.38,2.32,2.32
17:45-18:00,77DC2024/04/21,0.00,0.00,0.00,0.00,50.00,0.00,0.00,0.00,271.50,0.00,40.00,270.00,0.00,0.00,30.00,0.00,90.20,674.82,82.57,0.00,320.00,0.00,0.00,70.40,104.18,273.05,2.15,0.00,0.00,0.00,0.00,0.00,688.72,0.00,0.00,20.80,97.06,124.38,130.58,418.77,110.33,22.63,44.91,27.64,46.40,148.30,0.00,48.23,80.25,77.40,3.75,23.11,9.22,19.35,0.00,50.16,0.00,0.00,3.19,33.91,0.00,0.00,0.00,0.00,34.78,37.89,42.15,32.33,23.20,10.86,19.73,0.00,38.35,1.92,0.00,3.09,0.00,0.00,950.00,0.00,0.78,4.04,20.60,0.00,8.39,3.67,100.00,0.00,0.00,0.00,85.50,28.50,28.50,43.03,8.60,12.00,6.00,0.00,26.34,66.00,66.00,5.53,5.56,0.00,16.68,26.53,26.75,6.00,14.00,6.00,11.00,11.80,3.47,3.39,3.39
17:30-17:45,77DC2024/04/21,0.00,0.00,0.00,0.00,50.00,0.00,0.00,0.00,271.50,0.00,40.00,270.00,0.00,0.00,30.00,0.00,90.20,674.82,50.14,0.00,320.00,0.00,0.00,70.40,104.18,273.05,3.75,0.00,0.00,0.00,0.00,0.00,688.72,0.00,0.00,20.80,97.06,124.38,130.58,418.77,110.33,22.63,44.91,27.64,46.40,148.30,0.00,48.23,80.25,77.40,1.87,11.55,9.22,19.35,0.00,50.16,0.00,0.00,1.94,33.91,0.00,0.00,0.00,0.00,34.78,37.89,42.15,16.17,11.60,10.86,19.73,0.00,38.35,2.56,0.00,3.09,0.00,0.00,950.00,0.00,0.78,4.04,22.01,0.00,12.68,3.67,100.00,0.00,0.00,0.00,85.50,28.50,28.50,51.42,10.28,16.96,9.50,0.00,26.34,66.00,66.00,5.53,5.56,0.00,16.68,26.53,26.75,12.00,28.00,8.00,15.00,11.80,4.56,4.46,4.46
17:15-17:30,77DC2024/04/21,0.00,0.00,0.00,0.00,50.00,0.00,0.00,0.00,271.50,0.00,40.00,270.00,0.00,0.00,30.00,0.00,90.20,674.82,50.14,0.00,320.00,0.00,0.00,70.40,104.18,273.05,5.75,0.00,0.00,0.00,0.00,0.00,688.72,0.00,0.00,20.80,97.06,124.38,130.58,418.77,110.33,22.63,44.91,27.64,46.40,148.30,0.00,48.23,80.25,77.40,0.00,0.00,9.22,19.35,0.00,50.16,0.00,0.00,1.94,33.91,0.00,0.00,0.00,0.00,34.78,37.89,42.15,16.17,11.60,10.86,19.73,0.00,38.35,2.56,0.00,3.09,0.00,0.00,950.00,0.00,0.78,4.04,28.21,0.00,18.22,3.67,100.00,0.00,0.00,0.00,85.50,28.50,28.50,62.97,12.59,22.10,12.00,0.00,26.66,66.00,66.00,5.53,5.56,0.00,16.68,26.53,26.24,19.00,46.00,11.00,22.00,11.80,5.72,5.59,5.59
17:00-17:15,77DC2024/04/21,0.00,0.00,0.00,0.00,50.00,0.00,0.00,0.00,271.50,0.00,40.00,270.00,0.00,0.00,30.00,0.00,90.20,674.82,50.14,0.00,320.00,0.00,0.00,70.40,104.18,273.05,8.47,0.00,0.00,0.00,0.00,0.00,688.72,0.00,0.00,20.80,97.06,124.38,130.58,418.77,110.33,22.63,44.91,27.64,46.40,148.30,0.00,48.23,80.25,77.40,0.00,0.00,9.22,19.35,0.00,50.16,0.00,0.00,1.94,33.91,0.00,0.00,0.00,0.00,34.78,37.89,42.15,16.17,0.00,10.86,19.73,0.00,38.35,2.56,0.00,3.09,0.00,0.00,950.00,0.00,0.78,4.04,29.22,0.00,24.42,3.67,100.00,0.00,0.00,0.00,85.50,28.50,28.50,71.30,14.26,27.25,14.50,0.00,26.66,66.00,66.00,5.53,5.56,0.00,16.68,26.53,26.24,25.00,60.00,14.00,28.00,11.80,6.89,6.71,6.71
16:45-17:00,77DC2024/04/21,0.00,0.00,0.00,0.00,50.00,0.00,0.00,0.00,271.50,0.00,40.00,270.00,0.00,0.00,30.00,0.00,90.20,674.82,50.14,0.00,320.00,0.00,0.00,93.68,104.18,273.05,10.81,0.00,0.00,0.00,0.00,0.00,688.72,0.00,0.00,20.80,97.06,124.38,130.58,418.77,110.33,22.63,44.91,27.64,46.40,148.30,0.00,48.23,80.25,77.40,0.00,0.00,0.00,19.35,0.00,50.16,0.00,0.00,1.94,33.91,0.00,0.00,0.00,0.00,34.78,37.89,42.15,4.09,0.00,10.86,19.73,0.00,38.35,3.20,0.00,3.09,0.00,0.00,950.00,0.00,0.78,3.88,25.01,0.00,31.04,3.52,100.00,0.00,0.00,0.00,84.50,28.16,28.17,79.63,15.93,32.85,18.00,0.00,25.66,66.00,66.00,5.53,5.56,0.00,16.68,26.53,25.74,31.00,74.00,16.00,32.00,11.62,7.11,6.94,6.94
16:30-16:45,77DC2024/04/21,0.00,0.00,0.00,0.00,50.00,0.00,0.00,0.00,271.50,0.00,40.00,270.00,0.00,0.00,30.00,0.00,90.20,674.82,50.14,0.00,320.00,0.00,0.00,85.17,104.18,273.05,14.24,0.00,0.00,0.00,0.00,0.00,688.72,0.00,0.00,20.80,97.06,124.38,130.58,418.77,110.33,22.63,44.91,27.64,46.40,148.30,0.00,48.23,80.25,77.40,0.00,0.00,0.00,19.35,0.00,50.16,0.00,0.00,1.94,33.91,0.00,0.00,0.00,0.00,34.78,37.89,42.15,0.00,0.00,10.86,19.73,0.00,38.35,3.20,0.00,3.09,0.00,0.00,950.00,0.00,0.78,3.88,26.41,0.00,38.03,3.52,100.00,0.00,0.00,0.00,83.00,27.66,27.67,87.97,17.59,38.39,21.00,0.00,25.00,66.00,66.00,5.53,5.56,0.00,16.68,26.53,25.74,37.00,88.00,19.00,39.00,11.62,7.34,7.16,7.16
16:15-16:30,77DC2024/04/21,0.00,0.00,0.00,0.00,50.00,0.00,0.00,0.00,271.50,0.00,40.00,270.00,0.00,0.00,30.00,0.00,90.20,674.82,50.14,0.00,320.00,0.00,0.00,85.17,104.18,273.05,17.70,0.00,0.00,0.00,0.00,0.00,688.72,0.00,0.00,20.80,97.06,124.38,130.58,418.77,110.33,22.63,44.91,27.64,46.40,148.30,0.00,48.23,80.25,77.40,0.00,0.00,0.00,19.35,0.00,50.16,0.00,0.00,1.94,33.91,0.00,0.00,0.00,0.00,34.78,37.89,42.15,0.00,0.00,10.86,19.73,0.00,52.29,3.20,0.00,3.09,0.00,0.00,950.00,0.00,0.78,3.88,27.01,0.00,45.85,3.52,100.00,0.00,0.00,0.00,80.50,26.84,26.83,112.86,22.57,43.35,23.00,0.00,20.66,61.00,61.00,5.53,5.56,0.00,16.68,26.53,25.23,43.00,102.00,23.00,45.00,11.62,7.70,7.51,7.51
16:00-16:15,77DC2024/04/21,0.00,0.00,0.00,0.00,50.00,0.00,0.00,0.00,271.50,0.00,40.00,270.00,0.00,0.00,30.00,0.00,90.20,674.82,22.29,0.00,320.00,0.00,0.00,85.17,104.18,273.05,21.63,0.00,0.00,0.00,0.00,0.00,688.72,0.00,0.00,20.80,97.06,124.38,130.58,418.77,110.33,22.63,44.91,27.64,46.40,148.30,0.00,48.23,80.25,77.40,0.00,0.00,0.00,19.35,0.00,50.16,0.00,0.00,0.86,33.91,0.00,0.00,0.00,0.00,34.78,37.89,42.15,0.00,0.00,10.86,19.73,0.00,52.29,3.20,0.00,3.09,0.00,0.00,950.00,0.00,0.78,3.88,27.41,0.00,54.64,3.52,100.00,0.00,0.00,0.00,77.00,25.66,25.67,126.78,25.36,48.07,26.00,0.00,20.34,60.00,60.00,5.53,5.56,0.00,16.68,26.53,24.73,49.00,116.00,26.00,53.00,11.62,8.05,7.85,7.85
15:45-16:00,77DC2024/04/21,0.00,0.00,0.00,0.00,50.00,0.00,0.00,0.00,271.50,0.00,40.00,270.00,0.00,0.00,30.00,0.00,90.20,674.82,0.00,0.00,320.00,0.00,0.00,85.17,104.18,273.05,25.32,0.00,0.00,0.00,0.00,0.00,688.72,0.00,0.00,20.80,97.06,124.38,130.58,418.77,110.33,22.63,44.91,27.64,46.40,148.30,0.00,48.23,80.25,77.40,0.00,0.00,0.00,19.35,0.00,50.16,0.00,0.00,0.00,33.91,0.00,0.00,0.00,0.00,34.78,37.89,42.15,0.00,0.00,0.00,19.73,0.00,52.29,0.00,0.00,3.09,0.00,0.00,950.00,0.00,0.78,3.88,27.61,0.00,63.52,3.39,100.00,0.00,0.00,0.00,73.00,24.34,24.33,156.34,31.27,58.42,28.50,0.00,20.00,58.33,58.33,5.53,5.56,0.00,16.68,26.25,24.22,55.00,130.00,30.00,59.00,11.52,8.23,8.03,8.03
15:30-15:45,77DC2024/04/21,0.00,0.00,0.00,0.00,50.00,0.00,0.00,0.00,271.50,0.00,40.00,270.00,0.00,0.00,30.00,0.00,90.20,674.82,0.00,0.00,320.00,0.00,0.00,70.40,104.18,273.05,28.89,0.00,0.00,0.00,0.00,0.00,688.72,0.00,0.00,20.80,97.06,124.38,130.58,418.77,110.33,22.63,44.91,27.64,46.40,148.30,0.00,48.23,80.25,77.40,0.00,0.00,0.00,19.35,0.00,50.16,0.00,0.00,0.00,33.91,0.00,0.00,0.00,0.00,40.85,37.89,42.15,0.00,0.00,0.00,19.73,0.00,52.29,0.00,0.00,3.09,0.00,0.00,950.00,0.00,0.78,3.88,27.61,0.00,72.24,3.39,100.00,0.00,0.00,0.00,68.00,22.66,22.67,168.16,33.63,63.21,31.50,0.00,19.66,56.67,56.67,5.53,5.56,0.00,16.68,26.25,23.72,61.00,144.00,33.00,66.00,11.52,8.42,8.21,8.21
15:15-15:30,77DC2024/04/21,0.00,0.00,0.00,0.00,50.00,0.00,0.00,0.00,271.50,0.00,40.00,270.00,0.00,0.00,30.00,0.00,90.20,674.82,0.00,0.00,320.00,0.00,0.00,70.40,104.18,273.05,32.25,0.00,0.00,0.00,0.00,0.00,688.72,0.00,0.00,20.80,97.06,124.38,130.58,418.77,110.33,22.63,44.91,27.64,46.40,148.30,0.00,48.23,80.25,77.40,0.00,0.00,0.00,19.35,0.00,50.16,0.00,0.00,0.00,33.91,0.00,0.00,0.00,0.00,40.85,37.89,42.15,0.00,0.00,0.00,19.73,0.00,52.29,0.00,0.00,3.09,0.00,0.00,950.00,0.00,0.78,3.88,25.41,0.00,80.78,3.39,100.00,0.00,0.00,0.00,64.50,21.50,21.50,179.98,36.00,67.76,33.00,0.00,19.66,56.00,56.00,5.53,5.56,0.00,16.68,26.25,23.72,67.00,158.00,36.00,72.00,11.52,9.02,8.81,8.81
15:00-15:15,77DC2024/04/21,0.00,0.00,0.00,0.00,50.00,0.00,0.00,0.00,271.50,0.00,40.00,270.00,0.00,0.00,30.00,0.00,90.20,674.82,0.00,0.00,320.00,0.00,0.00,70.40,104.18,273.05,35.45,0.00,0.00,0.00,0.00,0.00,688.72,0.00,0.00,20.80,97.06,124.38,130.58,418.77,110.33,22.63,44.91,27.64,46.40,148.30,0.00,48.23,80.25,77.40,0.00,0.00,0.00,19.35,0.00,50.16,0.00,0.00,0.00,33.91,0.00,0.00,0.00,0.00,40.85,37.89,28.10,0.00,0.00,0.00,19.73,0.00,52.29,0.00,0.00,3.09,0.00,0.00,950.00,0.00,0.78,3.88,25.01,0.00,88.52,3.39,100.00,0.00,0.00,0.00,63.00,21.00,21.00,191.83,38.36,71.98,35.00,0.00,19.00,55.00,55.00,5.53,5.56,0.00,16.68,26.25,23.22,70.00,165.00,39.00,79.00,11.52,13.40,13.07,13.07
14:45-15:00,77DC2024/04/21,0.00,0.00,0.00,0.00,50.00,0.00,0.00,0.00,271.50,0.00,40.00,270.00,0.00,0.00,30.00,0.00,90.20,674.82,0.00,0.00,320.00,0.00,0.00,70.40,104.18,231.77,38.33,0.00,0.00,0.00,0.00,0.00,688.72,0.00,0.00,20.80,97.06,124.38,130.58,418.77,110.33,22.63,44.91,27.64,46.40,148.30,0.00,48.23,80.25,77.40,0.00,0.00,0.00,19.35,0.00,50.16,0.00,0.00,0.00,33.91,0.00,0.00,0.00,0.00,34.78,37.89,14.05,0.00,0.00,0.00,19.73,0.00,52.29,0.00,0.00,3.09,0.00,0.00,950.00,0.00,0.78,3.88,25.21,0.00,95.04,3.39,100.00,0.00,0.00,0.00,61.50,20.50,20.50,211.13,42.22,75.19,39.50,0.00,19.00,46.00,46.00,5.53,5.56,0.00,16.68,26.25,23.22,75.00,175.00,43.00,87.00,11.43,13.92,13.58,13.58
14:30-14:45,77DC2024/04/21,0.00,0.00,0.00,0.00,50.00,0.00,0.00,0.00,271.50,0.00,40.00,270.00,0.00,0.00,30.00,0.00,90.20,674.82,0.00,0.00,320.00,0.00,0.00,70.40,104.18,231.77,40.74,0.00,0.00,0.00,0.00,0.00,688.72,0.00,0.00,20.80,97.06,124.38,130.58,418.77,110.33,22.63,44.91,27.64,46.40,148.30,0.00,48.23,80.25,77.40,0.00,0.00,0.00,19.35,0.00,50.16,0.00,0.00,0.00,33.91,0.00,0.00,0.00,0.00,34.78,37.89,14.05,0.00,0.00,0.00,19.73,0.00,52.29,0.00,0.00,3.09,0.00,0.00,950.00,0.00,0.78,3.88,24.21,0.00,100.94,3.39,100.00,0.00,0.00,0.00,60.00,20.00,20.00,217.71,43.54,76.79,41.00,0.00,18.66,45.67,45.67,5.53,5.56,0.00,16.68,26.25,23.22,78.00,182.00,45.00,90.00,11.43,14.71,14.35,14.35
14:15-14:30,77DC2024/04/21,0.00,0.00,0.00,0.00,50.00,0.00,0.00,0.00,271.50,0.00,40.00,270.00,0.00,0.00,30.00,0.00,90.20,674.82,0.00,0.00,320.00,0.00,0.00,70.40,104.18,193.14,41.71,0.00,0.00,0.00,0.00,0.00,688.72,0.00,0.00,20.80,97.06,124.38,130.58,418.77,110.33,22.63,44.91,27.64,46.40,148.30,0.00,48.23,80.25,77.40,0.00,0.00,0.00,19.35,0.00,50.16,0.00,0.00,0.00,33.91,0.00,0.00,0.00,0.00,34.78,37.89,0.00,0.00,0.00,0.00,19.73,0.00,52.29,0.00,0.00,3.09,0.00,0.00,950.00,0.00,0.78,3.88,23.01,0.00,106.34,3.39,100.00,0.00,0.00,0.00,58.50,19.50,19.50,229.17,45.83,87.93,43.50,0.00,18.00,45.33,45.33,5.53,5.56,0.00,16.68,26.25,23.72,79.00,186.00,47.00,93.00,11.43,15.61,15.23,15.23
14:00-14:15,77DC2024/04/21,0.00,0.00,0.00,0.00,50.00,0.00,0.00,0.00,271.50,0.00,40.00,270.00,0.00,0.00,30.00,0.00,90.20,674.82,0.00,0.00,320.00,0.00,0.00,70.40,104.18,193.14,42.53,0.00,0.00,0.00,0.00,0.00,688.72,0.00,0.00,20.80,97.06,124.38,130.58,418.77,110.33,22.63,44.91,27.64,46.40,148.30,0.00,48.23,80.25,77.40,0.00,0.00,0.00,19.35,0.00,50.16,0.00,0.00,0.00,33.91,0.00,0.00,0.00,0.00,34.78,37.89,0.00,0.00,0.00,0.00,19.73,0.00,52.29,0.00,0.00,3.09,0.00,0.00,950.00,0.00,0.78,3.88,21.61,0.00,110.89,3.39,100.00,0.00,0.00,0.00,57.00,19.00,19.00,229.17,45.83,88.27,45.50,0.00,17.34,43.33,43.33,5.53,5.56,0.00,16.68,26.25,23.72,81.00,189.00,47.00,94.00,11.43,16.14,15.75,15.75
13:45-14:00,77DC2024/04/21,0.00,0.00,0.00,0.00,50.00,0.00,0.00,0.00,271.50,0.00,40.00,270.00,0.00,0.00,30.00,0.00,90.20,674.82,0.00,0.00,320.00,0.00,0.00,70.40,104.18,150.18,43.20,0.00,0.00,0.00,0.00,0.00,688.72,0.00,0.00,20.80,97.06,124.38,130.58,418.77,110.33,22.63,44.91,27.64,46.40,148.30,0.00,48.23,80.25,77.40,0.00,0.00,0.00,19.35,0.00,50.16,0.00,0.00,0.00,33.91,0.00,0.00,0.00,0.00,34.78,37.89,0.00,0.00,0.00,0.00,19.73,0.00,52.29,0.51,0.00,3.09,0.00,0.00,950.00,0.00,0.78,3.88,19.60,0.00,115.21,3.29,100.00,0.00,0.00,0.00,55.50,18.50,18.50,229.17,45.83,88.41,46.00,0.00,12.34,42.67,42.67,5.53,5.56,0.00,16.68,26.25,25.23,82.00,193.00,47.00,94.00,11.43,16.41,16.01,16.01
13:30-13:45,77DC2024/04/21,0.00,0.00,0.00,0.00,50.00,0.00,0.00,0.00,271.50,0.00,40.00,270.00,0.00,0.00,30.00,0.00,90.20,674.82,0.00,0.00,320.00,0.00,0.00,70.40,104.18,150.18,43.71,0.00,0.00,0.00,0.00,0.00,688.72,0.00,0.00,20.80,97.06,124.38,130.58,418.77,110.33,22.63,44.91,27.64,46.40,148.30,0.00,48.23,80.25,77.40,0.00,0.00,0.00,19.35,0.00,50.16,0.00,0.00,0.00,33.91,0.00,0.00,0.00,0.00,34.78,37.89,0.00,0.00,0.00,0.00,19.73,0.00,52.29,0.51,0.00,3.09,0.00,0.00,950.00,0.00,0.78,3.88,18.00,0.00,119.28,3.29,100.00,0.00,0.00,0.00,54.00,18.00,18.00,229.17,45.83,88.36,46.00,0.00,12.34,41.67,41.67,5.53,5.56,0.00,16.68,26.25,25.23,82.00,193.00,47.00,94.00,11.43,16.65,16.24,16.24
13:15-13:30,77DC2024/04/21,0.00,0.00,0.00,0.00,50.00,0.00,0.00,0.00,271.50,0.00,40.00,270.00,0.00,0.00,30.00,0.00,90.20,674.82,0.00,0.00,320.00,0.00,0.00,70.40,104.18,150.18,44.02,0.00,0.00,0.00,0.00,0.00,688.72,0.00,0.00,20.80,97.06,124.38,130.58,418.77,110.33,22.63,44.91,27.64,46.40,148.30,0.00,48.23,80.25,77.40,0.00,0.00,0.00,19.35,0.00,50.16,0.00,0.00,0.00,33.91,0.00,0.00,0.00,0.00,40.85,37.89,0.00,0.00,0.00,0.00,19.73,0.00,52.29,0.51,0.00,3.09,0.00,0.00,950.00,0.00,0.78,3.88,11.61,0.00,122.95,3.29,100.00,0.00,0.00,0.00,42.50,14.16,14.17,229.17,45.83,92.15,46.00,0.00,12.34,31.00,31.00,5.53,5.56,0.00,16.68,26.25,25.23,82.00,193.00,47.00,94.00,11.43,16.65,16.24,16.24
13:00-13:15,77DC2024/04/21,0.00,0.00,0.00,0.00,50.00,0.00,0.00,0.00,271.50,0.00,40.00,270.00,0.00,0.00,30.00,0.00,90.20,674.82,0.00,0.00,320.00,0.00,0.00,70.40,104.18,150.18,44.14,0.00,0.00,0.00,0.00,0.00,688.72,0.00,0.00,20.80,97.06,124.38,130.58,418.77,110.33,22.63,44.91,27.64,46.40,148.30,0.00,48.23,80.25,77.40,0.00,0.00,0.00,19.35,0.00,50.16,0.00,0.00,0.00,33.91,0.00,0.00,0.00,0.00,40.85,37.89,0.00,0.00,0.00,0.00,19.73,0.00,52.29,0.51,0.00,3.09,0.00,0.00,950.00,0.00,0.78,3.88,11.01,0.00,125.31,3.29,100.00,0.00,0.00,0.00,40.50,13.50,13.50,229.17,45.83,92.15,46.00,0.00,11.66,30.33,30.33,5.53,5.56,0.00,16.68,26.25,25.23,82.00,193.00,47.00,94.00,11.43,16.65,16.24,16.24
12:45-13:00,77DC2024/04/21,0.00,0.00,0.00,0.00,50.00,0.00,0.00,0.00,271.50,0.00,40.00,270.00,0.00,0.00,30.00,0.00,90.20,674.82,0.00,0.00,320.00,0.00,0.00,70.40,104.18,150.18,44.14,0.00,0.00,0.00,0.00,0.00,688.72,0.00,0.00,20.80,97.06,124.38,130.58,418.77,110.33,22.63,44.91,27.64,46.40,148.30,0.00,48.23,80.25,77.40,0.00,0.00,9.22,19.35,0.00,50.16,0.00,0.00,0.00,33.91,0.00,0.00,0.00,0.00,40.85,37.89,0.00,16.17,0.00,0.00,19.73,0.00,52.29,0.51,0.00,3.09,0.00,0.00,950.00,0.00,0.78,3.50,7.21,0.00,126.87,3.29,100.00,0.00,0.00,0.00,44.50,14.84,14.83,229.17,45.83,92.25,46.00,0.00,11.66,30.00,30.00,5.53,5.56,0.00,16.68,26.25,25.23,82.00,193.00,47.00,94.00,11.52,16.65,16.24,16.24
12:30-12:45,77DC2024/04/21,0.00,0.00,0.00,0.00,50.00,0.00,0.00,0.00,271.50,0.00,40.00,270.00,0.00,0.00,30.00,0.00,90.20,674.82,0.00,0.00,320.00,0.00,0.00,70.40,104.18,150.18,44.14,0.00,0.00,0.00,0.00,0.00,688.72,0.00,0.00,20.80,97.06,124.38,130.58,418.77,110.33,22.63,44.91,27.64,46.40,148.30,0.00,48.23,80.25,77.40,0.00,0.00,9.22,19.35,0.00,50.16,0.00,0.00,0.00,33.91,0.00,0.00,0.00,0.00,34.78,37.89,0.00,16.17,0.00,0.00,19.73,0.00,52.29,0.51,0.00,3.09,0.00,0.00,950.00,0.00,0.78,3.50,7.21,0.00,128.62,3.29,100.00,0.00,0.00,0.00,43.00,14.34,14.33,229.17,45.83,92.31,46.00,0.00,11.66,29.33,29.33,5.53,5.56,0.00,16.68,26.25,24.73,82.00,193.00,47.00,94.00,11.52,16.65,16.24,16.24
12:15-12:30,77DC2024/04/21,0.00,0.00,0.00,0.00,50.00,0.00,0.00,0.00,271.50,0.00,40.00,270.00,0.00,0.00,30.00,0.00,90.20,674.82,0.00,0.00,320.00,0.00,0.00,70.40,104.18,150.18,44.14,0.00,0.00,0.00,0.00,0.00,688.72,0.00,0.00,20.80,97.06,124.38,130.58,418.77,110.33,22.63,44.91,27.64,46.40,148.30,0.00,48.23,80.25,77.40,0.00,0.00,9.22,19.35,0.00,50.16,0.00,0.00,0.00,33.91,0.00,0.00,0.00,0.00,34.78,37.89,0.00,16.17,0.00,0.00,19.73,0.00,52.29,0.64,0.00,3.09,0.00,0.00,950.00,0.00,0.78,3.50,6.41,0.00,129.11,3.29,100.00,0.00,0.00,0.00,42.50,14.16,14.17,233.58,46.72,92.36,46.00,0.00,11.66,29.00,29.00,5.53,5.56,0.00,16.68,26.25,24.73,82.00,193.00,47.00,93.00,11.52,16.65,16.24,16.24
12:00-12:15,77DC2024/04/21,0.00,0.00,0.00,0.00,50.00,0.00,0.00,0.00,271.50,0.00,40.00,270.00,0.00,0.00,30.00,0.00,90.20,674.82,0.00,0.00,320.00,0.00,0.00,70.40,104.18,150.18,44.08,0.00,0.00,0.00,0.00,0.00,688.72,0.00,0.00,20.80,97.06,124.38,130.58,418.77,110.33,22.63,44.91,27.64,46.40,148.30,0.00,48.23,80.25,77.40,0.00,0.00,9.22,19.35,0.00,50.16,0.00,0.00,0.00,33.91,0.00,0.00,0.00,0.00,34.78,37.89,0.00,16.17,0.00,0.00,19.73,0.00,52.29,0.64,0.00,3.09,0.00,0.00,950.00,0.00,0.78,3.50,5.61,0.00,127.92,3.29,100.00,0.00,0.00,0.00,41.50,13.84,13.83,233.58,46.72,92.40,46.00,0.00,11.66,28.67,28.67,5.53,5.56,0.00,16.68,26.25,24.73,82.00,193.00,47.00,93.00,11.52,16.65,16.24,16.24
11:45-12:00,77DC2024/04/21,0.00,0.00,0.00,0.00,50.00,0.00,0.00,0.00,271.50,0.00,40.00,270.00,0.00,0.00,30.00,0.00,90.20,674.82,0.00,0.00,320.00,0.00,0.00,70.40,104.18,150.18,43.86,0.00,0.00,0.00,0.00,0.00,688.72,0.00,0.00,20.80,97.06,124.38,130.58,418.77,110.33,22.63,44.91,27.64,46.40,148.30,0.00,49.53,80.25,77.40,0.00,0.00,9.22,19.35,0.00,50.16,0.00,0.00,0.00,33.91,0.00,0.00,0.00,0.00,34.78,37.89,0.00,16.17,11.60,0.00,39.45,0.00,52.29,0.64,0.00,3.09,0.00,0.00,980.00,0.00,0.78,3.50,5.01,0.00,126.25,3.16,100.00,0.00,0.00,0.00,41.00,13.66,13.67,233.58,46.72,92.30,46.00,0.00,11.66,32.33,32.33,5.53,5.56,0.00,16.68,26.25,24.73,82.00,193.00,47.00,93.00,11.62,16.65,16.24,16.24
11:30-11:45,77DC2024/04/21,0.00,0.00,0.00,0.00,50.00,0.00,0.00,0.00,271.50,0.00,40.00,270.00,0.00,0.00,30.00,0.00,90.20,674.82,0.00,0.00,320.00,0.00,0.00,70.40,104.18,150.18,43.35,0.00,0.00,0.00,0.00,0.00,688.72,0.00,0.00,20.80,97.06,124.38,130.58,418.77,110.33,22.63,44.91,27.64,46.40,148.30,0.00,49.53,80.25,77.40,0.00,0.00,9.22,19.35,0.00,50.16,0.00,0.00,0.00,33.91,0.00,0.00,0.00,0.00,34.78,37.89,0.00,16.17,11.60,0.00,39.45,0.00,52.29,0.64,0.00,3.09,0.00,0.00,980.00,0.00,0.78,3.50,5.01,0.00,124.44,3.16,100.00,0.00,0.00,0.00,40.50,13.50,13.50,233.58,46.72,92.12,46.00,0.00,11.66,31.33,31.33,5.53,5.56,0.00,16.68,26.25,25.23,82.00,193.00,47.00,93.00,11.62,16.65,16.24,16.24
11:15-11:30,77DC2024/04/21,0.00,0.00,0.00,0.00,50.00,0.00,0.00,0.00,271.50,0.00,40.00,270.00,0.00,0.00,30.00,0.00,90.20,674.82,0.00,0.00,320.00,0.00,0.00,70.40,104.18,150.18,42.53,0.00,0.00,0.00,0.00,0.00,688.72,0.00,0.00,20.80,97.06,124.38,130.58,418.77,110.33,22.63,44.91,27.64,46.40,148.30,0.00,49.53,80.25,77.40,0.00,0.00,9.22,19.35,0.00,50.16,0.00,0.00,0.00,33.91,0.00,0.00,0.00,0.00,34.78,37.89,0.00,16.17,11.60,0.00,39.45,0.00,52.29,0.64,0.00,3.09,0.00,0.00,980.00,0.00,0.78,3.50,5.01,0.00,122.99,3.16,100.00,0.00,0.00,0.00,40.00,13.34,13.33,233.58,46.72,92.04,45.00,0.00,11.66,30.33,30.33,5.53,5.56,0.00,16.68,26.25,25.23,82.00,193.00,47.00,93.00,11.62,16.65,16.24,16.24
11:00-11:15,77DC2024/04/21,0.00,0.00,0.00,0.00,50.00,0.00,0.00,0.00,271.50,0.00,40.00,270.00,0.00,0.00,30.00,0.00,90.20,674.82,0.00,0.00,320.00,0.00,0.00,70.40,104.18,150.18,41.02,0.00,0.00,0.00,0.00,0.00,688.72,0.00,0.00,20.80,97.06,124.38,130.58,418.77,110.33,22.63,44.91,27.64,46.40,148.30,0.00,49.53,80.25,77.40,0.00,0.00,9.22,19.35,0.00,50.16,0.00,0.00,0.00,33.91,0.00,0.00,0.00,0.00,34.78,37.89,0.00,16.17,11.60,0.00,39.45,0.00,79.38,0.64,0.00,3.09,0.00,0.00,980.00,0.00,0.78,3.50,5.01,0.00,121.68,3.16,100.00,0.00,0.00,0.00,40.00,13.34,13.33,233.58,46.72,92.08,45.00,0.00,11.34,28.33,28.33,5.53,5.56,0.00,16.68,26.25,25.23,82.00,193.00,47.00,93.00,11.62,16.65,16.24,16.24
10:45-11:00,77DC2024/04/21,0.00,0.00,0.00,0.00,50.00,0.00,0.00,0.00,271.50,0.00,40.00,270.00,0.00,0.00,30.00,0.00,90.20,674.82,0.00,0.00,320.00,0.00,0.00,70.40,104.18,150.18,39.35,0.00,0.00,0.00,0.00,0.00,688.72,0.00,0.00,20.80,97.06,124.38,130.58,418.77,110.33,22.63,44.91,27.64,46.40,148.30,0.00,50.18,80.92,77.40,0.00,0.00,9.22,19.35,0.00,50.16,0.00,0.00,0.00,33.91,0.00,0.00,0.00,0.00,40.85,37.89,0.00,16.17,11.60,0.00,39.45,0.00,79.38,0.00,0.00,3.09,0.00,0.00,980.00,0.00,0.78,3.50,5.01,0.00,120.03,3.16,100.00,0.00,0.00,0.00,47.50,15.84,15.83,233.58,46.72,91.96,45.00,0.00,10.34,30.00,30.00,5.53,5.56,0.00,16.68,26.25,27.25,82.00,193.00,47.00,93.00,11.70,16.26,15.86,15.86
10:30-10:45,77DC2024/04/21,0.00,0.00,0.00,0.00,50.00,0.00,0.00,0.00,271.50,0.00,40.00,270.00,0.00,0.00,30.00,0.00,90.20,674.82,0.00,0.00,320.00,0.00,0.00,70.40,104.18,150.18,37.00,0.00,0.00,0.00,0.00,0.00,688.72,0.00,0.00,20.80,97.06,124.38,130.58,418.77,110.33,22.63,44.91,27.64,46.40,148.30,0.00,50.18,80.92,77.40,0.00,0.00,9.22,19.35,0.00,50.16,0.00,0.00,0.00,33.91,0.00,0.00,0.00,0.00,40.85,37.89,0.00,32.33,11.60,0.00,39.45,0.00,79.38,0.00,0.00,3.09,0.00,0.00,980.00,0.00,0.78,3.50,5.01,0.00,117.73,3.16,100.00,0.00,0.00,0.00,47.00,15.66,15.67,230.84,46.17,91.13,45.00,0.00,10.34,29.67,29.67,5.53,5.56,0.00,16.68,26.25,27.25,81.00,189.00,47.00,93.00,11.70,15.82,15.43,15.43
10:15-10:30,77DC2024/04/21,0.00,0.00,0.00,0.00,50.00,0.00,0.00,0.00,271.50,0.00,40.00,270.00,0.00,0.00,30.00,0.00,90.20,674.82,0.00,0.00,320.00,0.00,0.00,70.40,104.18,150.18,34.23,0.00,0.00,0.00,0.00,0.00,688.72,0.00,0.00,20.80,97.06,124.38,130.58,418.77,110.33,22.63,44.91,27.64,46.40,148.30,0.00,50.18,80.92,77.40,0.00,0.00,9.22,19.35,0.00,50.16,0.00,0.00,0.00,33.91,0.00,0.00,0.00,0.00,40.85,37.89,0.00,32.33,11.60,0.00,39.45,0.00,79.38,0.00,0.00,3.09,0.00,0.00,980.00,0.00,0.78,200.00,5.01,0.00,114.89,3.16,100.00,0.00,0.00,0.00,46.00,15.34,15.33,225.49,45.10,88.80,44.80,0.00,10.34,33.67,33.67,5.53,5.56,0.00,16.68,26.25,27.25,79.00,186.00,47.00,93.00,11.70,15.15,14.78,14.78
10:00-10:15,77DC2024/04/21,0.00,0.00,0.00,0.00,50.00,0.00,0.00,0.00,271.50,0.00,40.00,270.00,0.00,0.00,30.00,0.00,90.20,674.82,0.00,0.00,320.00,0.00,0.00,70.40,104.18,150.18,31.22,0.00,0.00,0.00,0.00,0.00,688.72,0.00,0.00,20.80,97.06,124.38,130.58,418.77,110.33,22.63,44.91,27.64,46.40,148.30,0.00,50.18,80.92,77.40,0.00,0.00,9.22,19.35,0.00,50.16,0.00,0.00,0.00,33.91,0.00,0.00,0.00,0.00,34.78,37.89,13.98,32.33,11.60,0.00,39.45,0.00,52.29,0.00,0.00,3.09,0.00,0.00,980.00,0.00,0.78,200.00,5.01,0.00,111.14,3.16,100.00,0.00,0.00,0.00,46.00,15.34,15.33,216.85,43.37,84.62,43.96,0.00,10.34,33.00,33.00,5.53,5.56,0.00,16.68,26.25,27.25,76.00,179.00,45.00,90.00,11.70,14.48,14.12,14.12
09:45-10:00,77DC2024/04/21,0.00,0.00,0.00,0.00,50.00,0.00,0.00,0.00,271.50,0.00,40.00,270.00,0.00,0.00,30.00,0.00,90.20,674.82,0.00,0.00,320.00,0.00,0.00,70.40,104.18,150.18,27.44,0.00,0.00,0.00,0.00,0.00,688.72,0.00,0.00,20.80,97.06,124.38,130.58,418.77,110.33,22.63,44.91,27.64,46.40,148.30,0.00,50.18,80.92,78.76,0.00,0.00,9.22,19.35,0.00,50.16,0.00,0.00,0.00,33.91,0.00,0.00,0.00,0.00,34.78,37.89,13.98,32.33,11.60,0.00,39.45,0.00,40.09,0.00,0.00,3.09,0.00,0.00,980.00,0.00,0.78,200.00,5.01,0.00,106.68,3.16,100.00,0.00,0.00,0.00,46.00,15.34,15.33,205.65,41.13,80.01,42.04,0.00,9.66,32.00,32.00,5.53,5.56,0.00,16.68,26.25,27.25,72.00,168.00,41.00,83.00,11.80,13.69,13.36,13.36
09:30-09:45,77DC2024/04/21,0.00,0.00,0.00,0.00,50.00,0.00,0.00,0.00,271.50,0.00,40.00,270.00,0.00,0.00,30.00,0.00,90.20,674.82,0.00,0.00,320.00,0.00,0.00,70.40,104.18,150.18,23.02,0.00,0.00,0.00,0.00,0.00,688.72,0.00,0.00,20.80,97.06,124.38,130.58,418.77,110.33,22.63,44.91,27.64,46.40,148.30,0.00,50.18,80.92,78.76,0.00,0.00,9.22,19.35,0.00,50.16,0.00,0.00,0.00,33.91,0.00,0.00,0.00,0.00,34.78,37.89,13.98,32.33,11.60,0.00,39.45,0.00,40.09,0.00,0.00,3.09,0.00,0.00,980.00,0.00,0.78,200.00,5.01,0.00,101.60,3.16,100.00,0.00,0.00,0.00,45.50,15.16,15.17,192.02,38.40,74.70,39.84,0.00,10.00,31.33,31.33,5.53,5.56,0.00,16.68,26.25,27.25,67.00,158.00,38.00,76.00,11.80,12.78,12.47,12.47
09:15-09:30,77DC2024/04/21,0.00,0.00,0.00,0.00,50.00,0.00,0.00,0.00,271.50,0.00,40.00,270.00,0.00,0.00,30.00,0.00,90.20,674.82,0.00,0.00,320.00,0.00,0.00,70.40,104.18,150.18,18.37,0.00,0.00,0.00,0.00,0.00,688.72,0.00,0.00,20.80,97.06,124.38,130.58,418.77,110.33,22.63,44.91,27.64,46.40,148.30,0.00,50.18,80.92,78.76,0.00,0.00,9.22,19.35,0.00,50.16,0.00,0.00,0.00,33.91,0.00,0.00,0.00,0.00,34.78,37.89,13.98,32.33,11.60,0.00,39.45,0.00,40.09,0.00,0.00,3.09,0.00,0.00,980.00,0.00,0.78,3.50,7.01,0.00,96.37,3.16,100.00,0.00,0.00,0.00,45.50,15.16,15.17,163.67,32.73,68.72,37.21,0.00,10.34,30.00,30.00,5.53,5.56,0.00,16.68,26.25,27.25,61.00,144.00,35.00,70.00,11.80,11.88,11.58,11.58
09:00-09:15,77DC2024/04/21,0.00,0.00,0.00,0.00,50.00,0.00,0.00,0.00,271.50,0.00,40.00,270.00,0.00,0.00,30.00,0.00,90.20,674.82,0.00,0.00,320.00,0.00,0.00,70.40,104.18,150.18,15.39,0.00,0.00,0.00,0.00,0.00,688.72,0.00,0.00,20.80,97.06,124.38,130.58,418.77,110.33,22.63,44.91,27.64,46.40,148.30,0.00,50.18,80.92,78.76,0.00,0.00,9.22,19.35,0.00,50.16,0.00,0.00,0.00,33.91,0.00,0.00,0.00,0.00,34.78,37.89,13.98,32.33,11.60,0.00,39.45,0.00,40.09,0.00,0.00,3.09,0.00,0.00,980.00,0.00,0.78,3.50,7.01,0.00,90.91,3.16,100.00,0.00,0.00,0.00,45.00,15.00,15.00,148.59,29.72,62.28,34.52,0.00,10.34,30.00,30.00,5.53,5.56,0.00,16.68,26.25,27.25,55.00,130.00,33.00,65.00,11.80,10.72,10.46,10.46
08:45-09:00,77DC2024/04/21,0.00,0.00,0.00,0.00,50.00,0.00,0.00,0.00,271.50,0.00,40.00,270.00,0.00,0.00,30.00,0.00,90.20,674.82,25.63,0.00,320.00,0.00,0.00,70.40,104.18,150.18,14.21,0.00,0.00,0.00,0.00,0.00,688.72,0.00,0.00,20.80,97.06,124.38,130.58,418.77,110.33,22.63,44.91,27.64,46.40,148.30,0.00,50.18,80.92,78.76,0.00,0.00,9.22,19.35,0.00,50.16,0.00,0.00,0.99,33.91,0.00,0.00,0.00,0.00,34.78,37.89,13.98,32.33,11.60,10.86,39.45,0.00,40.09,8.20,0.00,3.09,0.00,0.00,1000.00,0.00,0.78,3.50,7.01,0.00,84.35,3.16,100.00,0.00,0.00,0.00,45.00,15.00,15.00,133.03,26.60,55.38,31.44,0.00,10.34,30.00,30.00,5.53,5.56,0.00,16.68,26.53,27.25,49.00,116.00,29.00,57.00,11.90,7.81,7.62,7.62
08:30-08:45,77DC2024/04/21,0.00,0.00,0.00,0.00,50.00,0.00,0.00,0.00,271.50,0.00,40.00,270.00,0.00,0.00,30.00,0.00,90.20,674.82,50.14,0.00,320.00,0.00,0.00,70.40,104.18,150.18,11.50,0.00,0.00,0.00,0.00,0.00,688.72,0.00,0.00,20.80,97.06,124.38,130.58,418.77,110.33,22.63,44.91,27.64,46.40,148.30,0.00,50.18,80.92,78.76,0.00,0.00,9.22,19.35,0.00,50.16,0.00,0.00,1.94,33.91,0.00,0.00,0.00,0.00,34.78,37.89,13.98,32.33,11.60,10.86,39.45,0.00,40.09,8.20,0.00,3.09,0.00,0.00,1000.00,0.00,0.78,3.50,7.01,0.00,76.83,3.16,100.00,0.00,0.00,0.00,44.50,14.84,14.83,115.80,23.16,48.05,28.13,0.00,10.34,29.67,29.67,5.53,5.56,0.00,16.68,26.53,26.75,43.00,102.00,25.00,50.00,11.90,6.90,6.73,6.73
08:15-08:30,77DC2024/04/21,0.00,0.00,0.00,0.00,50.00,0.00,0.00,0.00,271.50,0.00,40.00,270.00,0.00,0.00,30.00,0.00,90.20,674.82,50.14,0.00,320.00,0.00,0.00,70.40,104.18,193.14,8.68,0.00,0.00,0.00,0.00,0.00,688.72,0.00,0.00,20.80,97.06,124.38,130.58,418.77,110.33,22.63,44.91,27.64,46.40,148.30,0.00,50.18,80.92,78.76,0.00,0.00,20.75,19.35,0.00,50.16,0.00,0.00,1.94,33.91,0.00,0.00,0.00,0.00,34.78,37.89,13.98,32.33,11.60,10.86,39.45,0.00,40.09,8.20,0.00,3.09,0.00,0.00,1000.00,0.00,0.78,3.50,7.01,0.00,68.27,3.16,100.00,0.00,0.00,0.00,52.00,17.34,17.33,95.18,19.04,40.36,24.52,0.00,13.34,32.33,32.33,5.53,5.56,0.00,16.68,26.53,26.75,36.00,84.00,22.00,43.00,11.90,5.16,5.03,5.03
08:00-08:15,77DC2024/04/21,0.00,0.00,0.00,0.00,50.00,0.00,0.00,0.00,271.50,0.00,40.00,270.00,0.00,0.00,30.00,0.00,90.20,674.82,50.14,0.00,320.00,0.00,0.00,70.40,104.18,231.77,8.68,0.00,0.00,0.00,0.00,0.00,688.72,0.00,0.00,20.80,97.06,124.38,130.58,418.77,110.33,22.63,44.91,27.64,46.40,148.30,0.00,50.18,80.92,78.76,0.00,0.00,20.75,19.35,0.00,50.16,0.00,0.00,1.94,33.91,0.00,0.00,0.00,0.00,34.78,37.89,28.10,32.33,11.60,10.86,39.45,3.81,40.09,8.20,0.00,3.09,0.00,0.00,1000.00,0.00,0.78,200.00,7.01,0.00,58.56,3.16,100.00,0.00,0.00,0.00,51.50,17.16,17.17,76.58,15.32,32.21,20.85,0.00,13.34,32.00,32.00,5.53,5.56,0.00,16.68,26.53,27.25,28.00,67.00,17.00,35.00,11.90,4.16,4.06,4.06
07:45-08:00,77DC2024/04/21,0.00,0.00,0.00,0.00,50.00,0.00,0.00,0.00,271.50,0.00,40.00,270.00,0.00,0.00,30.00,0.00,90.20,674.82,50.14,0.00,320.00,0.00,0.00,72.86,104.18,273.05,3.79,0.00,0.00,0.00,0.00,0.00,688.72,0.00,0.00,20.80,97.06,124.38,130.58,418.77,110.33,22.63,44.91,27.64,46.40,148.30,0.00,50.83,80.92,78.76,0.00,0.00,20.75,19.35,0.00,50.16,0.00,0.00,1.94,33.91,0.00,0.00,0.00,0.00,40.85,37.89,28.10,32.33,23.20,10.86,39.45,19.60,40.09,0.00,0.00,3.09,0.00,0.00,1000.00,0.00,0.78,200.00,7.01,0.00,48.52,3.16,100.00,0.00,0.00,0.00,50.50,16.84,16.83,60.99,12.20,24.19,15.50,0.00,13.00,36.67,36.67,5.53,5.56,0.00,16.68,26.53,27.25,24.00,56.00,14.00,27.00,11.98,3.29,3.21,3.21
07:30-07:45,77DC2024/04/21,0.00,0.00,0.00,0.00,50.00,0.00,0.00,0.00,271.50,0.00,40.00,270.00,0.00,0.00,30.00,0.00,90.20,674.82,50.14,0.00,320.00,0.00,0.00,81.38,104.18,273.05,1.24,0.00,0.00,0.00,0.00,0.00,688.72,0.00,0.00,20.80,97.06,124.38,130.58,418.77,110.33,22.63,44.91,27.64,46.40,148.30,0.00,50.83,80.92,78.76,0.00,0.00,20.75,19.35,0.00,50.16,0.00,0.00,1.94,33.91,0.00,0.00,0.00,0.00,40.85,37.89,28.10,32.33,23.20,10.86,39.45,39.19,40.09,0.00,0.00,3.09,0.00,0.00,1000.00,0.00,0.78,0.70,7.01,0.00,38.72,3.16,100.00,0.00,0.00,0.00,50.00,16.66,16.67,46.13,9.23,18.67,12.00,0.00,12.66,36.00,36.00,5.53,5.56,0.00,16.68,26.53,27.75,16.00,39.00,10.00,20.00,11.98,2.42,2.36,2.36
07:15-07:30,77DC2024/04/21,0.00,0.00,0.00,0.00,50.00,0.00,0.00,0.00,271.50,0.00,40.00,270.00,0.00,0.00,30.00,0.00,90.20,674.82,50.14,0.00,320.00,0.00,0.00,89.90,104.18,273.05,0.24,0.00,0.00,0.00,0.00,0.00,688.72,0.00,0.00,20.80,97.06,124.38,130.58,418.77,110.33,22.63,44.91,27.64,46.40,148.30,0.00,50.83,80.92,78.76,0.00,0.00,20.75,19.35,0.00,50.16,0.00,0.00,1.94,33.91,0.00,0.00,0.00,0.00,40.85,37.89,28.10,32.33,23.20,10.86,39.45,39.19,52.29,1.15,0.00,3.09,0.00,0.00,1000.00,0.00,0.78,0.70,7.01,0.00,29.85,3.16,100.00,0.00,0.00,0.00,53.50,17.84,17.83,30.53,6.10,12.67,8.50,0.00,10.00,35.33,35.33,5.53,5.56,0.00,16.68,26.53,28.26,10.00,25.00,7.00,13.00,11.98,1.67,1.63,1.63
07:00-07:15,77DC2024/04/21,0.00,0.00,0.00,0.00,50.00,0.00,0.00,0.00,271.50,0.00,40.00,270.00,0.00,0.00,30.00,0.00,90.20,674.82,50.14,0.00,320.00,0.00,0.00,98.41,104.18,273.05,0.00,0.00,0.00,0.00,0.00,0.00,688.72,0.00,0.00,20.80,97.06,124.38,130.58,418.77,110.33,22.63,44.91,27.64,46.40,148.30,0.00,50.83,80.92,78.76,0.00,11.55,20.75,19.35,0.00,50.16,0.00,0.00,1.94,33.91,0.00,0.00,0.00,0.00,34.78,37.89,28.10,32.33,23.20,10.86,39.45,39.19,52.29,1.15,0.00,3.09,0.00,0.00,1000.00,0.00,0.78,1.55,7.01,0.00,22.34,3.16,100.00,0.00,0.00,0.00,52.50,17.50,17.50,18.30,3.66,8.33,4.00,0.00,10.00,35.00,35.00,5.53,5.56,0.00,16.68,26.53,28.26,7.00,18.00,3.00,7.00,11.98,1.07,1.05,1.05
06:45-07:00,77DC2024/04/21,0.00,0.00,0.00,0.00,50.00,0.00,0.00,0.00,271.50,0.00,40.00,270.00,0.00,0.00,30.00,0.00,90.20,674.82,50.14,0.00,320.00,0.00,0.00,106.93,104.18,231.77,0.00,0.00,0.00,0.00,0.00,0.00,688.72,0.00,0.00,20.80,97.06,124.38,130.58,418.77,110.33,22.63,44.91,27.64,46.40,148.30,0.00,50.83,81.59,78.76,0.00,23.11,20.75,19.35,0.00,50.16,0.00,0.00,1.94,33.91,0.00,0.00,0.00,0.00,34.78,37.89,28.10,32.33,23.20,10.86,39.45,39.19,52.29,1.15,0.00,3.09,0.00,0.00,1000.00,0.00,0.78,1.94,7.01,0.00,16.12,3.16,100.00,0.00,0.00,0.00,46.00,15.34,15.33,8.38,1.68,3.82,3.00,0.00,11.00,30.00,30.00,5.53,5.56,0.00,16.68,26.53,29.27,3.00,7.00,1.00,3.00,12.08,0.60,0.59,0.59
06:30-06:45,77DC2024/04/21,0.00,0.00,0.00,0.00,50.00,0.00,0.00,0.00,271.50,0.00,40.00,270.00,0.00,0.00,30.00,0.00,90.20,674.82,50.14,0.00,320.00,0.00,0.00,115.45,104.18,273.05,0.00,0.00,0.00,0.00,0.00,0.00,688.72,0.00,0.00,20.80,97.06,124.38,130.58,418.77,110.33,22.63,44.91,27.64,46.40,148.30,0.00,50.83,81.59,78.76,0.00,23.11,20.75,19.35,0.00,50.16,0.00,0.00,1.94,33.91,0.00,0.00,0.00,0.00,34.78,37.89,28.10,32.33,23.20,10.86,39.45,19.60,52.29,1.15,0.00,3.09,0.00,0.00,1000.00,0.00,0.78,2.72,7.01,0.00,11.25,3.16,100.00,0.00,0.00,0.00,46.00,15.34,15.33,2.72,0.54,1.57,1.00,0.00,11.34,30.00,30.00,5.53,5.56,0.00,16.68,26.53,29.27,1.00,4.00,200.00,1.00,12.08,0.27,0.26,0.26
06:15-06:30,77DC2024/04/21,0.00,0.00,0.00,0.00,50.00,0.00,0.00,0.00,271.50,0.00,40.00,270.00,0.00,0.00,30.00,0.00,90.20,674.82,50.14,0.00,320.00,0.00,0.00,115.45,104.18,273.05,0.00,0.00,0.00,0.00,0.00,0.00,688.72,0.00,0.00,20.80,97.06,124.38,130.58,418.77,110.33,22.63,44.91,27.64,46.40,148.30,0.00,50.83,81.59,78.76,0.00,23.11,20.75,19.35,0.00,50.16,0.00,0.00,1.94,33.91,0.00,0.00,0.00,0.00,34.78,37.89,28.10,32.33,23.20,10.86,39.45,3.81,52.29,1.15,0.00,3.09,0.00,0.00,1000.00,0.00,0.78,3.34,7.01,0.00,7.04,3.34,100.00,0.00,0.00,0.00,46.50,15.50,15.50,0.36,0.07,0.25,0.20,0.00,12.00,31.00,31.00,5.53,5.56,0.00,16.68,26.53,29.77,1.00,1.00,200.00,200.00,12.08,0.07,0.07,0.07
06:00-06:15,77DC2024/04/21,0.00,0.00,0.00,0.00,50.00,0.00,0.00,0.00,271.50,0.00,40.00,270.00,0.00,0.00,30.00,0.00,90.20,674.82,50.14,0.00,320.00,0.00,0.00,115.45,104.18,273.05,0.00,0.00,0.00,0.00,0.00,0.00,688.72,0.00,0.00,20.80,97.06,124.38,130.58,418.77,110.33,22.63,44.91,27.64,46.40,148.30,0.00,50.83,81.59,78.76,0.00,23.11,20.75,19.35,0.00,50.16,0.00,0.00,1.94,33.91,0.00,0.00,0.00,0.00,34.78,37.89,28.10,32.33,23.20,10.86,39.45,0.00,52.29,1.15,0.00,3.09,0.00,0.00,1000.00,0.00,0.78,3.34,7.01,0.00,3.10,3.34,100.00,0.00,0.00,0.00,47.00,15.66,15.67,300.00,300.00,100.00,200.00,0.00,12.34,33.00,33.00,5.53,5.56,0.00,16.68,26.53,29.77,300.00,1.00,200.00,200.00,12.08,100.00,100.00,100.00
05:45-06:00,77DC2024/04/21,0.00,0.00,0.00,0.00,50.00,0.00,0.00,0.00,271.50,0.00,40.00,270.00,0.00,0.00,30.00,0.00,90.20,674.82,50.14,0.00,320.00,0.00,0.00,83.27,104.18,273.05,0.00,0.00,0.00,0.00,0.00,0.00,688.72,0.00,0.00,20.80,97.06,124.38,130.58,418.77,110.33,22.63,44.91,27.64,46.40,148.30,0.00,50.83,81.59,80.11,0.00,23.11,20.75,19.35,0.00,50.16,0.00,0.00,1.94,33.91,0.00,0.00,0.00,0.00,34.78,37.89,28.10,32.33,23.20,10.86,39.45,0.00,52.29,1.15,0.00,3.09,0.00,0.00,1000.00,0.00,0.78,3.34,7.01,0.00,0.49,3.44,3.69,0.00,0.00,0.00,48.00,16.00,16.00,300.00,300.00,100.00,200.00,0.00,12.66,32.67,32.67,5.53,5.56,0.00,16.68,26.53,30.27,300.00,300.00,200.00,200.00,12.17,100.00,100.00,100.00
05:30-05:45,77DC2024/04/21,0.00,0.00,0.00,0.00,50.00,0.00,0.00,0.00,271.50,0.00,40.00,270.00,0.00,0.00,30.00,0.00,90.20,674.82,50.14,0.00,320.00,0.00,0.00,74.75,104.18,273.05,0.00,0.00,0.00,0.00,0.00,0.00,688.72,0.00,0.00,20.80,97.06,124.38,130.58,418.77,110.33,22.63,44.91,27.64,46.40,148.30,0.00,50.83,81.59,80.11,0.00,23.11,20.75,19.35,0.00,50.16,0.00,0.00,1.94,33.91,0.00,0.00,0.00,0.00,34.78,37.89,28.10,32.33,23.20,10.86,39.45,0.00,52.29,1.15,0.00,3.09,0.00,0.00,1000.00,0.00,0.78,3.34,7.01,0.00,200.00,3.44,3.69,0.00,0.00,0.00,51.00,17.00,17.00,300.00,300.00,100.00,200.00,0.00,13.00,33.33,33.33,5.53,5.56,0.00,16.68,26.53,30.27,300.00,300.00,200.00,200.00,12.17,100.00,100.00,100.00
05:15-05:30,77DC2024/04/21,0.00,0.00,0.00,0.00,50.00,0.00,0.00,0.00,271.50,0.00,40.00,270.00,0.00,0.00,30.00,0.00,90.20,674.82,23.96,0.00,320.00,0.00,0.00,66.24,104.18,273.05,0.00,0.00,0.00,0.00,0.00,0.00,688.72,0.00,0.00,20.80,97.06,124.38,130.58,418.77,110.33,22.63,44.91,27.64,46.40,148.30,0.00,50.83,81.59,80.11,0.00,23.11,20.75,19.35,0.00,50.16,0.00,0.00,0.92,33.91,0.00,0.00,0.00,0.00,34.78,37.89,28.10,32.33,23.20,0.00,39.45,0.00,52.29,1.15,0.00,3.09,0.00,0.00,1000.00,0.00,0.78,3.50,7.01,0.00,200.00,3.44,3.69,0.00,0.00,0.00,54.00,18.00,18.00,300.00,300.00,100.00,200.00,0.00,13.34,35.00,35.00,5.53,5.56,0.00,16.68,26.53,30.27,300.00,300.00,200.00,200.00,12.17,100.00,100.00,100.00
05:00-05:15,77DC2024/04/21,0.00,0.00,0.00,0.00,50.00,0.00,0.00,0.00,271.50,0.00,40.00,270.00,0.00,0.00,30.00,0.00,90.20,674.82,22.29,0.00,320.00,0.00,0.00,66.24,104.18,273.05,0.00,0.00,0.00,0.00,0.00,0.00,688.72,0.00,0.00,20.80,97.06,124.38,130.58,418.77,110.33,22.63,44.91,27.64,46.40,148.30,0.00,50.83,81.59,80.11,0.00,23.11,20.75,19.35,0.00,50.16,0.00,0.00,0.86,33.91,0.00,0.00,0.00,0.00,34.78,37.89,14.05,32.33,23.20,0.00,39.45,0.00,52.29,1.15,0.00,3.09,0.00,0.00,1000.00,0.00,0.78,3.50,7.01,0.00,200.00,3.44,3.69,0.00,0.00,0.00,57.00,19.00,19.00,300.00,300.00,100.00,200.00,0.00,14.00,36.00,36.00,5.53,5.56,0.00,16.68,26.53,30.27,300.00,300.00,200.00,200.00,12.17,100.00,100.00,100.00
04:45-05:00,77DC2024/04/21,0.00,0.00,0.00,0.00,50.00,0.00,0.00,0.00,271.50,0.00,40.00,270.00,0.00,0.00,30.00,0.00,90.20,674.82,22.29,0.00,320.00,0.00,0.00,66.24,104.18,273.05,0.00,0.00,0.00,0.00,0.00,0.00,688.72,0.00,0.00,20.80,97.06,124.38,130.58,418.77,110.33,22.63,44.91,27.64,46.40,148.30,0.00,50.83,81.59,80.11,0.00,23.11,20.75,19.35,0.00,50.16,0.00,0.00,0.86,33.91,0.00,0.00,0.00,0.00,34.78,37.89,14.05,32.33,23.20,0.00,39.45,0.00,52.29,0.51,0.00,3.09,0.00,0.00,1000.00,0.00,0.78,3.50,7.01,0.00,200.00,3.44,3.77,0.00,0.00,0.00,59.50,19.84,19.83,300.00,300.00,100.00,200.00,0.00,16.66,44.00,44.00,5.53,5.56,0.00,16.68,26.53,30.79,300.00,300.00,200.00,200.00,12.26,100.00,100.00,100.00
04:30-04:45,77DC2024/04/21,0.00,0.00,0.00,0.00,50.00,0.00,0.00,0.00,271.50,0.00,40.00,270.00,0.00,0.00,30.00,0.00,90.20,674.82,22.29,0.00,320.00,0.00,0.00,66.24,104.18,273.05,0.00,0.00,0.00,0.00,0.00,0.00,688.72,0.00,0.00,20.80,97.06,124.38,130.58,418.77,110.33,22.63,44.91,27.64,46.40,148.30,0.00,50.83,81.59,80.11,0.00,23.11,20.75,19.35,0.00,50.16,0.00,0.00,0.86,33.91,0.00,0.00,0.00,0.00,34.78,37.89,14.05,32.33,23.20,0.00,39.45,0.00,52.29,0.51,0.00,2.72,0.00,0.00,1000.00,0.00,0.78,3.50,7.01,0.00,200.00,3.44,3.77,0.00,0.00,0.00,61.50,20.50,20.50,300.00,300.00,100.00,200.00,0.00,17.00,44.33,44.33,5.53,5.56,0.00,16.68,26.53,30.27,300.00,300.00,200.00,200.00,12.26,100.00,100.00,100.00
04:15-04:30,77DC2024/04/21,0.00,0.00,0.00,0.00,50.00,0.00,0.00,0.00,271.50,0.00,40.00,270.00,0.00,0.00,30.00,0.00,90.20,674.82,22.29,0.00,320.00,0.00,0.00,66.24,104.18,273.05,0.00,0.00,0.00,0.00,0.00,0.00,688.72,0.00,0.00,20.80,97.06,124.38,130.58,418.77,110.33,22.63,44.91,27.64,46.40,148.30,0.00,50.83,81.59,80.11,0.00,23.11,20.75,19.35,0.00,50.16,0.00,0.00,0.86,33.91,0.00,0.00,0.00,0.00,34.78,37.89,14.05,32.33,23.20,0.00,39.45,0.00,66.82,0.51,0.00,2.29,0.00,0.00,1000.00,0.00,0.78,3.50,7.01,0.00,200.00,3.44,3.77,0.00,0.00,0.00,63.50,21.16,21.17,300.00,300.00,100.00,200.00,0.00,17.34,44.33,44.33,5.53,5.56,0.00,16.68,26.53,30.27,300.00,300.00,200.00,200.00,12.26,100.00,100.00,100.00
04:00-04:15,77DC2024/04/21,0.00,0.00,0.00,0.00,50.00,0.00,0.00,0.00,271.50,0.00,40.00,270.00,0.00,0.00,30.00,0.00,90.20,674.82,22.29,0.00,320.00,0.00,0.00,66.24,104.18,273.05,0.00,0.00,0.00,0.00,0.00,0.00,688.72,0.00,0.00,20.80,97.06,124.38,130.58,418.77,110.33,22.63,44.91,27.64,46.40,148.30,0.00,50.83,81.59,80.11,0.00,23.11,20.75,19.35,0.00,50.16,0.00,0.00,0.86,33.91,0.00,0.00,0.00,0.00,34.78,37.89,14.05,32.33,23.20,0.00,39.45,0.00,66.82,0.51,0.00,1.86,0.00,0.00,1000.00,0.00,0.78,3.50,7.01,0.00,200.00,3.44,3.77,0.00,0.00,0.00,64.00,21.34,21.33,300.00,300.00,100.00,200.00,0.00,17.66,45.33,45.33,5.53,5.56,0.00,16.68,26.53,30.27,300.00,300.00,200.00,200.00,12.26,100.00,100.00,100.00
03:45-04:00,77DC2024/04/21,0.00,0.00,0.00,0.00,50.00,0.00,0.00,0.00,271.50,0.00,40.00,270.00,0.00,0.00,30.00,0.00,90.20,674.82,22.29,0.00,320.00,0.00,0.00,66.24,104.18,273.05,0.00,0.00,0.00,0.00,0.00,0.00,688.72,0.00,0.00,20.80,97.06,124.38,130.58,418.77,110.33,22.63,44.91,27.64,46.40,148.30,0.00,50.83,81.59,80.11,0.00,23.11,20.75,19.35,0.00,50.16,0.00,0.00,0.86,33.91,0.00,0.00,0.00,0.00,34.78,37.89,14.05,32.33,23.20,0.00,39.45,0.00,66.82,0.51,0.00,1.53,0.00,0.00,1000.00,0.00,0.78,3.57,7.01,0.00,200.00,3.44,3.77,0.00,0.00,0.00,64.50,21.50,21.50,300.00,300.00,100.00,200.00,0.00,18.00,45.67,45.67,5.53,5.56,0.00,16.68,26.53,30.27,300.00,300.00,200.00,200.00,12.35,100.00,100.00,100.00
03:30-03:45,77DC2024/04/21,0.00,0.00,0.00,0.00,50.00,0.00,0.00,0.00,271.50,0.00,40.00,270.00,0.00,0.00,30.00,0.00,90.20,674.82,22.29,0.00,320.00,0.00,0.00,66.24,104.18,273.05,0.00,0.00,0.00,0.00,0.00,0.00,688.72,0.00,0.00,20.80,97.06,124.38,130.58,418.77,110.33,22.63,44.91,27.64,46.40,148.30,0.00,50.83,81.59,80.11,0.00,23.11,20.75,19.35,0.00,50.16,0.00,0.00,0.86,33.91,0.00,0.00,0.00,0.00,34.78,37.89,14.05,32.33,23.20,0.00,39.45,0.00,66.82,0.51,0.00,1.23,0.00,0.00,1000.00,0.00,0.78,3.57,7.01,0.00,200.00,3.44,3.77,0.00,0.00,0.00,65.00,21.66,21.67,300.00,300.00,100.00,200.00,0.00,18.34,46.33,46.33,5.53,5.56,0.00,16.68,26.53,30.27,300.00,300.00,200.00,200.00,12.35,100.00,100.00,100.00
03:15-03:30,77DC2024/04/21,0.00,0.00,0.00,0.00,50.00,0.00,0.00,0.00,271.50,0.00,40.00,270.00,0.00,0.00,30.00,0.00,90.20,674.82,22.29,0.00,320.00,0.00,0.00,66.24,104.18,273.05,0.00,0.00,0.00,0.00,0.00,0.00,688.72,0.00,0.00,20.80,97.06,124.38,130.58,418.77,110.33,22.63,44.91,27.64,46.40,148.30,0.00,50.83,81.59,80.11,0.00,23.11,20.75,19.35,0.00,50.16,0.00,0.00,0.86,33.91,0.00,0.00,0.00,0.00,34.78,37.89,14.05,32.33,23.20,0.00,39.45,0.00,66.82,0.51,0.00,0.93,0.00,0.00,1000.00,0.00,0.78,3.57,7.01,0.00,200.00,3.44,3.77,0.00,0.00,0.00,65.50,21.84,21.83,300.00,300.00,100.00,200.00,0.00,16.66,47.00,47.00,5.53,5.56,0.00,16.68,26.53,30.27,300.00,300.00,200.00,200.00,12.35,100.00,100.00,100.00
03:00-03:15,77DC2024/04/21,0.00,0.00,0.00,0.00,50.00,0.00,0.00,0.00,271.50,0.00,40.00,270.00,0.00,0.00,30.00,0.00,90.20,674.82,22.29,0.00,320.00,0.00,0.00,66.24,104.18,273.05,0.00,0.00,0.00,0.00,0.00,0.00,688.72,0.00,0.00,20.80,97.06,124.38,130.58,418.77,110.33,22.63,44.91,27.64,46.40,148.30,0.00,50.83,81.59,80.11,0.00,23.11,20.75,19.35,0.00,50.16,0.00,0.00,0.86,33.91,0.00,0.00,0.00,0.00,34.78,37.89,14.05,32.33,23.20,0.00,39.45,0.00,66.82,0.51,0.00,0.66,0.00,0.00,1000.00,0.00,0.78,3.57,7.01,0.00,200.00,3.44,3.77,0.00,0.00,0.00,65.50,21.84,21.83,300.00,300.00,100.00,200.00,0.00,17.00,47.67,47.67,5.53,5.56,0.00,16.68,26.53,30.27,300.00,300.00,200.00,200.00,12.35,100.00,100.00,100.00
02:45-03:00,77DC2024/04/21,0.00,0.00,0.00,0.00,50.00,0.00,0.00,0.00,271.50,0.00,40.00,270.00,0.00,0.00,30.00,0.00,90.20,674.82,22.29,0.00,320.00,0.00,0.00,66.24,104.18,273.05,0.00,0.00,0.00,0.00,0.00,0.00,688.72,0.00,0.00,20.80,97.06,124.38,130.58,418.77,110.33,22.63,44.91,27.64,46.40,148.30,0.00,50.83,81.59,80.11,0.00,23.11,20.75,19.35,0.00,50.16,0.00,0.00,0.86,33.91,0.00,0.00,0.00,0.00,34.78,37.89,14.05,32.33,23.20,0.00,39.45,0.00,66.82,0.51,0.00,0.40,0.00,0.00,1000.00,0.00,0.78,3.57,7.01,0.00,200.00,3.57,3.69,0.00,0.00,0.00,66.00,22.00,22.00,300.00,300.00,100.00,200.00,0.00,17.66,47.00,47.00,5.53,5.56,0.00,16.68,26.53,30.79,300.00,300.00,200.00,200.00,12.45,100.00,100.00,100.00
02:30-02:45,77DC2024/04/21,0.00,0.00,0.00,0.00,50.00,0.00,0.00,0.00,271.50,0.00,40.00,270.00,0.00,0.00,30.00,0.00,90.20,674.82,22.29,0.00,320.00,0.00,0.00,66.24,104.18,273.05,0.00,0.00,0.00,0.00,0.00,0.00,688.72,0.00,0.00,20.80,97.06,124.38,130.58,418.77,110.33,22.63,44.91,27.64,46.40,148.30,0.00,50.83,81.59,80.11,0.00,23.11,20.75,19.35,0.00,50.16,0.00,0.00,0.86,33.91,0.00,0.00,0.00,0.00,34.78,37.89,14.05,32.33,23.20,0.00,39.45,0.00,66.82,0.51,0.00,0.20,0.00,0.00,1000.00,0.00,0.78,1.94,7.01,0.00,200.00,3.57,3.69,0.00,0.00,0.00,66.00,22.00,22.00,300.00,300.00,100.00,200.00,0.00,18.34,46.67,46.67,5.53,5.56,0.00,16.68,26.53,30.79,300.00,300.00,200.00,200.00,12.45,100.00,100.00,100.00
02:15-02:30,77DC2024/04/21,0.00,0.00,0.00,0.00,50.00,0.00,0.00,0.00,271.50,0.00,40.00,270.00,0.00,0.00,30.00,0.00,90.20,674.82,22.29,0.00,320.00,0.00,0.00,66.24,104.18,273.05,0.00,0.00,0.00,0.00,0.00,0.00,688.72,0.00,0.00,20.80,97.06,124.38,130.58,418.77,110.33,22.63,44.91,27.64,46.40,148.30,0.00,50.83,81.59,80.11,0.00,23.11,20.75,19.35,0.00,50.16,0.00,0.00,0.86,33.91,0.00,0.00,0.00,0.00,34.78,37.89,14.05,32.33,23.20,0.00,39.45,0.00,66.82,0.51,0.00,0.00,0.00,0.00,1000.00,0.00,0.78,3.88,7.01,0.00,200.00,3.57,3.69,0.00,0.00,0.00,66.50,22.16,22.17,300.00,300.00,100.00,200.00,0.00,14.99,42.67,42.67,5.53,5.56,0.00,16.68,26.53,30.79,300.00,300.00,200.00,200.00,12.45,100.00,100.00,100.00
02:00-02:15,77DC2024/04/21,0.00,0.00,0.00,0.00,50.00,0.00,0.00,0.00,271.50,0.00,40.00,270.00,0.00,0.00,30.00,0.00,90.20,674.82,22.29,0.00,320.00,0.00,0.00,66.24,104.18,273.05,0.00,0.00,0.00,0.00,0.00,0.00,688.72,0.00,0.00,20.80,97.06,124.38,130.58,418.77,110.33,22.63,44.91,27.64,46.40,148.30,0.00,50.83,81.59,80.11,0.00,23.11,20.75,19.35,0.00,50.16,0.00,0.00,0.86,33.91,0.00,0.00,0.00,0.00,34.78,37.89,14.05,32.33,23.20,0.00,39.45,0.00,66.82,0.51,0.00,0.00,0.00,0.00,1000.00,0.00,0.78,3.88,7.01,0.00,200.00,3.57,3.69,0.00,0.00,0.00,66.50,22.16,22.17,300.00,300.00,100.00,200.00,0.00,15.00,42.33,42.33,5.53,5.56,0.00,16.68,26.53,30.79,300.00,300.00,200.00,200.00,12.45,100.00,100.00,100.00
01:45-02:00,77DC2024/04/21,0.00,0.00,0.00,0.00,50.00,0.00,0.00,0.00,271.50,0.00,40.00,270.00,0.00,0.00,30.00,0.00,90.20,674.82,22.29,0.00,320.00,0.00,0.00,115.45,104.18,273.05,0.00,0.00,0.00,0.00,0.00,0.00,688.72,0.00,0.00,20.80,97.06,124.38,130.58,418.77,110.33,22.63,44.91,27.64,46.40,148.30,0.00,50.83,81.59,80.11,0.00,23.11,20.75,19.35,0.00,50.16,0.00,0.00,0.86,33.91,0.00,0.00,0.00,0.00,34.78,37.89,14.05,32.33,23.20,0.00,39.45,0.00,66.82,0.51,0.00,0.00,0.00,0.00,1000.00,0.00,0.78,3.96,7.01,0.00,200.00,3.57,3.77,0.00,0.00,0.00,66.00,22.00,22.00,300.00,300.00,100.00,200.00,0.00,15.00,44.00,44.00,5.53,5.56,0.00,16.68,26.53,30.79,300.00,300.00,200.00,200.00,12.63,100.00,100.00,100.00
01:30-01:45,77DC2024/04/21,0.00,0.00,0.00,0.00,50.00,0.00,0.00,0.00,271.50,0.00,40.00,270.00,0.00,0.00,30.00,0.00,90.20,674.82,22.29,0.00,320.00,0.00,0.00,115.45,104.18,273.05,0.00,0.00,0.00,0.00,0.00,0.00,688.42,0.00,0.00,20.80,97.06,124.38,130.58,418.77,110.33,22.63,44.91,27.64,46.40,148.30,0.00,50.83,81.59,80.11,0.00,23.11,20.75,19.35,0.00,50.16,0.00,0.00,0.86,33.91,0.00,0.00,0.00,0.00,34.78,37.89,26.07,32.33,23.20,0.00,39.45,0.00,66.82,0.51,0.00,0.00,0.00,0.00,1000.00,0.00,0.78,3.96,7.01,0.00,200.00,3.57,3.77,0.00,0.00,0.00,64.00,21.34,21.33,300.00,300.00,100.00,200.00,0.00,15.34,43.33,43.33,5.53,5.56,0.00,16.68,26.53,30.79,300.00,300.00,200.00,200.00,12.63,100.00,100.00,100.00
01:15-01:30,77DC2024/04/21,0.00,0.00,0.00,0.00,50.00,0.00,0.00,0.00,271.50,0.00,40.00,270.00,0.00,0.00,30.00,0.00,90.20,674.82,22.29,0.00,320.00,0.00,0.00,115.45,104.18,273.05,0.00,0.00,0.00,0.00,0.00,0.00,688.42,0.00,0.00,20.80,97.06,124.38,130.58,418.77,110.33,22.63,44.91,27.64,46.40,148.30,0.00,50.83,81.59,80.11,0.00,23.11,10.38,19.35,0.00,50.16,0.00,0.00,0.86,33.91,0.00,0.00,0.00,0.00,34.78,37.89,26.31,32.33,23.20,0.00,39.45,0.00,66.82,0.51,0.00,0.00,0.00,0.00,1000.00,0.00,0.78,3.96,7.01,0.00,200.00,3.57,3.92,0.00,0.00,0.00,63.50,21.16,21.17,300.00,300.00,100.00,200.00,0.00,15.66,42.67,42.67,5.53,5.56,0.00,16.68,26.53,30.79,300.00,300.00,200.00,200.00,12.63,100.00,100.00,100.00
01:00-01:15,77DC2024/04/21,0.00,0.00,0.00,0.00,50.00,0.00,0.00,0.00,271.50,0.00,40.00,270.00,0.00,0.00,30.00,0.00,90.20,674.82,22.29,0.00,320.00,0.00,0.00,115.45,104.18,273.05,0.00,0.00,0.00,0.00,0.00,0.00,688.42,0.00,0.00,20.80,97.06,124.38,130.58,418.77,110.33,22.63,44.91,27.64,46.40,148.30,0.00,50.83,81.59,80.11,0.00,23.11,10.38,19.35,0.00,50.16,0.00,0.00,0.86,33.91,0.00,0.00,0.00,0.00,34.78,37.89,28.10,32.33,23.20,0.00,39.45,0.00,66.82,0.51,0.00,0.00,0.00,0.00,1000.00,0.00,0.78,3.96,7.01,0.00,200.00,3.57,3.92,0.00,0.00,0.00,64.00,21.34,21.33,300.00,300.00,100.00,200.00,0.00,16.00,42.00,42.00,5.53,5.56,0.00,16.68,26.53,30.79,300.00,300.00,200.00,200.00,12.63,100.00,100.00,100.00
00:45-01:00,77DC2024/04/21,0.00,0.00,0.00,0.00,50.00,0.00,0.00,0.00,271.50,0.00,40.00,270.00,0.00,0.00,30.00,0.00,90.20,674.82,22.29,0.00,320.00,0.00,0.00,115.45,104.18,273.05,0.00,0.00,0.00,0.00,0.00,0.00,688.42,0.00,0.00,20.80,97.06,124.38,130.58,418.77,110.33,22.63,44.91,27.64,46.40,148.30,0.00,50.83,64.20,77.40,0.00,23.11,10.38,19.35,0.00,50.16,0.00,0.00,0.86,33.91,0.00,0.00,0.00,0.00,34.78,37.89,28.10,48.50,23.20,0.00,39.45,0.00,66.82,0.51,0.00,0.00,0.00,0.00,1000.00,0.00,0.78,3.96,7.01,0.00,200.00,3.57,3.92,0.00,0.00,0.00,65.00,21.66,21.67,300.00,300.00,100.00,200.00,0.00,16.66,41.67,41.67,5.53,5.56,0.00,16.68,26.53,30.79,300.00,300.00,200.00,200.00,12.81,100.00,100.00,100.00
00:30-00:45,77DC2024/04/21,0.00,0.00,0.00,0.00,50.00,0.00,0.00,0.00,271.50,0.00,40.00,270.00,0.00,0.00,30.00,0.00,90.20,674.82,22.29,0.00,320.00,0.00,0.00,115.45,104.18,273.05,0.00,0.00,0.00,0.00,0.00,0.00,688.42,0.00,0.00,20.80,97.06,124.38,130.58,418.77,110.33,22.63,44.91,27.64,46.40,148.30,0.00,50.83,64.20,77.40,0.00,23.11,10.38,19.35,0.00,50.16,0.00,0.00,0.86,33.91,0.00,0.00,0.00,0.00,34.78,37.89,28.10,48.50,23.20,0.00,39.45,0.00,66.82,0.51,0.00,0.00,0.00,0.00,1000.00,0.00,0.78,3.96,7.01,0.00,200.00,3.57,3.92,0.00,0.00,0.00,65.50,21.84,21.83,300.00,300.00,100.00,200.00,0.00,12.84,41.33,41.33,5.53,5.56,0.00,16.68,26.53,30.79,300.00,300.00,200.00,200.00,12.81,100.00,100.00,100.00
00:15-00:30,77DC2024/04/21,0.00,0.00,0.00,0.00,50.00,0.00,0.00,0.00,271.50,0.00,40.00,270.00,0.00,0.00,30.00,0.00,90.20,674.82,22.29,0.00,320.00,0.00,0.00,115.45,104.18,273.05,0.00,0.00,0.00,0.00,0.00,0.00,688.42,0.00,0.00,20.80,97.06,124.38,130.58,418.77,110.33,22.63,44.91,27.64,46.40,148.30,0.00,50.83,64.20,77.40,0.00,23.11,10.38,19.35,0.00,50.16,0.00,0.00,0.86,33.91,0.00,0.00,0.00,0.00,34.78,37.89,28.10,48.50,23.20,0.00,39.45,0.00,66.82,0.51,0.00,3.09,0.00,0.00,1000.00,0.00,0.78,3.96,7.01,0.00,200.00,3.90,3.92,0.00,0.00,0.00,66.50,22.16,22.17,300.00,300.00,100.00,200.00,0.00,13.23,41.00,41.00,5.53,5.56,0.00,16.68,26.53,30.79,300.00,300.00,200.00,200.00,12.81,100.00,100.00,100.00
00:00-00:15,77DC2024/04/21,0.00,0.00,0.00,0.00,50.00,0.00,0.00,0.00,271.50,0.00,40.00,270.00,0.00,0.00,30.00,0.00,90.20,674.82,22.29,0.00,320.00,0.00,0.00,115.45,104.18,273.05,0.00,0.00,0.00,0.00,0.00,0.00,688.42,0.00,0.00,20.80,97.06,124.38,130.58,418.77,110.33,22.63,44.91,27.64,46.40,148.30,0.00,50.83,64.20,77.40,2.32,23.11,10.38,19.35,0.00,50.16,0.00,0.00,0.86,33.91,0.00,0.00,0.00,0.00,34.78,37.89,28.10,48.50,23.20,0.00,39.45,0.00,66.82,0.51,0.00,3.09,0.00,0.00,1000.00,0.00,0.78,2.33,7.01,0.00,200.00,3.90,3.92,0.00,0.00,0.00,65.50,21.84,21.83,300.00,300.00,100.00,200.00,0.00,13.58,40.67,40.67,5.53,5.56,0.00,16.68,26.53,30.79,300.00,300.00,200.00,200.00,12.81,100.00,100.00,100.00
