Timeslot,revisionno,BTPS,PRAGATI,RPH,DADRI_T,GT_OC,CSGS,GT_RLNG,PRG_RLNG,DVC,GT_LF,GT_CC,PRG_G_CC,GT_RLG_C,GT_LF_CC,PG_RLG_C,REGULATE,MTPS6,JHAJJAR,NJPC,CCGT_OC,CCGT_CC,CCGT_RCC,CCGT_ROC,CLPJHAJR,MEJIA7,MAITHON,SECI,RITHL_CC,RITHL_OC,RITHL_RC,RITHL_RO,NHPC,DADRI_T2,ANTA_GF,AURY_GF,FARAKKA,RIHAND1,RIHAND2,RIHAND3,SASAN,SNGRAULI,UNCHHAR1,UNCHHAR2,UNCHHAR3,KAHLGAN1,KAHLGAN2,DADRI_GF,ANTA_RF,AURY_RF,DADRI_RF,KOLDAM,TH_HPP,KTWR_HEP,SEWA2,DMSWSL,NAPP,RAPPB,MUNDRA,RAMPUR,RAPPC,TALA,ANTA_LF,AURY_LF,DADRI_LF,URI,URI2,CHAMERA1,CHAMERA2,CHAMERA3,DHAULIGNGA,DULHASTI,PARBATI3,SALAL,TANAKPUR,BSIUL,UNCHAHAR4,PRG_CCLF,PRG_OCLF,CCGTCCSPOT,CCGTOCSPOT,SNG_HYDRO,SHEP,GIREL,RUMS_DMRC,SEIPL,THPPL,NHPPL,ANTA_CRF,AURY_CRF,DADR_CRF,ALFANR_I,ALFANR_II,ALFANR_III,ERCPL_FTG,ERPCL_FTG2,AP41PL_BHDL,ASE4PL,KUDGI,SRIJAN_M,SITAC_BRPL,SITAC_BYPL,TANDA2,KSHNGNGA,SOLAPUR,MEJA,TWEPL,GBHHPL,THAR_BYPL,THAR_BRPL,ASEJ2PL_BYPL,ASEJ2PL_TPDDL,CHANJUII,SECI_BRPL,SECI_BYPL,SECI_TPDDL,APSEPL_FTG,PARBATI2,KHURJA,GHATAMPUR
1,53IS2025/04/04,0.0000,0.0000,0.0000,0.0000,0.0000,0.0000,0.0000,0.0000,260.2900,0.0000,39.0000,0.0000,0.0000,0.0000,0.0000,0.0000,86.7600,494.9100,0.0000,0.0000,270.0001,0.0000,0.0000,115.0100,100.2100,271.9800,0.0000,0.0000,0.0000,0.0000,0.0000,0.0000,331.0700,0.0000,0.0000,13.3700,91.1200,117.0000,124.0800,402.8100,104.5500,20.4400,42.3400,25.8400,44.0300,141.2100,0.0000,0.0000,0.0000,0.0000,0.0000,25.4200,10.0100,18.1600,0.0000,50.4000,0.0000,0.0000,0.0000,67.2800,0.0000,0.0000,0.0000,0.0000,33.4500,38.1300,0.0000,31.2500,11.2100,0.0000,19.0600,0.0000,12.8500,0.0000,12.5500,1.7500,0.0000,0.0000,0.0000,0.0000,0.6800,1.8700,6.0000,0.0000,0.0000,1.9600,2.0700,0.0000,0.0000,0.0000,44.9000,14.9700,14.9700,0.0000,0.0000,0.0000,0.0000,0.0000,10.6800,50.9100,50.9100,3.9400,5.2400,0.0000,5.3700,0.0000,30.2800,0.0000,0.0000,0.0000,0.0000,0.0000,0.0000,0.0000,0.0000,0.0000,0.0000,6.9300,2.6500
2,53IS2025/04/04,0.0000,0.0000,0.0000,0.0000,0.0000,0.0000,0.0000,0.0000,260.2900,0.0000,39.0000,0.0000,0.0000,0.0000,0.0000,0.0000,86.7600,494.9100,0.0000,0.0000,270.0001,0.0000,0.0000,115.0100,100.2100,271.9800,0.0000,0.0000,0.0000,0.0000,0.0000,0.0000,331.0700,0.0000,0.0000,13.3700,92.2800,118.3600,124.0800,402.8100,105.4700,20.8200,42.3400,25.9300,44.0800,142.6500,0.0000,0.0000,0.0000,0.0000,0.0000,12.7300,10.0100,18.1600,0.0000,50.4000,0.0000,0.0000,0.0000,67.2800,0.0000,0.0000,0.0000,0.0000,33.4500,35.5000,0.0000,31.2500,11.2100,0.0000,19.0600,0.0000,12.8500,6.0200,12.5500,1.7500,0.0000,0.0000,0.0000,0.0000,0.7100,1.8700,6.0000,0.0000,0.0000,1.9600,2.0700,0.0000,0.0000,0.0000,59.5100,19.8300,19.8300,0.0000,0.0000,0.0000,0.0000,0.0000,10.0000,38.3300,38.3300,3.9400,5.4200,0.0000,5.3700,0.0000,30.2800,0.0000,0.0000,0.0000,0.0000,0.0000,0.0000,0.0000,0.0000,0.0000,0.0000,6.9300,2.6500
3,53IS2025/04/04,0.0000,0.0000,0.0000,0.0000,0.0000,0.0000,0.0000,0.0000,260.2900,0.0000,39.0000,0.0000,0.0000,0.0000,0.0000,0.0000,86.7600,486.3800,0.0000,0.0000,270.0001,0.0000,0.0000,115.0100,100.2100,271.9800,0.0000,0.0000,0.0000,0.0000,0.0000,0.0000,331.0700,0.0000,0.0000,13.3700,92.2800,118.3600,124.0800,402.8100,105.4700,20.8200,42.3400,25.9300,44.0800,142.6500,0.0000,0.0000,0.0000,0.0000,0.0000,0.0000,10.0100,18.1600,0.0000,50.4000,0.0000,0.0000,0.0000,67.2800,0.0000,0.0000,0.0000,0.0000,33.4500,38.1300,0.0000,31.2500,11.2100,0.0000,19.0600,0.0000,12.8500,6.0200,12.5500,1.7500,0.0000,0.0000,0.0000,0.0000,0.7100,1.8700,6.0000,0.0000,0.0000,1.9600,2.0700,0.0000,0.0000,0.0000,58.5000,19.5000,19.5000,0.0000,0.0000,0.0000,0.0000,0.0000,10.3400,41.6700,41.6700,3.9400,5.4200,0.0000,5.3700,0.0000,30.2800,0.0000,0.0000,0.0000,0.0000,0.0000,0.0000,0.0000,0.0000,0.0000,0.0000,6.9300,2.6500
4,53IS2025/04/04,0.0000,0.0000,0.0000,0.0000,0.0000,0.0000,0.0000,0.0000,260.2900,0.0000,39.0000,0.0000,0.0000,0.0000,0.0000,0.0000,86.7600,486.3800,0.0000,0.0000,270.0001,0.0000,0.0000,115.0100,100.2100,271.9800,0.0000,0.0000,0.0000,0.0000,0.0000,0.0000,331.0700,0.0000,0.0000,13.3700,92.2800,118.3600,124.0800,402.8100,105.4700,20.8200,42.3400,25.9300,44.0800,142.6500,0.0000,0.0000,0.0000,0.0000,0.0000,0.0000,10.0100,18.1600,0.0000,50.4000,0.0000,0.0000,0.0000,67.2800,0.0000,0.0000,0.0000,0.0000,33.4500,38.1300,0.0000,31.2500,11.2100,0.0000,19.0600,0.0000,12.8500,6.0200,12.5500,1.7500,0.0000,0.0000,0.0000,0.0000,0.7100,1.8700,6.0000,0.0000,0.0000,1.9600,2.0700,0.0000,0.0000,0.0000,57.4900,19.1700,19.1700,0.0000,0.0000,0.0000,0.0000,0.0000,10.6600,41.3300,41.3300,3.9400,5.4200,0.0000,5.3700,0.0000,30.2800,0.0000,0.0000,0.0000,0.0000,0.0000,0.0000,0.0000,0.0000,0.0000,0.0000,6.9300,2.6500
5,53IS2025/04/04,0.0000,0.0000,0.0000,0.0000,0.0000,0.0000,0.0000,0.0000,260.2900,0.0000,39.0000,0.0000,0.0000,0.0000,0.0000,0.0000,86.7600,486.3800,0.0000,0.0000,269.9999,0.0000,0.0000,115.0100,100.2100,271.9800,0.0000,0.0000,0.0000,0.0000,0.0000,0.0000,331.0700,0.0000,0.0000,13.3700,92.2800,118.3600,124.0800,402.8100,105.4700,20.8200,42.3400,25.9300,44.0800,142.6500,0.0000,0.0000,0.0000,0.0000,0.0000,0.0000,10.0100,18.1600,0.0000,50.4000,0.0000,0.0000,0.0000,67.2800,0.0000,0.0000,0.0000,0.0000,33.4500,38.1300,0.0000,15.6300,11.2100,0.0000,19.0600,0.0000,16.7800,6.0200,12.5500,1.7500,0.0000,0.0000,0.0000,0.0000,0.7100,1.8700,6.0000,0.0000,0.0000,1.9600,1.9900,0.0000,0.0000,0.0000,49.5000,16.5000,16.5000,0.0000,0.0000,0.0000,0.0000,0.0000,10.6600,41.6700,41.6700,3.9400,5.4200,0.0000,5.3700,0.0000,30.2800,0.0000,0.0000,0.0000,0.0000,0.0000,0.0000,0.0000,0.0000,0.0000,0.0000,6.9300,2.6500
6,53IS2025/04/04,0.0000,0.0000,0.0000,0.0000,0.0000,0.0000,0.0000,0.0000,260.2900,0.0000,39.0000,0.0000,0.0000,0.0000,0.0000,0.0000,86.7600,486.4000,0.0000,0.0000,269.9999,0.0000,0.0000,115.0100,100.2100,271.9800,0.0000,0.0000,0.0000,0.0000,0.0000,0.0000,296.4500,0.0000,0.0000,13.3700,92.2800,118.3600,124.0800,402.8100,105.4700,20.8200,42.3400,25.9300,44.0800,142.6500,0.0000,0.0000,0.0000,0.0000,0.0000,0.0000,10.0100,18.1600,0.0000,50.4000,0.0000,0.0000,0.0000,67.2800,0.0000,0.0000,0.0000,0.0000,33.4500,38.1300,0.0000,15.6300,11.2100,0.0000,19.0600,0.0000,68.1800,6.0200,12.5500,1.7500,0.0000,0.0000,0.0000,0.0000,0.7100,1.8700,6.0000,0.0000,0.0000,1.9600,1.9900,0.0000,0.0000,0.0000,49.0100,16.3300,16.3300,0.0000,0.0000,0.0000,0.0000,0.0000,10.3400,42.0000,42.0000,3.9400,5.4200,0.0000,5.3700,0.0000,30.2800,0.0000,0.0000,0.0000,0.0000,0.0000,0.0000,0.0000,0.0000,0.0000,0.0000,6.9300,2.6500
7,53IS2025/04/04,0.0000,0.0000,0.0000,0.0000,0.0000,0.0000,0.0000,0.0000,260.2900,0.0000,39.0000,0.0000,0.0000,0.0000,0.0000,0.0000,86.7600,486.4000,0.0000,0.0000,269.9999,0.0000,0.0000,115.0100,100.2100,271.9800,0.0000,0.0000,0.0000,0.0000,0.0000,0.0000,276.7900,0.0000,0.0000,13.3700,92.2800,118.3600,124.0800,402.8100,105.4700,20.8200,42.3400,25.9300,44.0800,142.6500,0.0000,0.0000,0.0000,0.0000,0.0000,0.0000,10.0100,18.1600,0.0000,50.4000,0.0000,0.0000,0.0000,67.2800,0.0000,0.0000,0.0000,0.0000,33.4500,38.1300,0.0000,15.6300,11.2100,0.0000,19.0600,0.0000,68.1800,6.0200,12.5500,1.7500,0.0000,0.0000,0.0000,0.0000,0.7100,1.8700,6.0000,0.0000,0.0000,1.9600,1.9900,0.0000,0.0000,0.0000,48.4900,16.1700,16.1700,0.0000,0.0000,0.0000,0.0000,0.0000,10.3400,42.3300,42.3300,3.9400,5.4200,0.0000,5.3700,0.0000,30.2800,0.0000,0.0000,0.0000,0.0000,0.0000,0.0000,0.0000,0.0000,0.0000,0.0000,6.9300,2.6500
8,53IS2025/04/04,0.0000,0.0000,0.0000,0.0000,0.0000,0.0000,0.0000,0.0000,260.2900,0.0000,39.0000,0.0000,0.0000,0.0000,0.0000,0.0000,86.7600,486.3800,0.0000,0.0000,269.9999,0.0000,0.0000,84.8500,100.2100,271.9800,0.0000,0.0000,0.0000,0.0000,0.0000,0.0000,249.9600,0.0000,0.0000,13.3700,92.2800,118.3600,124.0800,402.8100,105.4700,20.8200,42.3400,25.9300,44.0800,142.6500,0.0000,0.0000,0.0000,0.0000,0.0000,0.0000,10.0100,18.1600,0.0000,50.4000,0.0000,0.0000,0.0000,67.2800,0.0000,0.0000,0.0000,0.0000,33.4500,38.1300,0.0000,15.6300,11.2100,0.0000,19.0600,0.0000,68.1800,6.0200,12.5500,1.7500,0.0000,0.0000,0.0000,0.0000,0.7100,1.8700,6.0000,0.0000,0.0000,1.9600,1.9900,0.0000,0.0000,0.0000,48.4900,16.1700,16.1700,0.0000,0.0000,0.0000,0.0000,0.0000,10.3400,43.3300,43.3300,3.9400,5.4200,0.0000,5.3700,0.0000,30.2800,0.0000,0.0000,0.0000,0.0000,0.0000,0.0000,0.0000,0.0000,0.0000,0.0000,6.9300,2.6500
9,53IS2025/04/04,0.0000,0.0000,0.0000,0.0000,0.0000,0.0000,0.0000,0.0000,260.2900,0.0000,39.0000,0.0000,0.0000,0.0000,0.0000,0.0000,86.7600,378.1400,0.0000,0.0000,269.9999,0.0000,0.0000,66.0000,100.2100,271.9800,0.0000,0.0000,0.0000,0.0000,0.0000,0.0000,219.0700,0.0000,0.0000,13.3700,92.2800,118.3600,124.0800,402.8100,105.4700,20.8200,43.0400,26.6100,44.0800,142.6500,0.0000,0.0000,0.0000,0.0000,0.0000,0.0000,10.0100,18.1600,0.0000,50.4000,0.0000,0.0000,0.0000,67.2800,0.0000,0.0000,0.0000,0.0000,33.4500,38.1300,0.0000,15.6300,11.2100,0.0000,19.0600,0.0000,68.1800,6.0200,12.5500,1.7500,0.0000,0.0000,0.0000,0.0000,0.7100,1.8700,6.0000,0.0000,0.0000,1.8700,1.9900,0.0000,0.0000,0.0000,38.5100,12.8300,12.8300,0.0000,0.0000,0.0000,0.0000,0.0000,10.0000,34.3300,34.3300,3.9400,5.4200,0.0000,5.3700,0.0000,30.2800,0.0000,0.0000,0.0000,0.0000,0.0000,0.0000,0.0000,0.0000,0.0000,0.0000,6.9300,3.6100
10,53IS2025/04/04,0.0000,0.0000,0.0000,0.0000,0.0000,0.0000,0.0000,0.0000,260.2900,0.0000,39.0000,0.0000,0.0000,0.0000,0.0000,0.0000,86.7600,324.9500,0.0000,0.0000,269.9999,0.0000,0.0000,66.0000,100.2100,271.9800,0.0000,0.0000,0.0000,0.0000,0.0000,0.0000,190.1500,0.0000,0.0000,13.3700,92.2800,118.3600,124.0800,402.8100,105.4700,16.3800,34.3500,21.0100,44.0800,142.6500,0.0000,0.0000,0.0000,0.0000,0.0000,0.0000,10.0100,18.1600,0.0000,50.4000,0.0000,0.0000,0.0000,67.2800,0.0000,0.0000,0.0000,0.0000,33.4500,38.1300,0.0000,15.6300,11.2100,0.0000,19.0600,0.0000,68.1800,0.0000,12.5500,1.7500,0.0000,0.0000,0.0000,0.0000,0.7100,1.8700,6.0000,0.0000,0.0000,1.8700,1.9900,0.0000,0.0000,0.0000,39.4900,13.1700,13.1700,0.0000,0.0000,0.0000,0.0000,0.0000,9.3400,34.3300,34.3300,3.9400,5.4200,0.0000,5.3700,0.0000,30.2800,0.0000,0.0000,0.0000,0.0000,0.0000,0.0000,0.0000,0.0000,0.0000,0.0000,6.9300,3.6100
11,53IS2025/04/04,0.0000,0.0000,0.0000,0.0000,0.0000,0.0000,0.0000,0.0000,260.2900,0.0000,39.0000,0.0000,0.0000,0.0000,0.0000,0.0000,86.7600,358.7000,0.0000,0.0000,269.9999,0.0000,0.0000,66.0000,100.2100,271.9800,0.0000,0.0000,0.0000,0.0000,0.0000,0.0000,182.2100,0.0000,0.0000,13.3700,92.2800,118.3600,124.0800,402.8100,105.4700,16.3800,34.3500,21.0100,44.0800,142.6500,0.0000,0.0000,0.0000,0.0000,0.0000,0.0000,10.0100,18.1600,0.0000,50.4000,0.0000,0.0000,0.0000,67.2800,0.0000,0.0000,0.0000,0.0000,33.4500,38.1300,0.0000,15.6300,11.2100,0.0000,19.0600,0.0000,68.1800,0.0000,6.2600,1.7500,0.0000,0.0000,0.0000,0.0000,0.7100,1.8700,3.0000,0.0000,0.0000,1.8700,1.9900,0.0000,0.0000,0.0000,41.5100,13.8300,13.8300,0.0000,0.0000,0.0000,0.0000,0.0000,9.0000,34.3300,34.3300,3.9400,5.4200,0.0000,5.3700,0.0000,30.2800,0.0000,0.0000,0.0000,0.0000,0.0000,0.0000,0.0000,0.0000,0.0000,0.0000,6.9300,3.6100
12,53IS2025/04/04,0.0000,0.0000,0.0000,0.0000,0.0000,0.0000,0.0000,0.0000,260.2900,0.0000,39.0000,0.0000,0.0000,0.0000,0.0000,0.0000,86.7600,358.7300,0.0000,0.0000,269.9999,0.0000,0.0000,66.0000,100.2100,271.9800,0.0000,0.0000,0.0000,0.0000,0.0000,0.0000,182.2100,0.0000,0.0000,13.3700,92.2800,118.3600,124.0800,402.8100,105.4700,16.3800,34.3500,21.0100,44.0800,142.6500,0.0000,0.0000,0.0000,0.0000,0.0000,0.0000,10.0100,12.1100,0.0000,50.4000,0.0000,0.0000,0.0000,67.2800,0.0000,0.0000,0.0000,0.0000,33.4500,38.1300,0.0000,15.6300,11.2100,0.0000,19.0600,0.0000,26.8300,0.0000,6.2600,1.7500,0.0000,0.0000,0.0000,0.0000,0.7100,1.8700,3.0000,0.0000,0.0000,1.8700,1.9900,0.0000,0.0000,0.0000,42.4900,14.1700,14.1700,0.0000,0.0000,0.0000,0.0000,0.0000,8.6600,34.0000,34.0000,3.9400,5.4200,0.0000,5.3700,0.0000,30.2800,0.0000,0.0000,0.0000,0.0000,0.0000,0.0000,0.0000,0.0000,0.0000,0.0000,6.9300,3.6100
13,53IS2025/04/04,0.0000,0.0000,0.0000,0.0000,0.0000,0.0000,0.0000,0.0000,260.2900,0.0000,39.0000,0.0000,0.0000,0.0000,0.0000,0.0000,86.7600,358.7300,0.0000,0.0000,269.9999,0.0000,0.0000,66.0000,100.2100,271.9800,0.0000,0.0000,0.0000,0.0000,0.0000,0.0000,182.2100,0.0000,0.0000,13.3700,92.2800,118.3600,124.0800,402.8100,105.4700,16.3800,34.4100,21.0100,44.0800,142.6500,0.0000,0.0000,0.0000,0.0000,0.0000,0.0000,10.0100,12.1100,0.0000,50.4000,0.0000,0.0000,0.0000,67.2800,0.0000,0.0000,0.0000,0.0000,33.4500,38.1300,0.0000,15.6300,11.2100,0.0000,19.0600,0.0000,25.7100,0.0000,6.2600,1.7500,0.0000,0.0000,0.0000,0.0000,0.7100,1.8700,3.0000,0.0000,0.0000,1.8700,1.9900,0.0000,0.0000,0.0000,42.4900,14.1700,14.1700,0.0000,0.0000,0.0000,0.0000,0.0000,5.0000,33.3300,33.3300,3.9400,5.4200,0.0000,5.3700,0.0000,30.7800,0.0000,0.0000,0.0000,0.0000,0.0000,0.0000,0.0000,0.0000,0.0000,0.0000,6.9300,3.6100
14,53IS2025/04/04,0.0000,0.0000,0.0000,0.0000,0.0000,0.0000,0.0000,0.0000,260.2900,0.0000,39.0000,0.0000,0.0000,0.0000,0.0000,0.0000,86.7600,358.7000,0.0000,0.0000,269.9999,0.0000,0.0000,66.0000,100.2100,271.9800,0.0000,0.0000,0.0000,0.0000,0.0000,0.0000,182.2100,0.0000,0.0000,13.3700,92.2800,118.3600,124.0800,402.8100,105.4700,16.3800,34.4100,21.0100,44.0800,142.6500,0.0000,0.0000,0.0000,0.0000,0.0000,0.0000,10.0100,6.0500,0.0000,50.4000,0.0000,0.0000,0.0000,67.2800,0.0000,0.0000,0.0000,0.0000,33.4500,38.1300,0.0000,15.6300,11.2100,0.0000,19.0600,0.0000,25.7100,0.0000,6.2600,1.7500,0.0000,0.0000,0.0000,0.0000,0.7100,1.8700,3.0000,0.0000,0.0000,1.8700,1.9900,0.0000,0.0000,0.0000,42.4900,14.1700,14.1700,0.0000,0.0000,0.0000,0.0000,0.0000,5.0000,32.0000,32.0000,3.9400,5.4200,0.0000,5.3700,0.0000,31.2900,0.0000,0.0000,0.0000,0.0000,0.0000,0.0000,0.0000,0.0000,0.0000,0.0000,6.9300,3.6100
15,53IS2025/04/04,0.0000,0.0000,0.0000,0.0000,0.0000,0.0000,0.0000,0.0000,260.2900,0.0000,39.0000,0.0000,0.0000,0.0000,0.0000,0.0000,86.7600,358.7000,0.0000,0.0000,269.9999,0.0000,0.0000,66.0000,100.2100,271.9800,0.0000,0.0000,0.0000,0.0000,0.0000,0.0000,182.2100,0.0000,0.0000,13.3700,92.2800,118.3600,124.0800,402.8100,105.4700,12.2100,26.8300,16.4100,44.0800,142.6500,0.0000,0.0000,0.0000,0.0000,0.0000,0.0000,10.0100,0.0000,0.0000,50.4000,0.0000,0.0000,0.0000,67.2800,0.0000,0.0000,0.0000,0.0000,33.4500,36.6000,0.0000,15.6300,11.2100,0.0000,19.0600,0.0000,25.7100,0.0000,6.2600,1.7500,0.0000,0.0000,0.0000,0.0000,0.7100,1.8700,3.0000,0.0000,0.0000,1.8700,1.9900,0.0000,0.0000,0.0000,43.0100,14.3300,14.3300,0.0000,0.0000,0.0000,0.0000,0.0000,5.0000,30.6700,30.6700,3.9400,5.4200,0.0000,5.3700,0.0000,31.2900,0.0000,0.0000,0.0000,0.0000,0.0000,0.0000,0.0000,0.0000,0.0000,0.0000,6.9300,3.6100
16,53IS2025/04/04,0.0000,0.0000,0.0000,0.0000,0.0000,0.0000,0.0000,0.0000,260.2900,0.0000,39.0000,0.0000,0.0000,0.0000,0.0000,0.0000,86.7600,358.7300,0.0000,0.0000,269.9999,0.0000,0.0000,66.0000,100.2100,271.9800,0.0000,0.0000,0.0000,0.0000,0.0000,0.0000,182.2100,0.0000,0.0000,13.3700,92.2800,118.3600,124.0800,402.8100,105.4700,16.6400,35.5600,22.0100,44.0800,142.6500,0.0000,0.0000,0.0000,0.0000,0.0000,12.7300,10.0100,0.0000,0.0000,50.4000,0.0000,0.0000,0.0000,67.2800,0.0000,0.0000,0.0000,0.0000,33.4500,36.6000,0.0000,15.6300,11.2100,0.0000,19.0600,0.0000,25.7100,0.0000,6.2600,1.7500,0.0000,0.0000,0.0000,0.0000,0.7100,1.8700,3.0000,0.0000,0.0000,1.8700,1.9900,0.0000,0.0000,0.0000,43.0100,14.3300,14.3300,0.0000,0.0000,0.0000,0.0000,0.0000,5.0000,29.0000,29.0000,3.9400,5.4200,0.0000,5.3700,0.0000,31.2900,0.0000,0.0000,0.0000,0.0000,0.0000,0.0000,0.0000,0.0000,0.0000,0.0000,6.9300,3.6100
17,53IS2025/04/04,0.0000,0.0000,0.0000,0.0000,0.0000,0.0000,0.0000,0.0000,260.2900,0.0000,39.0000,0.0000,0.0000,0.0000,0.0000,0.0000,86.7600,358.7000,0.0000,0.0000,269.9999,0.0000,0.0000,66.0000,100.2100,271.9800,0.0000,0.0000,0.0000,0.0000,0.0000,0.0000,202.4700,0.0000,0.0000,13.3700,92.2800,118.3600,124.0800,402.8100,105.4700,16.6400,35.5600,22.0100,44.0800,142.6500,0.0000,0.0000,0.0000,0.0000,0.0000,12.7300,10.0100,0.0000,0.0000,50.4000,0.0000,0.0000,0.0000,67.2800,0.0000,0.0000,0.0000,0.0000,33.4500,36.6000,0.0000,15.6300,11.2100,0.0000,19.0600,0.0000,25.7100,0.0000,6.2600,1.7500,0.0000,0.0000,0.0000,0.0000,0.7100,1.8700,3.0000,0.0000,0.0000,1.8700,1.8400,0.0000,0.0000,0.0000,42.4900,14.1700,14.1700,0.0000,0.0000,0.0000,0.0000,0.0000,5.0000,28.0000,28.0000,3.9400,5.4200,0.0000,5.3700,0.0000,31.2900,0.0000,0.0000,0.0000,0.0000,0.0000,0.0000,0.0000,0.0000,0.0000,0.0000,6.9300,3.6100
18,53IS2025/04/04,0.0000,0.0000,0.0000,0.0000,0.0000,0.0000,0.0000,0.0000,260.2900,0.0000,38.1564,0.0000,0.0000,0.0000,0.0000,0.0000,86.7600,374.0900,0.0000,0.0000,269.9999,0.0000,0.0000,66.0000,100.2100,271.9800,0.0000,0.0000,0.0000,0.0000,0.0000,0.0000,210.1700,0.0000,0.0000,13.3700,92.2800,118.3600,124.0800,402.8100,105.4700,16.6400,35.4900,22.0100,44.0800,142.6500,0.0000,0.0000,0.0000,0.0000,0.0000,12.7300,10.0100,0.0000,0.0000,50.4000,0.0000,0.0000,0.0000,67.2800,0.0000,0.0000,0.0000,0.0000,33.4500,36.6000,0.0000,15.6300,11.2100,0.0000,19.0600,0.0000,25.7100,0.0000,6.2600,1.7500,0.0000,0.0000,0.0000,0.0000,0.7100,1.8700,3.0000,0.0000,0.0000,1.8700,1.8400,0.0000,0.0000,0.0000,42.0000,14.0000,14.0000,0.0000,0.0000,0.0000,0.0000,0.0000,5.0000,27.0000,27.0000,3.9400,5.4200,0.0000,5.3700,0.0000,31.2900,0.0000,0.0000,0.0000,0.0000,0.0000,0.0000,0.0000,0.0000,0.0000,0.0000,6.9300,3.6100
19,53IS2025/04/04,0.0000,0.0000,0.0000,0.0000,0.0000,0.0000,0.0000,0.0000,260.2900,0.0000,38.1564,0.0000,0.0000,0.0000,0.0000,0.0000,86.7600,472.0300,0.0000,0.0000,270.0001,0.0000,0.0000,84.8500,100.2100,271.9800,0.0000,0.0000,0.0000,0.0000,0.0000,0.0000,255.6900,0.0000,0.0000,13.3700,92.2800,118.3600,124.0800,402.8100,105.4700,20.8200,43.0400,26.6100,44.0800,142.6500,0.0000,0.0000,0.0000,0.0000,0.0000,25.4200,10.0100,0.0000,0.0000,50.4000,0.0000,0.0000,0.0000,67.2800,0.0000,0.0000,0.0000,0.0000,33.4500,36.6000,0.0000,15.6300,11.2100,0.0000,19.0600,0.0000,25.7100,0.0000,6.2600,1.7500,0.0000,0.0000,0.0000,0.0000,0.7100,1.8700,3.0000,0.0000,0.0000,1.8700,1.8400,0.0000,0.0000,0.0000,41.5100,13.8300,13.8300,0.0000,0.0000,0.0000,0.0000,0.0000,5.0000,37.6700,37.6700,3.9400,5.4200,0.0000,5.3700,0.0000,31.2900,0.0000,0.0000,0.0000,0.0000,0.0000,0.0000,0.0000,0.0000,0.0000,0.0000,6.9300,3.6100
20,53IS2025/04/04,0.0000,0.0000,0.0000,0.0000,0.0000,0.0000,0.0000,0.0000,260.2900,0.0000,39.0000,0.0000,0.0000,0.0000,0.0000,0.0000,86.7600,486.3800,26.5800,0.0000,270.0001,0.0000,0.0000,115.0100,100.2100,271.9800,0.0000,0.0000,0.0000,0.0000,0.0000,0.0000,258.6100,0.0000,0.0000,13.3700,92.2800,118.3600,124.0800,402.8100,105.4700,20.8200,43.0400,26.6100,44.0800,142.6500,0.0000,0.0000,0.0000,0.0000,0.0000,25.4200,10.0100,0.0000,0.0000,50.4000,0.0000,0.0000,1.0500,67.2800,0.0000,0.0000,0.0000,0.0000,33.4500,36.6000,0.0000,15.6300,11.2100,0.0000,19.0600,0.0000,25.7100,0.0000,6.2600,1.7500,0.0000,0.0000,0.0000,0.0000,0.7100,1.8700,3.0000,0.0000,0.0000,1.8700,1.8400,0.0000,0.0000,0.0000,41.5100,13.8300,13.8300,0.0000,0.0000,0.0000,0.0000,0.0000,5.0000,37.6700,37.6700,3.9400,5.4200,0.0000,5.3700,0.0000,31.2900,0.0000,0.0000,0.0000,0.0000,0.0000,0.0000,0.0000,0.0000,0.0000,0.0000,6.9300,3.6100
21,53IS2025/04/04,0.0000,0.0000,0.0000,0.0000,0.0000,0.0000,0.0000,0.0000,260.2900,0.0000,39.0000,0.0000,0.0000,0.0000,0.0000,0.0000,86.7600,486.3800,53.1500,0.0000,269.9999,0.0000,0.0000,115.0100,100.2100,271.9800,0.0000,0.0000,0.0000,0.0000,0.0000,0.0000,276.5500,0.0000,0.0000,13.3700,92.2800,118.3600,124.0800,402.8100,105.4700,20.8200,43.0400,26.6100,44.0800,142.6500,0.0000,0.0000,0.0000,0.0000,0.0000,25.4300,10.0100,0.0000,0.0000,50.4000,0.0000,0.0000,2.1000,67.2800,0.0000,0.0000,0.0000,0.0000,33.4500,36.6000,0.0000,15.6300,11.2100,0.0000,19.0600,0.0000,25.7100,0.0000,6.2600,1.7500,0.0000,0.0000,0.0000,0.0000,0.7100,1.7800,3.0000,0.0000,0.0000,1.7700,1.8400,0.0000,0.0000,0.0000,57.0000,19.0000,19.0000,0.0000,0.0000,0.0000,0.0000,0.0000,10.0000,41.6700,41.6700,3.9400,5.4200,0.0000,5.3700,0.0000,30.7800,0.0000,0.0000,0.0000,0.0000,0.0000,0.0000,0.0000,0.0000,0.0000,0.0000,6.9300,3.6100
22,53IS2025/04/04,0.0000,0.0000,0.0000,0.0000,0.0000,0.0000,0.0000,0.0000,260.2900,0.0000,39.0000,0.0000,0.0000,0.0000,0.0000,0.0000,86.7600,486.4000,53.1500,0.0000,269.9999,0.0000,0.0000,115.0100,100.2100,271.9800,0.0000,0.0000,0.0000,0.0000,0.0000,0.0000,310.8800,0.0000,0.0000,13.3700,92.2800,118.3600,124.0800,402.8100,105.4700,20.8200,43.0400,26.6100,44.0800,142.6500,0.0000,0.0000,0.0000,0.0000,0.0000,25.4300,10.0100,0.0000,0.0000,50.4000,0.0000,0.0000,2.1000,67.2800,0.0000,0.0000,0.0000,0.0000,33.4500,36.6000,0.0000,15.6300,11.2100,0.0000,19.0600,0.0000,25.7100,0.0000,6.2600,1.7500,0.0000,0.0000,0.0000,0.0000,0.7100,1.7800,3.0000,0.0000,0.0000,1.7700,1.8400,0.0000,0.0000,0.0000,56.5100,18.8300,18.8300,0.0000,0.0000,0.0000,0.0000,0.0000,10.0000,42.3300,42.3300,3.9400,5.4200,0.0000,5.3700,0.0000,30.7800,0.0000,0.0000,0.0000,0.0000,0.0000,0.0000,0.0000,0.0000,0.0000,0.0000,6.9300,3.6100
23,53IS2025/04/04,0.0000,0.0000,0.0000,0.0000,0.0000,0.0000,0.0000,0.0000,260.2900,0.0000,39.0000,0.0000,0.0000,0.0000,0.0000,0.0000,86.7600,493.7600,53.1500,0.0000,270.0001,0.0000,0.0000,115.0100,100.2100,271.9800,0.0000,0.0000,0.0000,0.0000,0.0000,0.0000,331.0700,0.0000,0.0000,13.3700,92.2800,118.3600,124.0800,402.8100,105.4700,20.8200,43.0400,26.6100,44.0800,142.6500,0.0000,0.0000,0.0000,0.0000,0.0000,25.4300,10.0100,0.0000,0.0000,50.4000,0.0000,0.0000,2.1000,67.2800,0.0000,0.0000,0.0000,0.0000,33.4500,36.6000,0.0000,15.6300,0.0000,0.0000,19.0600,0.0000,25.7100,0.0000,6.2600,1.7500,0.0000,0.0000,0.0000,0.0000,0.7100,1.7800,3.0000,0.0000,0.0000,1.7700,1.9900,0.0000,0.0000,0.0000,55.0100,18.3300,18.3300,0.0000,0.0000,0.0000,0.0000,0.0000,9.6600,46.6700,46.6700,3.9400,5.4200,0.0000,5.3700,0.0000,30.7800,0.0000,0.0000,0.0000,0.0000,0.0000,0.0000,0.0000,0.0000,0.0000,0.0000,6.9300,3.6100
24,53IS2025/04/04,0.0000,0.0000,0.0000,0.0000,0.0000,0.0000,0.0000,0.0000,260.2900,0.0000,39.0000,0.0000,0.0000,0.0000,0.0000,0.0000,86.7600,493.7600,53.1500,0.0000,270.0001,0.0000,0.0000,115.0100,100.2100,271.9800,0.0000,0.0000,0.0000,0.0000,0.0000,0.0000,331.0700,0.0000,0.0000,13.3700,92.2800,118.3600,124.0800,402.8100,105.4700,20.8200,43.0400,26.6100,44.0800,142.6500,0.0000,0.0000,0.0000,0.0000,0.0000,25.4300,10.0100,0.0000,0.0000,50.4000,0.0000,0.0000,2.1000,67.2800,0.0000,0.0000,0.0000,0.0000,33.4500,36.6000,0.0000,15.6300,0.0000,0.0000,19.0600,0.0000,25.7100,0.0000,6.2600,1.7500,0.0000,0.0000,0.0000,0.0000,0.7100,1.7800,3.0000,0.0000,0.0000,1.7700,1.9900,0.0000,0.0000,0.0000,54.0000,18.0000,18.0000,0.0000,0.0000,0.0000,0.0000,0.0000,9.0000,45.3300,45.3300,3.9400,5.4200,0.0000,5.3700,0.0000,30.2800,0.0000,0.0000,0.0000,0.0000,0.0000,0.0000,0.0000,0.0000,0.0000,0.0000,6.9300,3.6100
25,53IS2025/04/04,0.0000,0.0000,0.0000,0.0000,0.0000,0.0000,0.0000,0.0000,260.2900,0.0000,39.0000,0.0000,0.0000,0.0000,0.0000,0.0000,86.7600,494.3200,53.1500,0.0000,270.0000,0.0000,0.0000,115.0100,100.2100,271.9800,0.0000,0.0000,0.0000,0.0000,0.0000,0.0000,331.0700,0.0000,0.0000,13.3700,92.2800,118.3600,124.0800,402.8100,105.4700,20.8200,43.0400,26.6100,44.0800,142.6500,0.0000,0.0000,0.0000,0.0000,0.0000,25.4300,10.0100,0.0000,0.0000,50.4000,0.0000,0.0000,2.1000,67.2800,0.0000,0.0000,0.0000,0.0000,38.2400,36.6000,0.0000,0.0000,0.0000,0.0000,38.1100,0.0000,25.7100,0.0000,6.2600,1.7500,0.0000,0.0000,0.0000,0.0000,0.7100,1.7800,3.0000,0.0000,0.0000,1.7700,1.9900,0.0000,0.0000,0.0000,50.5100,16.8300,16.8300,0.0000,0.0000,0.0000,0.0000,0.0000,7.6600,42.0000,42.0000,3.9400,5.4200,0.0000,5.3700,0.0000,29.7700,0.0000,0.0000,0.0000,0.0000,0.0000,0.0000,0.0000,0.0000,0.0000,0.0000,6.9300,3.6100
26,53IS2025/04/04,0.0000,0.0000,0.0000,0.0000,0.0000,0.0000,0.0000,0.0000,260.2900,0.0000,39.0000,0.0000,0.0000,0.0000,0.0000,0.0000,86.7600,494.3200,53.1500,0.0000,271.6840,0.0000,0.0000,115.0100,100.2100,271.9800,0.0000,0.0000,0.0000,0.0000,0.0000,0.0000,331.0700,0.0000,0.0000,13.3700,92.2800,118.3600,124.0800,402.8100,105.4700,20.8200,43.0400,26.6100,44.0800,142.6500,0.0000,0.0000,0.0000,0.0000,0.0000,25.4300,10.0100,0.0000,0.0000,50.4000,0.0000,0.0000,2.1000,67.2800,0.0000,0.0000,0.0000,0.0000,38.2400,36.6000,0.0000,0.0000,0.0000,0.0000,38.1100,0.0000,27.9300,0.0000,6.2600,1.7500,0.0000,0.0000,0.0000,0.0000,0.7100,1.7800,3.0000,0.0000,0.9400,1.7700,1.9900,0.0000,0.0000,0.0000,48.0000,16.0000,16.0000,1.1500,0.2300,0.0000,0.0000,0.0000,7.6600,39.3300,39.3300,3.9400,5.4200,0.0000,5.3700,0.0000,28.7600,0.0000,0.0000,0.0000,0.0000,0.0000,0.0000,0.0000,0.0000,0.0000,0.0000,6.9300,3.6100
27,53IS2025/04/04,0.0000,0.0000,0.0000,0.0000,0.0000,0.0000,0.0000,0.0000,260.2900,0.0000,39.0000,0.0000,0.0000,0.0000,0.0000,0.0000,86.7600,479.2200,53.1500,0.0000,302.1840,0.0000,0.0000,115.0100,100.2100,271.9800,0.0000,0.0000,0.0000,0.0000,0.0000,0.0000,331.0700,0.0000,0.0000,13.3700,92.2800,118.3600,124.0800,402.8100,105.4700,20.8200,43.0400,26.6100,44.0800,142.6500,0.0000,0.0000,0.0000,0.0000,0.0000,25.4300,10.0100,0.0000,0.0000,50.4000,0.0000,0.0000,2.1000,67.2800,0.0000,0.0000,0.0000,0.0000,38.2400,36.6000,0.0000,0.0000,0.0000,0.0000,38.1100,0.0000,68.1800,0.0000,6.2600,1.7500,0.0000,0.0000,0.0000,0.0000,0.7100,1.7800,3.0000,0.0000,4.8900,1.7700,1.9900,0.0000,0.0000,0.0000,46.0100,15.3300,15.3300,1.8100,0.3600,1.0000,1.0000,0.0000,7.3400,36.6700,36.6700,3.9400,5.4200,0.0000,5.3700,0.0000,28.7600,0.0000,1.0000,0.0000,0.0000,0.0000,0.0000,0.0000,0.0000,0.0000,0.0000,6.9300,3.6100
28,53IS2025/04/04,0.0000,0.0000,0.0000,0.0000,0.0000,0.0000,0.0000,0.0000,260.2900,0.0000,39.0000,0.0000,0.0000,0.0000,0.0000,0.0000,86.7600,479.2200,53.1500,0.0000,302.1840,0.0000,0.0000,115.0100,100.2100,271.9800,0.0000,0.0000,0.0000,0.0000,0.0000,0.0000,331.0700,0.0000,0.0000,13.3700,92.2800,118.3600,124.0800,402.8100,105.4700,20.8200,43.0400,26.6100,44.0800,142.6500,0.0000,0.0000,0.0000,0.0000,0.0000,25.4300,10.0100,0.0000,0.0000,50.4000,0.0000,0.0000,2.1000,67.2800,0.0000,0.0000,0.0000,0.0000,38.2400,36.6000,0.0000,0.0000,0.0000,0.0000,38.1100,0.0000,68.1800,0.0000,6.2700,1.7500,0.0000,0.0000,0.0000,0.0000,0.7100,1.7800,3.0000,0.0000,13.4800,1.7700,1.9900,0.0000,0.0000,0.0000,43.5000,14.5000,14.5000,7.3000,1.4600,2.0000,3.0000,0.0000,7.0000,34.0000,34.0000,3.9400,5.4200,0.0000,5.3700,0.0000,28.2600,1.0000,4.0000,1.0000,1.0000,0.0000,0.2300,0.3000,0.3000,0.0000,0.0000,6.9300,3.6100
29,53IS2025/04/04,0.0000,0.0000,0.0000,0.0000,0.0000,0.0000,0.0000,0.0000,260.2900,0.0000,39.0000,0.0000,0.0000,0.0000,0.0000,0.0000,86.7600,465.4800,53.1500,0.0000,302.1840,0.0000,0.0000,115.0100,100.2100,271.9800,0.0000,0.0000,0.0000,0.0000,0.0000,0.0000,331.0700,0.0000,0.0000,13.3700,92.2800,118.3600,124.0800,402.8100,105.4700,20.8200,43.0400,26.6100,44.0800,142.6500,0.0000,0.0000,0.0000,0.0000,0.0000,25.4300,10.0100,0.0000,0.0000,50.4000,0.0000,0.0000,2.1000,67.2800,0.0000,0.0000,0.0000,0.0000,31.8600,36.6000,0.0000,0.0000,0.0000,0.0000,38.1100,0.0000,68.1800,0.0000,6.2700,1.7500,0.0000,0.0000,0.0000,0.0000,0.7100,1.7800,3.0000,0.0000,20.6900,1.7700,1.9900,0.0000,0.0000,0.0000,54.4900,18.1700,18.1700,15.6200,3.1200,3.0000,5.0000,0.0000,6.6600,31.0000,31.0000,3.9400,5.4200,0.0000,5.3700,0.0000,27.7500,6.0000,14.0000,3.0000,7.0000,0.0000,0.6600,0.8600,0.8600,0.0000,0.0000,6.9300,3.6100
30,53IS2025/04/04,0.0000,0.0000,0.0000,0.0000,0.0000,0.0000,0.0000,0.0000,260.2900,0.0000,39.0000,0.0000,0.0000,0.0000,0.0000,0.0000,86.7600,450.4700,53.1500,0.0000,295.2840,0.0000,0.0000,115.0100,100.2100,271.9800,0.0000,0.0000,0.0000,0.0000,0.0000,0.0000,331.0700,0.0000,0.0000,13.3700,92.2800,118.3600,124.0800,402.8100,105.4700,20.8200,43.0400,26.6100,44.0800,142.6500,0.0000,0.0000,0.0000,0.0000,0.0000,25.4300,10.0100,0.0000,0.0000,50.4000,0.0000,0.0000,2.1000,67.2800,0.0000,0.0000,0.0000,0.0000,31.8600,36.6000,0.0000,0.0000,0.0000,0.0000,38.1100,0.0000,68.1800,0.0000,6.2700,1.7500,0.0000,0.0000,0.0000,0.0000,0.7100,1.7800,3.0000,0.0000,29.7800,1.7700,1.9900,0.0000,0.0000,0.0000,51.0000,17.0000,17.0000,27.7700,5.5500,8.0000,7.0000,0.0000,6.6600,28.3300,28.3300,3.9400,5.4200,0.0000,5.3700,0.0000,27.7500,12.0000,28.0000,5.0000,10.0000,0.0000,1.2700,1.6400,1.6400,0.0000,0.0000,6.9300,3.6100
31,53IS2025/04/04,0.0000,0.0000,0.0000,0.0000,0.0000,0.0000,0.0000,0.0000,224.0500,0.0000,39.0000,0.0000,0.0000,0.0000,0.0000,0.0000,73.6200,533.4100,53.1500,0.0000,278.9465,0.0000,0.0000,106.5300,100.2100,271.9800,0.0000,0.0000,0.0000,0.0000,0.0000,0.0000,292.5200,0.0000,0.0000,13.3700,92.2800,118.3600,124.0800,402.8100,105.4700,13.3800,29.2800,18.5700,44.0800,142.6500,0.0000,0.0000,0.0000,0.0000,0.0000,24.3600,10.0100,0.0000,0.0000,50.4000,0.0000,0.0000,2.1000,67.2800,0.0000,0.0000,0.0000,0.0000,31.8600,36.6000,0.0000,0.0000,0.0000,0.0000,38.1100,0.0000,68.1800,0.0000,6.2700,1.7500,0.0000,0.0000,0.0000,0.0000,0.7100,1.7800,3.0000,0.0000,40.6500,1.7700,1.9900,0.0000,0.0000,0.0000,46.9900,15.6700,15.6700,44.0200,8.8000,13.0000,12.0000,0.0000,6.6600,25.6700,25.6700,3.9400,5.4200,0.0000,5.3700,0.0000,27.2500,18.0000,42.0000,10.0000,20.0000,0.0000,2.0300,2.6300,2.6300,0.0000,0.0000,6.9300,3.6100
32,53IS2025/04/04,0.0000,0.0000,0.0000,0.0000,0.0000,0.0000,0.0000,0.0000,224.0500,0.0000,39.0000,0.0000,0.0000,0.0000,0.0000,0.0000,63.1200,438.1700,53.1500,0.0000,270.0000,0.0000,0.0000,98.0500,100.2100,271.9800,0.0000,0.0000,0.0000,0.0000,0.0000,0.0000,247.8600,0.0000,0.0000,13.3700,92.2800,118.3600,124.0800,402.8100,105.4700,13.3800,28.9400,18.1500,44.0800,142.6500,0.0000,0.0000,0.0000,0.0000,0.0000,12.1700,10.0100,0.0000,0.0000,50.4000,0.0000,0.0000,2.1000,67.2800,0.0000,0.0000,0.0000,0.0000,31.8600,36.6000,0.0000,0.0000,0.0000,0.0000,38.1100,0.0000,68.1800,0.0000,6.2700,1.7500,0.0000,0.0000,0.0000,0.0000,0.7100,1.7800,3.0000,0.0000,52.6200,1.7700,1.9900,0.0000,0.0000,0.0000,43.5000,14.5000,14.5000,63.1300,12.6300,19.0000,16.0000,0.0000,6.6600,23.6700,23.6700,3.9400,5.4200,0.0000,5.3700,0.0000,27.2500,24.0000,56.0000,15.0000,30.0000,0.0000,2.9400,3.8000,3.8000,0.0000,0.0000,6.9300,3.6100
33,53IS2025/04/04,0.0000,0.0000,0.0000,0.0000,0.0000,0.0000,0.0000,0.0000,189.7300,0.0000,39.0000,0.0000,0.0000,0.0000,0.0000,0.0000,63.1200,359.2900,53.1500,0.0000,270.0001,0.0000,0.0000,89.5600,100.2100,271.9800,0.0000,0.0000,0.0000,0.0000,0.0000,0.0000,219.0100,0.0000,0.0000,10.9700,92.2800,118.3600,124.0800,402.8100,105.4700,13.3800,28.9400,18.1500,44.0800,142.6500,0.0000,0.0000,0.0000,0.0000,0.0000,12.1700,10.0100,0.0000,0.0000,50.4000,0.0000,0.0000,2.1000,67.2800,0.0000,0.0000,0.0000,0.0000,31.8600,36.6000,0.0000,0.0000,0.0000,0.0000,38.1100,0.0000,26.8300,1.9700,6.2700,1.7500,0.0000,0.0000,0.0000,0.0000,0.7100,1.7800,2.8000,0.0000,64.6300,1.7700,1.9100,0.0000,0.0000,0.0000,36.4900,12.1700,12.1700,84.2300,16.8500,30.0000,21.0000,0.0000,6.6600,16.6700,16.6700,3.9400,5.4200,0.0000,5.3700,0.0000,27.2500,31.0000,74.0000,18.0000,37.0000,0.0000,3.9600,5.1400,5.1400,0.0000,0.0000,6.9300,3.6100
34,53IS2025/04/04,0.0000,0.0000,0.0000,0.0000,0.0000,0.0000,0.0000,0.0000,189.7300,0.0000,39.0000,0.0000,0.0000,0.0000,0.0000,0.0000,63.1200,359.2900,43.0400,0.0000,270.0001,0.0000,0.0000,81.0800,71.3500,271.9800,0.0000,0.0000,0.0000,0.0000,0.0000,0.0000,180.5300,0.0000,0.0000,10.9700,92.2800,118.3600,124.0800,402.8100,105.4700,11.8500,23.7900,14.6400,44.0800,142.6500,0.0000,0.0000,0.0000,0.0000,0.0000,0.0000,10.0100,0.0000,0.0000,50.4000,0.0000,0.0000,1.6900,67.2800,0.0000,0.0000,0.0000,0.0000,38.2400,36.6000,0.0000,0.0000,0.0000,0.0000,38.1100,0.0000,25.7100,1.9700,6.2700,1.7500,0.0000,0.0000,0.0000,0.0000,0.7100,1.7800,2.8000,0.0000,75.6200,1.7700,1.9100,0.0000,0.0000,0.0000,27.4900,9.1700,9.1700,105.6600,21.1300,39.0000,25.0000,0.0000,6.6600,13.6700,13.6700,3.9400,5.4200,0.0000,5.3700,0.0000,27.2500,39.0000,91.0000,23.0000,47.0000,0.0000,5.1500,6.6600,6.6600,0.0000,0.0000,6.9300,3.6100
35,53IS2025/04/04,0.0000,0.0000,0.0000,0.0000,0.0000,0.0000,0.0000,0.0000,189.7300,0.0000,39.0000,0.0000,0.0000,0.0000,0.0000,0.0000,63.1200,359.2900,43.0400,0.0000,269.9999,0.0000,0.0000,72.5900,52.9000,230.8600,0.0000,0.0000,0.0000,0.0000,0.0000,0.0000,180.5300,0.0000,0.0000,10.9700,92.2800,118.3600,124.0800,402.8100,105.4700,11.8500,23.7900,14.6400,38.6500,142.6500,0.0000,0.0000,0.0000,0.0000,0.0000,0.0000,10.0100,0.0000,0.0000,50.4000,0.0000,0.0000,1.6900,67.2800,0.0000,0.0000,0.0000,0.0000,38.2400,36.6000,0.0000,0.0000,0.0000,0.0000,19.0600,0.0000,25.7100,1.9700,6.2700,1.7500,0.0000,0.0000,0.0000,0.0000,0.7100,1.8700,2.8000,0.0000,86.0800,1.7700,1.9100,0.0000,0.0000,0.0000,21.0000,7.0000,7.0000,126.4200,25.2800,44.0000,29.0000,0.0000,6.6600,13.6700,13.6700,3.9400,5.4200,0.0000,5.3700,0.0000,27.2500,46.0000,109.0000,27.0000,53.0000,0.0000,6.3200,8.1800,8.1800,0.0000,0.0000,6.9300,3.6100
36,53IS2025/04/04,0.0000,0.0000,0.0000,0.0000,0.0000,0.0000,0.0000,0.0000,189.7300,0.0000,39.0000,0.0000,0.0000,0.0000,0.0000,0.0000,63.1200,359.2900,43.0400,0.0000,269.9999,0.0000,0.0000,70.1400,52.9000,192.3800,0.0000,0.0000,0.0000,0.0000,0.0000,0.0000,180.5300,0.0000,0.0000,10.2700,92.2800,118.3600,124.0800,402.8100,105.4700,11.8500,23.7900,14.6400,31.8600,120.0500,0.0000,0.0000,0.0000,0.0000,0.0000,0.0000,10.0100,0.0000,0.0000,50.4000,0.0000,0.0000,1.6900,67.2800,0.0000,0.0000,0.0000,0.0000,38.2400,36.6000,0.0000,0.0000,0.0000,0.0000,19.0600,0.0000,25.7100,1.9700,6.2600,1.7500,0.0000,0.0000,0.0000,0.0000,0.7100,1.8700,2.8000,0.0000,96.0600,1.7700,1.9100,0.0000,0.0000,0.0000,21.0000,7.0000,7.0000,146.7200,29.3500,52.0000,32.0000,0.0000,6.6600,13.6700,13.6700,3.9400,5.4200,0.0000,5.3700,0.0000,27.2500,54.0000,126.0000,30.0000,60.0000,0.0000,7.2400,9.3700,9.3700,0.0000,0.0000,6.9300,3.6100
37,53IS2025/04/04,0.0000,0.0000,0.0000,0.0000,0.0000,0.0000,0.0000,0.0000,189.7300,0.0000,38.0001,0.0000,0.0000,0.0000,0.0000,0.0000,45.9200,359.2900,43.0400,0.0000,269.9999,0.0000,0.0000,70.1400,52.9000,149.5900,0.0000,0.0000,0.0000,0.0000,0.0000,0.0000,180.7600,0.0000,0.0000,10.2700,93.4900,119.7900,125.7600,402.8100,107.7600,11.8500,23.7900,16.9700,31.8600,120.0500,0.0000,0.0000,0.0000,0.0000,0.0000,0.0000,10.0100,0.0000,0.0000,50.4000,0.0000,0.0000,1.6900,67.2800,0.0000,0.0000,0.0000,0.0000,38.2400,36.6000,0.0000,0.0000,0.0000,0.0000,19.0600,0.0000,38.0000,0.0000,6.2600,1.7500,0.0000,0.0000,0.0000,0.0000,0.7100,1.8700,2.8000,0.0000,105.5800,1.7700,1.9100,0.0000,0.0000,0.0000,21.0000,7.0000,7.0000,166.2300,33.2500,59.0000,34.0000,0.0000,6.6600,13.6700,13.6700,5.2600,5.4200,0.0000,7.6800,0.0000,27.2500,61.0000,144.0000,34.0000,68.0000,0.0000,8.2000,10.6100,10.6100,0.0000,0.0000,7.2200,2.4000
38,53IS2025/04/04,0.0000,0.0000,0.0000,0.0000,0.0000,0.0000,0.0000,0.0000,189.7300,0.0000,38.0001,0.0000,0.0000,0.0000,0.0000,0.0000,45.9200,359.2900,43.0400,0.0000,269.9999,0.0000,0.0000,70.1400,52.9000,149.5900,0.0000,0.0000,0.0000,0.0000,0.0000,0.0000,180.7600,0.0000,0.0000,10.2700,93.4900,119.7900,125.7600,402.8100,107.7600,11.8500,23.7900,16.9700,31.8600,120.0500,0.0000,0.0000,0.0000,0.0000,0.0000,0.0000,10.0100,0.0000,0.0000,50.4000,0.0000,0.0000,1.6900,67.2800,0.0000,0.0000,0.0000,0.0000,32.9300,36.6000,0.0000,0.0000,0.0000,0.0000,19.0600,0.0000,38.0000,0.0000,6.2600,1.7500,0.0000,0.0000,0.0000,0.0000,0.7100,1.8700,2.8000,0.0000,114.1500,1.7700,1.9100,0.0000,0.0000,0.0000,21.0000,7.0000,7.0000,184.7900,36.9600,66.0000,36.0000,0.0000,6.6600,13.6700,13.6700,5.2600,5.4200,0.0000,7.6800,0.0000,27.2500,67.0000,158.0000,38.0000,75.0000,0.0000,9.2200,11.9300,11.9300,0.0000,0.0000,7.2200,2.4000
39,53IS2025/04/04,0.0000,0.0000,0.0000,0.0000,0.0000,0.0000,0.0000,0.0000,158.7200,0.0000,38.0001,0.0000,0.0000,0.0000,0.0000,0.0000,45.9200,359.2900,43.0400,0.0000,269.9999,0.0000,0.0000,70.1400,52.9000,149.5900,0.0000,0.0000,0.0000,0.0000,0.0000,0.0000,180.7600,0.0000,0.0000,10.2700,93.4900,119.7900,125.7600,402.8100,107.7600,11.8500,23.7900,16.9700,31.8600,120.0500,0.0000,0.0000,0.0000,0.0000,0.0000,0.0000,10.0100,0.0000,0.0000,50.4000,0.0000,0.0000,1.6900,67.2800,0.0000,0.0000,0.0000,0.0000,32.9300,36.6000,0.0000,0.0000,0.0000,0.0000,19.0600,0.0000,38.0000,0.0000,6.2600,1.7500,0.0000,0.0000,0.0000,0.0000,0.7100,1.8700,2.8000,0.0000,121.6800,1.7700,1.9100,0.0000,0.0000,0.0000,21.0000,7.0000,7.0000,201.8100,40.3600,71.0000,39.0000,0.0000,5.6600,13.6700,13.6700,5.2600,5.4200,0.0000,7.6800,0.0000,27.2500,73.0000,172.0000,42.0000,83.0000,0.0000,10.1300,13.1100,13.1100,0.0000,0.0000,7.2200,2.4000
40,53IS2025/04/04,0.0000,0.0000,0.0000,0.0000,0.0000,0.0000,0.0000,0.0000,158.7200,0.0000,38.0001,0.0000,0.0000,0.0000,0.0000,0.0000,45.9200,359.2900,43.0400,0.0000,269.9999,0.0000,0.0000,70.1400,52.9000,149.5900,0.0000,0.0000,0.0000,0.0000,0.0000,0.0000,180.7600,0.0000,0.0000,10.2700,93.4900,119.7900,125.7600,402.8100,107.7600,11.8500,23.7900,16.9700,31.8600,120.0500,0.0000,0.0000,0.0000,0.0000,0.0000,0.0000,10.0100,0.0000,0.0000,50.4000,0.0000,0.0000,1.6900,67.2800,0.0000,0.0000,0.0000,0.0000,32.9300,36.6000,0.0000,0.0000,0.0000,0.0000,19.0600,0.0000,38.0000,0.0000,6.2600,1.7500,0.0000,0.0000,0.0000,0.0000,0.7100,1.8700,2.8000,0.0000,128.3500,1.7700,1.9100,0.0000,0.0000,0.0000,21.0000,7.0000,7.0000,217.1600,43.4300,77.0000,41.0000,0.0000,5.6600,13.6700,13.6700,5.2600,5.4200,0.0000,7.6800,0.0000,27.2500,79.0000,186.0000,45.0000,90.0000,0.0000,10.9900,14.2300,14.2300,0.0000,0.0000,7.2200,2.4000
41,53IS2025/04/04,0.0000,0.0000,0.0000,0.0000,0.0000,0.0000,0.0000,0.0000,158.7200,0.0000,38.0001,0.0000,0.0000,0.0000,0.0000,0.0000,45.9200,359.2900,43.0400,0.0000,269.9999,0.0000,0.0000,70.1400,52.9000,149.5900,0.0000,0.0000,0.0000,0.0000,0.0000,0.0000,180.7600,0.0000,0.0000,10.2700,93.4900,119.7900,125.7600,402.8100,107.7600,11.8500,23.7900,16.9700,31.8600,103.0500,0.0000,0.0000,0.0000,0.0000,0.0000,0.0000,10.0100,0.0000,0.0000,50.4000,0.0000,0.0000,1.6900,67.2800,0.0000,0.0000,0.0000,0.0000,32.9300,36.6000,0.0000,0.0000,0.0000,0.0000,19.0600,0.0000,38.0000,0.0000,12.5500,1.7500,0.0000,0.0000,0.0000,0.0000,0.7100,1.8700,2.8000,0.0000,134.2000,1.7700,1.9100,0.0000,0.0000,0.0000,21.0000,7.0000,7.0000,230.9400,46.1900,82.0000,43.0000,0.0000,5.6600,13.6700,13.6700,5.2600,5.4200,0.0000,7.6800,0.0000,27.2500,84.0000,196.0000,47.0000,93.0000,0.0000,11.4000,14.7500,14.7500,0.0000,0.0000,7.2200,4.5900
42,53IS2025/04/04,0.0000,0.0000,0.0000,0.0000,0.0000,0.0000,0.0000,0.0000,129.8700,0.0000,38.0001,0.0000,0.0000,0.0000,0.0000,0.0000,45.9200,359.2900,26.5800,0.0000,269.9999,0.0000,0.0000,70.1400,52.9000,149.5900,0.0000,0.0000,0.0000,0.0000,0.0000,0.0000,180.7600,0.0000,0.0000,10.2700,93.4900,119.7900,125.7600,402.8100,107.7600,11.8500,23.7900,16.9700,31.8600,103.0500,0.0000,0.0000,0.0000,0.0000,0.0000,0.0000,10.0100,0.0000,0.0000,50.4000,0.0000,0.0000,1.0500,67.2800,0.0000,0.0000,0.0000,0.0000,32.9300,36.6000,0.0000,0.0000,0.0000,0.0000,19.0600,0.0000,38.0000,0.0000,12.5500,1.7500,0.0000,0.0000,0.0000,0.0000,0.7100,1.8700,2.8000,0.0000,139.4000,1.7700,1.9100,0.0000,0.0000,0.0000,21.0000,7.0000,7.0000,242.9500,48.5900,87.0000,45.0000,0.0000,5.6600,13.6700,13.6700,5.2600,5.4200,0.0000,7.6800,0.0000,27.7500,87.0000,203.0000,48.0000,97.0000,0.0000,12.0200,15.5600,15.5600,0.0000,0.0000,7.2200,4.5900
43,53IS2025/04/04,0.0000,0.0000,0.0000,0.0000,0.0000,0.0000,0.0000,0.0000,129.8700,0.0000,38.0001,0.0000,0.0000,0.0000,0.0000,0.0000,45.9200,359.2900,0.0000,0.0000,269.9999,0.0000,0.0000,70.1400,52.9000,149.5900,0.0000,0.0000,0.0000,0.0000,0.0000,0.0000,180.7600,0.0000,0.0000,10.2700,93.4900,119.7900,125.7600,402.8100,107.7600,12.9300,23.7900,16.9700,31.8600,103.0500,0.0000,0.0000,0.0000,0.0000,0.0000,0.0000,10.0100,0.0000,0.0000,50.4000,0.0000,0.0000,0.0000,67.2800,0.0000,0.0000,0.0000,0.0000,32.9300,36.6000,0.0000,0.0000,0.0000,0.0000,19.0600,0.0000,26.2700,0.4900,12.5500,1.7500,0.0000,0.0000,0.0000,0.0000,0.7100,1.8700,2.8000,0.0000,144.0600,1.7700,1.9100,0.0000,0.0000,0.0000,21.0000,7.0000,7.0000,245.8300,49.1700,92.0000,48.0000,0.0000,5.6600,13.6700,13.6700,5.2600,5.4200,0.0000,7.6800,0.0000,28.2600,88.0000,207.0000,50.0000,100.0000,0.0000,12.5100,16.1900,16.1900,0.0000,0.0000,7.2200,4.5900
44,53IS2025/04/04,0.0000,0.0000,0.0000,0.0000,0.0000,0.0000,0.0000,0.0000,129.8700,0.0000,38.0001,0.0000,0.0000,0.0000,0.0000,0.0000,45.9200,359.2900,0.0000,0.0000,269.9999,0.0000,0.0000,70.1400,52.9000,149.5900,0.0000,0.0000,0.0000,0.0000,0.0000,0.0000,180.7600,0.0000,0.0000,10.2700,93.4900,119.7900,125.7600,402.8100,107.7600,12.9300,23.7900,16.9700,31.8600,103.0500,0.0000,0.0000,0.0000,0.0000,0.0000,0.0000,10.0100,0.0000,0.0000,50.4000,0.0000,0.0000,0.0000,67.2800,0.0000,0.0000,0.0000,0.0000,32.9300,36.6000,0.0000,0.0000,0.0000,0.0000,19.0600,0.0000,26.2700,0.4900,12.5500,1.7500,0.0000,0.0000,0.0000,0.0000,0.7100,1.8700,2.8000,0.0000,148.1800,1.7700,1.9100,0.0000,0.0000,0.0000,21.0000,7.0000,7.0000,245.8300,49.1700,93.0000,48.0000,0.0000,5.6600,13.6700,13.6700,5.2600,5.4200,0.0000,7.6800,0.0000,28.2600,88.0000,207.0000,50.0000,100.0000,0.0000,12.9500,16.7600,16.7600,0.0000,0.0000,7.2200,4.5900
45,53IS2025/04/04,0.0000,0.0000,0.0000,0.0000,0.0000,0.0000,0.0000,0.0000,129.8700,0.0000,37.0000,0.0000,0.0000,0.0000,0.0000,0.0000,45.9200,359.2900,0.0000,0.0000,269.9999,0.0000,0.0000,70.1400,52.9000,149.5900,0.0000,0.0000,0.0000,0.0000,0.0000,0.0000,180.7600,0.0000,0.0000,10.2700,93.4900,119.7900,125.7600,402.8100,107.7600,12.9300,28.4000,16.9700,31.8600,103.0500,0.0000,0.0000,0.0000,0.0000,0.0000,0.0000,10.0100,0.0000,0.0000,50.4000,0.0000,0.0000,0.0000,67.2800,0.0000,0.0000,0.0000,0.0000,33.9800,36.6000,0.0000,0.0000,0.0000,0.0000,19.0600,0.0000,26.2700,0.4900,12.5500,1.7500,0.0000,0.0000,0.0000,0.0000,0.7100,1.8700,2.8000,0.0000,152.0200,1.8700,1.9100,0.0000,0.0000,0.0000,21.0000,7.0000,7.0000,245.8300,49.1700,97.0000,49.0000,0.0000,5.6600,13.6700,13.6700,5.2600,5.4200,0.0000,7.6800,0.0000,28.2600,90.0000,210.0000,50.0000,100.0000,0.0000,13.3300,17.2600,17.2600,0.0000,0.0000,7.2200,4.5900
46,53IS2025/04/04,0.0000,0.0000,0.0000,0.0000,0.0000,0.0000,0.0000,0.0000,129.8700,0.0000,37.0000,0.0000,0.0000,0.0000,0.0000,0.0000,45.9200,359.2900,0.0000,0.0000,269.9999,0.0000,0.0000,70.1400,52.9000,149.5900,0.0000,0.0000,0.0000,0.0000,0.0000,0.0000,180.7600,0.0000,0.0000,10.2700,93.4900,119.7900,125.7600,402.8100,107.7600,12.9300,28.4000,16.9700,31.8600,103.0500,0.0000,0.0000,0.0000,0.0000,0.0000,0.0000,10.0100,0.0000,0.0000,50.4000,0.0000,0.0000,0.0000,67.2800,0.0000,0.0000,0.0000,0.0000,33.9800,36.6000,0.0000,0.0000,0.0000,0.0000,19.0600,0.0000,26.2700,0.4900,12.5500,1.7500,0.0000,0.0000,0.0000,0.0000,0.7100,1.8700,2.8000,0.0000,155.3900,1.8700,1.9100,0.0000,0.0000,0.0000,21.0000,7.0000,7.0000,245.8300,49.1700,98.0000,49.0000,0.0000,5.6600,13.6700,13.6700,5.2600,5.4200,0.0000,7.6800,0.0000,28.2600,90.0000,210.0000,50.0000,100.0000,0.0000,13.8000,17.8600,17.8600,0.0000,0.0000,7.2200,4.5900
47,53IS2025/04/04,0.0000,0.0000,0.0000,0.0000,0.0000,0.0000,0.0000,0.0000,129.8700,0.0000,37.0000,0.0000,0.0000,0.0000,0.0000,0.0000,45.9200,359.2900,0.0000,0.0000,269.9999,0.0000,0.0000,70.1400,52.9000,149.5900,0.0000,0.0000,0.0000,0.0000,0.0000,0.0000,180.7600,0.0000,0.0000,10.2700,93.4900,119.7900,125.7600,402.8100,107.7600,12.9300,28.4000,16.9700,31.8600,103.0500,0.0000,0.0000,0.0000,0.0000,0.0000,0.0000,10.0100,0.0000,0.0000,50.4000,0.0000,0.0000,0.0000,67.2800,0.0000,0.0000,0.0000,0.0000,33.9800,36.6000,0.0000,0.0000,0.0000,0.0000,19.0600,0.0000,26.2700,1.1100,12.5500,1.7500,0.0000,0.0000,0.0000,0.0000,0.7100,1.8700,2.8000,0.0000,151.9000,1.8700,1.9100,0.0000,0.0000,0.0000,21.0000,7.0000,7.0000,245.8300,49.1700,98.0000,49.0000,0.0000,5.6600,13.6700,13.6700,5.2600,5.4200,0.0000,7.6800,0.0000,28.7600,90.0000,210.0000,50.0000,100.0000,0.0000,13.8000,17.8600,17.8600,0.0000,0.0000,7.2200,4.5900
48,53IS2025/04/04,0.0000,0.0000,0.0000,0.0000,0.0000,0.0000,0.0000,0.0000,129.8700,0.0000,37.0000,0.0000,0.0000,0.0000,0.0000,0.0000,45.9200,359.2900,0.0000,0.0000,269.9999,0.0000,0.0000,70.1400,52.9000,149.5900,0.0000,0.0000,0.0000,0.0000,0.0000,0.0000,180.7600,0.0000,0.0000,10.2700,93.4900,119.7900,125.7600,402.8100,107.7600,12.9300,28.4000,16.9700,31.8600,103.0500,0.0000,0.0000,0.0000,0.0000,0.0000,0.0000,10.0100,0.0000,0.0000,50.4000,0.0000,0.0000,0.0000,67.2800,0.0000,0.0000,0.0000,0.0000,33.9800,36.6000,0.0000,0.0000,0.0000,0.0000,19.0600,0.0000,26.2700,1.1100,12.5500,1.7500,0.0000,0.0000,0.0000,0.0000,0.7100,1.8700,2.8000,0.0000,151.9000,1.8700,1.9100,0.0000,0.0000,0.0000,21.0000,7.0000,7.0000,245.8300,49.1700,98.0000,50.0000,0.0000,5.6600,13.6700,13.6700,5.2600,5.4200,0.0000,7.6800,0.0000,29.2700,90.0000,210.0000,50.0000,100.0000,0.0000,13.8000,17.8600,17.8600,0.0000,0.0000,7.2200,4.5900
49,53IS2025/04/04,0.0000,0.0000,0.0000,0.0000,0.0000,0.0000,0.0000,0.0000,129.8700,0.0000,35.9999,0.0000,0.0000,0.0000,0.0000,0.0000,45.9200,359.2900,0.0000,0.0000,269.9999,0.0000,0.0000,70.1400,52.9000,149.5900,0.0000,0.0000,0.0000,0.0000,0.0000,0.0000,180.7600,0.0000,0.0000,10.2700,93.4900,119.7900,125.7600,402.8100,107.7600,12.9300,28.4000,16.9700,30.5400,99.1400,0.0000,0.0000,0.0000,0.0000,0.0000,0.0000,10.0100,0.0000,0.0000,50.4000,0.0000,0.0000,0.0000,67.2800,0.0000,0.0000,0.0000,0.0000,33.9800,36.6000,0.0000,0.0000,0.0000,0.0000,0.0000,0.0000,12.8500,1.1100,12.5500,1.7500,0.0000,0.0000,0.0000,0.0000,0.7100,1.8700,2.8000,0.0000,151.9000,1.8700,1.9900,0.0000,0.0000,0.0000,21.0000,7.0000,7.0000,245.8300,49.1700,98.0000,50.0000,0.0000,5.6600,15.0000,15.0000,5.2600,5.4200,0.0000,7.6800,0.0000,29.2700,90.0000,210.0000,50.0000,100.0000,0.0000,13.8000,17.8600,17.8600,0.0000,0.0000,7.2200,4.5900
50,53IS2025/04/04,0.0000,0.0000,0.0000,0.0000,0.0000,0.0000,0.0000,0.0000,129.8700,0.0000,35.9999,0.0000,0.0000,0.0000,0.0000,0.0000,45.9200,359.2900,0.0000,0.0000,269.9999,0.0000,0.0000,70.1400,52.9000,149.5900,0.0000,0.0000,0.0000,0.0000,0.0000,0.0000,180.7600,0.0000,0.0000,10.2700,93.4900,119.7900,125.7600,402.8100,107.7600,12.9300,28.4000,16.9700,30.5400,99.2000,0.0000,0.0000,0.0000,0.0000,0.0000,0.0000,10.0100,0.0000,0.0000,50.4000,0.0000,0.0000,0.0000,67.2800,0.0000,0.0000,0.0000,0.0000,33.9800,36.6000,0.0000,0.0000,0.0000,0.0000,0.0000,0.0000,12.8500,1.1100,12.5500,1.7500,0.0000,0.0000,0.0000,0.0000,0.7100,1.8700,2.8000,0.0000,151.9000,1.8700,1.9900,0.0000,0.0000,0.0000,21.0000,7.0000,7.0000,245.8300,49.1700,98.0000,50.0000,0.0000,5.6600,15.0000,15.0000,5.2600,5.4200,0.0000,7.6800,0.0000,30.2800,90.0000,210.0000,50.0000,100.0000,0.0000,13.8000,17.8600,17.8600,0.0000,0.0000,7.2200,4.5900
51,53IS2025/04/04,0.0000,0.0000,0.0000,0.0000,0.0000,0.0000,0.0000,0.0000,129.8700,0.0000,35.9999,0.0000,0.0000,0.0000,0.0000,0.0000,45.9200,359.2900,0.0000,0.0000,269.9999,0.0000,0.0000,70.1400,52.9000,149.5900,0.0000,0.0000,0.0000,0.0000,0.0000,0.0000,180.7600,0.0000,0.0000,10.2700,93.4900,119.7900,125.7600,402.8100,107.7600,12.9300,28.4000,16.9700,30.5400,99.2600,0.0000,0.0000,0.0000,0.0000,0.0000,0.0000,10.0100,0.0000,0.0000,50.4000,0.0000,0.0000,0.0000,67.2800,0.0000,0.0000,0.0000,0.0000,33.9800,36.6000,0.0000,0.0000,0.0000,0.0000,0.0000,0.0000,12.8500,0.2400,12.5500,1.7500,0.0000,0.0000,0.0000,0.0000,0.7100,1.8700,2.8000,0.0000,151.9000,1.8700,1.9900,0.0000,0.0000,0.0000,21.0000,7.0000,7.0000,245.8300,49.1700,98.0000,50.0000,0.0000,5.6600,15.0000,15.0000,5.2600,5.4200,0.0000,7.6800,0.0000,30.2800,90.0000,210.0000,50.0000,100.0000,0.0000,13.8000,17.8600,17.8600,0.0000,0.0000,7.2200,4.5900
52,53IS2025/04/04,0.0000,0.0000,0.0000,0.0000,0.0000,0.0000,0.0000,0.0000,129.8700,0.0000,35.9999,0.0000,0.0000,0.0000,0.0000,0.0000,45.9200,359.2900,0.0000,0.0000,269.9999,0.0000,0.0000,70.1400,52.9000,149.5900,0.0000,0.0000,0.0000,0.0000,0.0000,0.0000,180.7600,0.0000,0.0000,10.2700,93.4900,119.7900,125.7600,402.8100,107.7600,12.9300,28.4000,16.9700,30.5400,99.2600,0.0000,0.0000,0.0000,0.0000,0.0000,0.0000,10.0100,0.0000,0.0000,50.4000,0.0000,0.0000,0.0000,67.2800,0.0000,0.0000,0.0000,0.0000,33.9800,36.6000,0.0000,0.0000,0.0000,0.0000,0.0000,0.0000,12.8500,0.2400,12.5500,0.8200,0.0000,0.0000,0.0000,0.0000,0.7100,1.8700,2.8000,0.0000,151.9000,1.8700,1.9900,0.0000,0.0000,0.0000,21.0000,7.0000,7.0000,245.8300,49.1700,98.0000,50.0000,0.0000,5.6600,15.0000,15.0000,5.2600,5.4200,0.0000,7.6800,0.0000,30.2800,90.0000,210.0000,50.0000,100.0000,0.0000,13.8000,17.8600,17.8600,0.0000,0.0000,7.2200,4.5900
53,53IS2025/04/04,0.0000,0.0000,0.0000,0.0000,0.0000,0.0000,0.0000,0.0000,129.8700,0.0000,35.9999,0.0000,0.0000,0.0000,0.0000,0.0000,45.9200,359.2900,0.0000,0.0000,269.9999,0.0000,0.0000,70.1400,52.9000,149.5900,0.0000,0.0000,0.0000,0.0000,0.0000,0.0000,180.7600,0.0000,0.0000,10.2700,93.4900,119.7900,125.7600,402.8100,107.7600,12.9300,28.4000,16.9700,24.5500,88.7600,0.0000,0.0000,0.0000,0.0000,0.0000,0.0000,10.0100,0.0000,0.0000,50.4000,0.0000,0.0000,0.0000,67.2800,0.0000,0.0000,0.0000,0.0000,33.9800,36.6000,0.0000,0.0000,0.0000,0.0000,0.0000,0.0000,12.8500,0.2400,12.5500,0.8200,0.0000,0.0000,0.0000,0.0000,0.7100,1.8700,2.8000,0.0000,150.1100,1.8700,2.0700,0.0000,0.0000,0.0000,21.0000,7.0000,7.0000,245.8300,49.1700,98.0000,50.0000,0.0000,5.6600,15.0000,15.0000,5.2600,5.4200,0.0000,7.6800,0.0000,30.2800,90.0000,210.0000,50.0000,100.0000,0.0000,13.8000,17.8600,17.8600,0.0000,0.0000,7.2200,4.5900
54,53IS2025/04/04,0.0000,0.0000,0.0000,0.0000,0.0000,0.0000,0.0000,0.0000,129.8700,0.0000,35.9999,0.0000,0.0000,0.0000,0.0000,0.0000,45.9200,359.2900,0.0000,0.0000,269.9999,0.0000,0.0000,70.1400,52.9000,149.5900,0.0000,0.0000,0.0000,0.0000,0.0000,0.0000,180.7600,0.0000,0.0000,10.2700,93.4900,119.7900,125.7600,402.8100,107.7600,12.9300,28.4000,16.9700,24.5500,88.7600,0.0000,0.0000,0.0000,0.0000,0.0000,0.0000,10.0100,0.0000,0.0000,50.4000,0.0000,0.0000,0.0000,67.2800,0.0000,0.0000,0.0000,0.0000,33.9800,36.6000,0.0000,0.0000,0.0000,0.0000,0.0000,0.0000,12.8500,0.2400,12.5500,0.8200,0.0000,0.0000,0.0000,0.0000,0.7100,1.8700,2.8000,0.0000,147.3300,1.8700,2.0700,0.0000,0.0000,0.0000,21.0000,7.0000,7.0000,245.8300,49.1700,98.0000,50.0000,0.0000,5.6600,15.0000,15.0000,5.2600,5.4200,0.0000,7.6800,0.0000,30.2800,90.0000,210.0000,50.0000,100.0000,0.0000,13.8000,17.8600,17.8600,0.0000,0.0000,7.2200,4.5900
55,53IS2025/04/04,0.0000,0.0000,0.0000,0.0000,0.0000,0.0000,0.0000,0.0000,129.8700,0.0000,35.9999,0.0000,0.0000,0.0000,0.0000,0.0000,45.9200,359.2900,0.0000,0.0000,269.9999,0.0000,0.0000,70.1400,52.9000,149.5900,0.0000,0.0000,0.0000,0.0000,0.0000,0.0000,180.7600,0.0000,0.0000,10.2700,93.4900,119.7900,125.7600,402.8100,107.7600,12.9300,28.4000,16.9700,24.5500,88.7600,0.0000,0.0000,0.0000,0.0000,0.0000,0.0000,10.0100,0.0000,0.0000,50.4000,0.0000,0.0000,0.0000,67.2800,0.0000,0.0000,0.0000,0.0000,33.9800,36.6000,0.0000,0.0000,0.0000,0.0000,0.0000,0.0000,12.8500,0.2400,12.5500,0.8200,0.0000,0.0000,0.0000,0.0000,0.7100,1.8700,2.8000,0.0000,143.5600,1.8700,2.0700,0.0000,0.0000,0.0000,21.0000,7.0000,7.0000,245.8300,49.1700,98.0000,50.0000,0.0000,5.6600,15.0000,15.0000,5.2600,5.4200,0.0000,7.6800,0.0000,30.2800,90.0000,210.0000,50.0000,100.0000,0.0000,13.8000,17.8600,17.8600,0.0000,0.0000,7.2200,4.5900
56,53IS2025/04/04,0.0000,0.0000,0.0000,0.0000,0.0000,0.0000,0.0000,0.0000,129.8700,0.0000,35.9999,0.0000,0.0000,0.0000,0.0000,0.0000,45.9200,359.2900,0.0000,0.0000,269.9999,0.0000,0.0000,70.1400,52.9000,149.5900,0.0000,0.0000,0.0000,0.0000,0.0000,0.0000,180.7600,0.0000,0.0000,10.2700,93.4900,119.7900,125.7600,402.8100,107.7600,12.9300,28.4000,16.9700,24.5500,88.7600,0.0000,0.0000,0.0000,0.0000,0.0000,0.0000,10.0100,0.0000,0.0000,50.4000,0.0000,0.0000,0.0000,67.2800,0.0000,0.0000,0.0000,0.0000,33.9800,36.6000,0.0000,0.0000,0.0000,0.0000,0.0000,0.0000,12.8500,0.2400,12.5500,0.8200,0.0000,0.0000,0.0000,0.0000,0.7100,1.8700,2.8000,0.0000,139.0100,1.8700,2.0700,0.0000,0.0000,0.0000,21.0000,7.0000,7.0000,245.8300,49.1700,98.0000,49.0000,0.0000,5.6600,15.0000,15.0000,5.2600,5.4200,0.0000,7.6800,0.0000,30.2800,90.0000,210.0000,50.0000,100.0000,0.0000,13.8000,17.8600,17.8600,0.0000,0.0000,7.2200,4.5900
57,53IS2025/04/04,0.0000,0.0000,0.0000,0.0000,0.0000,0.0000,0.0000,0.0000,129.8700,0.0000,35.9999,0.0000,0.0000,0.0000,0.0000,0.0000,45.9200,359.2900,0.0000,0.0000,269.9999,0.0000,0.0000,70.1400,52.9000,149.5900,0.0000,0.0000,0.0000,0.0000,0.0000,0.0000,180.7600,0.0000,0.0000,10.2700,93.4900,119.7900,125.7600,402.8100,107.7600,12.9300,28.4000,16.9700,24.5500,87.8800,0.0000,0.0000,0.0000,0.0000,0.0000,0.0000,10.0100,0.0000,0.0000,50.4000,0.0000,0.0000,0.0000,67.2800,0.0000,0.0000,0.0000,0.0000,33.9800,36.6000,0.0000,0.0000,0.0000,0.0000,0.0000,0.0000,2.2400,0.2400,6.2600,0.8200,0.0000,0.0000,0.0000,0.0000,0.7100,1.8700,3.0000,0.0000,134.1700,2.0500,2.0700,0.0000,0.0000,0.0000,21.0000,7.0000,7.0000,245.8300,49.1700,95.0000,48.0000,0.0000,5.6600,15.0000,15.0000,5.2600,5.4200,0.0000,7.6800,0.0000,30.7800,88.0000,207.0000,50.0000,100.0000,0.0000,13.4200,17.3500,17.3500,0.0000,0.0000,7.2200,4.5900
58,53IS2025/04/04,0.0000,0.0000,0.0000,0.0000,0.0000,0.0000,0.0000,0.0000,129.8700,0.0000,35.9999,0.0000,0.0000,0.0000,0.0000,0.0000,45.9200,359.2900,0.0000,0.0000,269.9999,0.0000,0.0000,70.1400,52.9000,149.5900,0.0000,0.0000,0.0000,0.0000,0.0000,0.0000,180.7600,0.0000,0.0000,10.2700,93.4900,119.7900,125.7600,402.8100,107.7600,12.9300,28.4000,16.9700,24.5500,87.8800,0.0000,0.0000,0.0000,0.0000,0.0000,0.0000,10.0100,0.0000,0.0000,50.4000,0.0000,0.0000,0.0000,67.2800,0.0000,0.0000,0.0000,0.0000,33.9800,36.6000,0.0000,0.0000,0.0000,0.0000,0.0000,0.0000,2.2400,0.2400,6.2600,0.8200,0.0000,0.0000,0.0000,0.0000,0.7100,1.8700,3.0000,0.0000,129.0800,2.0500,2.0700,0.0000,0.0000,0.0000,21.0000,7.0000,7.0000,245.8300,49.1700,93.0000,48.0000,0.0000,5.6600,15.0000,15.0000,5.2600,5.4200,0.0000,7.6800,0.0000,30.7800,87.0000,203.0000,49.0000,99.0000,0.0000,12.9900,16.8100,16.8100,0.0000,0.0000,7.2200,4.5900
59,53IS2025/04/04,0.0000,0.0000,0.0000,0.0000,0.0000,0.0000,0.0000,0.0000,129.8700,0.0000,35.9999,0.0000,0.0000,0.0000,0.0000,0.0000,45.9200,359.2900,0.0000,0.0000,269.9999,0.0000,0.0000,70.1400,52.9000,192.3800,0.0000,0.0000,0.0000,0.0000,0.0000,0.0000,180.7600,0.0000,0.0000,10.2700,93.4900,119.7900,125.7600,402.8100,107.7600,12.9300,28.4000,16.9700,31.6400,101.1200,0.0000,0.0000,0.0000,0.0000,0.0000,0.0000,10.0100,0.0000,0.0000,50.4000,0.0000,0.0000,0.0000,67.2800,0.0000,0.0000,0.0000,0.0000,34.5100,36.6000,0.0000,0.0000,0.0000,0.0000,0.0000,0.0000,2.2400,0.2400,6.2600,0.8200,0.0000,0.0000,0.0000,0.0000,0.7100,1.8700,3.0000,0.0000,123.5300,2.0500,2.0700,0.0000,0.0000,0.0000,21.0000,7.0000,7.0000,245.8300,49.1700,92.0000,47.0000,0.0000,5.6600,15.0000,15.0000,5.2600,5.4200,0.0000,7.6800,0.0000,30.7800,84.0000,196.0000,48.0000,97.0000,0.0000,12.5600,16.2500,16.2500,0.0000,0.0000,7.2200,4.5900
60,53IS2025/04/04,0.0000,0.0000,0.0000,0.0000,0.0000,0.0000,0.0000,0.0000,129.8700,0.0000,35.9999,0.0000,0.0000,0.0000,0.0000,0.0000,45.9200,359.2900,0.0000,0.0000,269.9999,0.0000,0.0000,70.1400,52.9000,230.8600,0.0000,0.0000,0.0000,0.0000,0.0000,0.0000,180.7600,0.0000,0.0000,10.2700,93.4900,119.7900,125.7600,402.8100,107.7600,12.9300,28.4000,16.9700,31.6300,101.1200,0.0000,0.0000,0.0000,0.0000,0.0000,0.0000,10.0100,0.0000,0.0000,50.4000,0.0000,0.0000,0.0000,67.2800,0.0000,0.0000,0.0000,0.0000,34.5100,36.6000,0.0000,0.0000,0.0000,0.0000,0.0000,0.0000,2.2400,0.2400,6.2600,0.8200,0.0000,0.0000,0.0000,0.0000,0.7100,1.8700,3.0000,0.0000,112.5400,2.0500,2.0700,0.0000,0.0000,0.0000,21.4900,7.1700,7.1700,245.8300,49.1700,91.0000,45.0000,0.0000,5.6600,15.0000,15.0000,5.2600,5.4200,0.0000,7.6800,0.0000,30.7800,81.0000,189.0000,46.0000,92.0000,0.0000,12.1500,15.7300,15.7300,0.0000,0.0000,7.2200,4.5900
61,53IS2025/04/04,0.0000,0.0000,0.0000,0.0000,0.0000,0.0000,0.0000,0.0000,129.8700,0.0000,35.9999,0.0000,0.0000,0.0000,0.0000,0.0000,45.9200,359.2900,0.0000,0.0000,269.9999,0.0000,0.0000,70.1400,52.9000,271.9800,0.0000,0.0000,0.0000,0.0000,0.0000,0.0000,180.7600,0.0000,0.0000,10.2700,93.4900,119.7900,125.7600,402.8100,107.7600,12.9300,28.4000,16.9700,35.6000,118.7000,0.0000,0.0000,0.0000,0.0000,0.0000,0.0000,10.0100,0.0000,0.0000,50.4000,0.0000,0.0000,0.0000,67.2800,0.0000,0.0000,0.0000,0.0000,34.5100,36.6000,0.0000,0.0000,0.0000,0.0000,0.0000,0.0000,2.2400,0.2400,6.2600,0.8200,0.0000,0.0000,0.0000,0.0000,0.7100,1.8700,3.2000,0.0000,106.4600,2.2400,2.1500,0.0000,0.0000,0.0000,22.9900,7.6700,7.6700,244.7600,48.9500,87.0000,40.0000,0.0000,5.6600,15.0000,15.0000,5.2600,5.4200,0.0000,7.6800,0.0000,30.7800,78.0000,182.0000,45.0000,89.0000,0.0000,11.4400,14.8000,14.8000,0.0000,0.0000,7.2200,4.5900
62,53IS2025/04/04,0.0000,0.0000,0.0000,0.0000,0.0000,0.0000,0.0000,0.0000,129.8700,0.0000,35.9999,0.0000,0.0000,0.0000,0.0000,0.0000,45.9200,359.2900,0.0000,0.0000,269.9999,0.0000,0.0000,70.1400,52.9000,271.9800,0.0000,0.0000,0.0000,0.0000,0.0000,0.0000,180.7600,0.0000,0.0000,10.2700,93.4900,119.7900,125.7600,402.8100,107.7600,12.9300,28.4000,16.9700,37.2900,120.0500,0.0000,0.0000,0.0000,0.0000,0.0000,0.0000,10.0100,10.7200,0.0000,50.4000,0.0000,0.0000,0.0000,67.2800,0.0000,0.0000,0.0000,0.0000,34.5100,36.6000,0.0000,0.0000,0.0000,0.0000,0.0000,0.0000,2.2400,0.2400,6.2600,0.8200,0.0000,0.0000,0.0000,0.0000,0.7100,1.8700,3.2000,0.0000,100.1800,2.2400,2.1500,0.0000,0.0000,0.0000,25.0100,8.3300,8.3300,232.2200,46.4500,83.0000,37.0000,0.0000,6.6600,16.3300,16.3300,5.2600,5.4200,0.0000,7.6800,0.0000,30.7800,73.0000,172.0000,42.0000,83.0000,0.0000,10.9800,14.2100,14.2100,0.0000,0.0000,7.2200,4.5900
63,53IS2025/04/04,0.0000,0.0000,0.0000,0.0000,0.0000,0.0000,0.0000,0.0000,129.8700,0.0000,35.9999,0.0000,0.0000,0.0000,0.0000,0.0000,45.9200,359.2900,0.0000,0.0000,269.9999,0.0000,0.0000,70.1400,52.9000,271.9800,0.0000,0.0000,0.0000,0.0000,0.0000,0.0000,180.7600,0.0000,0.0000,10.9300,93.4900,119.7900,125.7600,402.8100,107.7600,12.9300,28.4000,16.9700,44.0800,142.2400,0.0000,0.0000,0.0000,0.0000,0.0000,0.0000,10.0100,10.8700,0.0000,50.4000,0.0000,0.0000,0.0000,67.2800,0.0000,0.0000,0.0000,0.0000,34.5100,36.6000,0.0000,0.0000,0.0000,0.0000,0.0000,0.0000,12.8500,0.2400,6.2600,0.8200,0.0000,0.0000,0.0000,0.0000,0.7900,1.8700,11.0000,0.0000,92.8300,2.2400,2.1500,0.0000,0.0000,0.0000,27.0000,9.0000,9.0000,217.4300,43.4900,76.0000,35.0000,0.0000,7.0000,18.0000,18.0000,5.2600,5.4200,0.0000,7.6800,0.0000,31.2900,69.0000,161.0000,40.0000,80.0000,0.0000,10.2200,13.2300,13.2300,0.0000,0.0000,7.2200,4.5900
64,53IS2025/04/04,0.0000,0.0000,0.0000,0.0000,0.0000,0.0000,0.0000,0.0000,129.8700,0.0000,35.9999,0.0000,0.0000,0.0000,0.0000,0.0000,45.9200,359.2900,0.0000,0.0000,269.9999,0.0000,0.0000,70.1400,52.9000,271.9800,0.0000,0.0000,0.0000,0.0000,0.0000,0.0000,180.7600,0.0000,0.0000,10.9300,93.4900,119.7900,125.7600,402.8100,107.7600,12.9300,28.4000,16.9700,44.0800,142.6500,0.0000,0.0000,0.0000,0.0000,0.0000,12.1700,10.0100,11.3400,0.0000,50.4000,0.0000,0.0000,0.0000,67.2800,0.0000,0.0000,0.0000,0.0000,34.5100,36.6000,0.0000,0.0000,0.0000,0.0000,0.0000,0.0000,12.8500,0.2400,6.2600,0.8200,0.0000,0.0000,0.0000,0.0000,0.7900,1.8700,10.6000,0.0000,84.4300,2.2400,2.1500,0.0000,0.0000,0.0000,28.5000,9.5000,9.5000,203.0700,40.6100,69.0000,32.0000,0.0000,7.0000,19.3300,19.3300,5.2600,5.4200,0.0000,7.6800,0.0000,31.2900,64.0000,151.0000,37.0000,73.0000,0.0000,9.6900,12.5500,12.5500,0.0000,0.0000,7.2200,4.5900
65,53IS2025/04/04,0.0000,0.0000,0.0000,0.0000,0.0000,0.0000,0.0000,0.0000,177.9500,0.0000,35.9999,0.0000,0.0000,0.0000,0.0000,0.0000,63.1200,359.2900,0.0000,0.0000,269.9999,0.0000,0.0000,70.1400,81.7600,271.9800,0.0000,0.0000,0.0000,0.0000,0.0000,0.0000,180.7600,0.0000,0.0000,10.9700,93.4900,119.7900,125.7600,402.8100,107.7600,13.3800,29.0500,18.1500,44.0800,142.6500,0.0000,0.0000,0.0000,0.0000,0.0000,12.1700,10.0100,18.1600,0.0000,50.4000,0.0000,0.0000,0.0000,67.2800,0.0000,0.0000,0.0000,0.0000,34.5100,36.6000,0.0000,0.0000,0.0000,0.0000,19.0600,0.0000,12.8500,0.2400,1.0600,1.1000,0.0000,0.0000,0.0000,0.0000,0.7900,2.0200,10.0000,0.0000,75.0400,2.4200,2.1500,0.0000,0.0000,0.0000,24.4900,8.1700,8.1700,184.8400,36.9700,63.0000,30.0000,0.0000,7.6600,23.6700,23.6700,5.2600,5.4200,0.0000,7.6800,0.0000,29.2700,58.0000,137.0000,34.0000,68.0000,0.0000,8.7600,11.3300,11.3300,0.0000,0.0000,7.2200,4.5900
66,53IS2025/04/04,0.0000,0.0000,0.0000,0.0000,0.0000,0.0000,0.0000,0.0000,189.7300,0.0000,35.9999,0.0000,0.0000,0.0000,0.0000,0.0000,63.1200,359.2900,0.0000,0.0000,269.9999,0.0000,0.0000,70.1400,100.2100,271.9800,0.0000,0.0000,0.0000,0.0000,0.0000,0.0000,180.7600,0.0000,0.0000,10.8600,93.4900,119.7900,125.7600,402.8100,107.7600,13.3800,29.0500,18.1500,44.0800,142.6500,0.0000,0.0000,0.0000,0.0000,0.0000,12.1700,10.0100,18.1600,0.0000,50.4000,0.0000,0.0000,0.0000,67.2800,0.0000,0.0000,0.0000,0.0000,34.5100,36.6000,13.0700,0.0000,0.0000,0.0000,19.0600,0.0000,12.8500,0.2400,1.0600,1.5900,0.0000,0.0000,0.0000,0.0000,0.7900,2.0200,9.6000,0.0000,64.9400,2.4200,2.1500,0.0000,0.0000,0.0000,25.5000,8.5000,8.5000,167.1700,33.4400,57.0000,26.0000,0.0000,8.0000,28.3300,28.3300,5.2600,5.4200,0.0000,7.6800,0.0000,29.2700,52.0000,123.0000,30.0000,60.0000,0.0000,7.9500,10.2900,10.2900,0.0000,0.0000,7.2200,4.5900
67,53IS2025/04/04,0.0000,0.0000,0.0000,0.0000,0.0000,0.0000,0.0000,0.0000,189.7300,0.0000,35.9999,0.0000,0.0000,0.0000,0.0000,0.0000,63.1200,367.9700,0.0000,0.0000,269.9999,0.0000,0.0000,70.1400,100.2100,271.9800,0.0000,0.0000,0.0000,0.0000,0.0000,0.0000,180.7600,0.0000,0.0000,10.8500,93.4900,119.7900,125.7600,402.8100,107.7600,13.3800,29.0500,18.1500,44.0800,142.6500,0.0000,0.0000,0.0000,0.0000,0.0000,12.7200,10.0100,18.1600,0.0000,50.4000,0.0000,0.0000,0.0000,67.2800,0.0000,0.0000,0.0000,0.0000,34.5100,36.6000,13.5200,0.0000,0.0000,0.0000,19.0600,0.0000,12.8500,0.2400,1.0600,1.7500,0.0000,0.0000,0.0000,0.0000,0.7900,2.0200,16.4100,0.0000,56.3000,2.4200,2.1500,0.0000,0.0000,0.0000,37.9900,12.6700,12.6700,148.2500,29.6500,50.0000,23.0000,0.0000,11.6600,33.3300,33.3300,5.2600,5.4200,0.0000,7.6800,0.0000,29.7700,45.0000,105.0000,26.0000,51.0000,0.0000,7.2500,9.3800,9.3800,0.0000,0.0000,7.2200,4.5900
68,53IS2025/04/04,0.0000,0.0000,0.0000,0.0000,0.0000,0.0000,0.0000,0.0000,189.7300,0.0000,35.9999,0.0000,0.0000,0.0000,0.0000,0.0000,63.1200,367.9700,0.0000,0.0000,269.9999,0.0000,0.0000,70.1400,100.2100,271.9800,0.0000,0.0000,0.0000,0.0000,0.0000,0.0000,209.6200,0.0000,0.0000,10.8500,93.4900,119.7900,125.7600,402.8100,107.7600,13.3800,29.0500,18.1500,44.0800,142.6500,0.0000,0.0000,0.0000,0.0000,0.0000,24.6600,10.0100,18.1600,0.0000,50.4000,0.0000,0.0000,0.0000,67.2800,0.0000,0.0000,0.0000,0.0000,34.5100,36.6000,13.5100,0.0000,0.0000,0.0000,19.0600,0.0000,12.8500,0.2400,6.2600,1.7500,0.0000,0.0000,0.0000,0.0000,0.7900,2.0200,15.0100,0.0000,46.5700,2.4200,2.1500,0.0000,0.0000,0.0000,43.5000,14.5000,14.5000,128.9300,25.7900,43.0000,19.0000,0.0000,12.0000,38.6700,38.6700,5.2600,5.4200,0.0000,7.6800,0.0000,30.2800,37.0000,88.0000,21.0000,43.0000,0.0000,5.9700,7.7200,7.7200,0.0000,0.0000,7.2200,4.5900
69,53IS2025/04/04,0.0000,0.0000,0.0000,0.0000,0.0000,0.0000,0.0000,0.0000,237.8200,0.0000,35.9999,0.0000,0.0000,0.0000,0.0000,0.0000,76.2700,367.9700,0.0000,0.0000,269.9999,0.0000,0.0000,66.0000,100.2100,271.9800,0.0000,0.0000,0.0000,0.0000,0.0000,0.0000,234.3300,0.0000,0.0000,10.8500,93.4900,119.7900,125.7600,402.8100,107.7600,16.6400,35.7800,22.0800,44.0800,142.6500,0.0000,0.0000,0.0000,0.0000,0.0000,24.9700,10.0100,18.1600,0.0000,50.4000,0.0000,0.0000,0.0000,67.2800,0.0000,0.0000,0.0000,0.0000,34.5100,36.6000,27.0300,0.0000,0.0000,0.0000,19.0600,4.1300,12.8500,0.9900,6.2600,1.7500,0.0000,0.0000,0.0000,0.0000,0.7900,2.0200,14.0100,0.0000,36.3100,2.4200,2.1500,0.0000,0.0000,0.0000,45.4900,15.1700,15.1700,110.1100,22.0200,36.0000,16.0000,0.0000,12.3400,38.0000,38.0000,5.2600,5.4200,0.0000,7.6800,0.0000,30.7800,30.0000,70.0000,19.0000,38.0000,0.0000,4.4100,5.7100,5.7100,0.0000,0.0000,7.2200,4.5900
70,53IS2025/04/04,0.0000,0.0000,0.0000,0.0000,0.0000,0.0000,0.0000,0.0000,260.2900,0.0000,35.9999,0.0000,0.0000,0.0000,0.0000,0.0000,86.7600,363.9400,0.0000,0.0000,269.9999,0.0000,0.0000,66.0000,100.2100,271.9800,0.0000,0.0000,0.0000,0.0000,0.0000,0.0000,267.3300,0.0000,0.0000,10.8500,93.4900,119.7900,125.7600,402.8100,107.7600,16.6400,35.7800,22.0800,44.0800,142.6500,0.0000,0.0000,0.0000,0.0000,0.0000,36.9900,10.0100,18.1600,0.0000,50.4000,0.0000,0.0000,0.0000,67.2800,0.0000,0.0000,0.0000,0.0000,34.5100,36.6000,27.0300,0.0000,0.0000,0.0000,19.0600,16.2200,12.8500,0.9900,6.2600,1.7500,0.0000,0.0000,0.0000,0.0000,0.7900,2.0200,12.0100,0.0000,26.4100,2.4200,2.1500,0.0000,0.0000,0.0000,47.5100,15.8300,15.8300,88.6700,17.7300,29.0000,12.0000,0.0000,12.6600,37.6700,37.6700,5.2600,5.4200,0.0000,7.6800,0.0000,31.2900,22.0000,53.0000,12.0000,24.0000,0.0000,3.3000,4.2800,4.2800,0.0000,0.0000,7.2200,4.5900
71,53IS2025/04/04,0.0000,0.0000,0.0000,0.0000,0.0000,0.0000,0.0000,0.0000,260.2900,0.0000,35.0000,0.0000,0.0000,0.0000,0.0000,0.0000,86.7600,367.9700,24.7600,0.0000,269.9999,0.0000,0.0000,66.0000,100.2100,271.9800,0.0000,0.0000,0.0000,0.0000,0.0000,0.0000,292.7500,0.0000,0.0000,10.8500,93.4900,119.7900,125.7600,402.8100,107.7600,16.6400,35.7800,22.0800,44.0800,142.6500,0.0000,0.0000,0.0000,0.0000,1.8500,38.1400,10.0100,18.1600,0.0000,50.4000,0.0000,0.0000,0.9700,67.2800,0.0000,0.0000,0.0000,0.0000,34.5100,36.6000,27.0300,0.0000,0.0000,10.5100,19.0500,16.2200,12.8500,0.9900,6.2700,1.7500,0.0000,0.0000,0.0000,0.0000,0.7900,2.0200,6.6000,0.0000,17.7200,2.4200,2.1500,0.0000,0.0000,0.0000,55.0100,18.3300,18.3300,68.2800,13.6600,21.0000,9.0000,0.0000,13.0000,37.0000,37.0000,5.2600,5.4200,0.0000,7.6800,0.0000,31.2900,15.0000,35.0000,7.0000,15.0000,0.0000,2.6200,3.3900,3.3900,0.0000,7.2000,7.2200,4.5900
72,53IS2025/04/04,0.0000,0.0000,0.0000,0.0000,0.0000,0.0000,0.0000,0.0000,260.2900,0.0000,35.0000,0.0000,0.0000,0.0000,0.0000,0.0000,86.7600,253.0800,43.0400,0.0000,269.9999,0.0000,0.0000,66.0000,100.2100,271.9800,0.0000,0.0000,0.0000,0.0000,0.0000,0.0000,292.7500,0.0000,0.0000,10.8500,93.4900,119.7900,125.7600,402.8100,107.7600,16.6400,35.7800,22.0800,44.0800,142.6500,0.0000,0.0000,0.0000,0.0000,3.7000,38.1400,10.0100,18.1600,0.0000,50.4000,0.0000,0.0000,1.6900,67.2800,0.0000,0.0000,0.0000,0.0000,34.5100,36.6000,40.5400,4.4200,0.0000,10.5100,19.0500,18.8700,12.8500,0.9900,6.2700,1.7500,0.0000,0.0000,0.0000,0.0000,0.7900,2.0200,5.6000,0.0000,10.8200,2.4200,2.1500,0.0000,0.0000,0.0000,54.0000,18.0000,18.0000,48.7800,9.7600,13.0000,7.0000,0.0000,13.6600,36.6700,36.6700,5.2600,5.4200,0.0000,7.6800,0.0000,31.2900,7.0000,18.0000,4.0000,9.0000,0.0000,1.8000,2.3300,2.3300,0.0000,14.4100,7.2200,4.5900
73,53IS2025/04/04,0.0000,0.0000,0.0000,0.0000,0.0000,0.0000,0.0000,0.0000,260.2900,0.0000,35.0000,0.0000,0.0000,0.0000,0.0000,0.0000,86.7600,335.8000,79.4100,0.0000,269.9999,0.0000,0.0000,66.0000,100.2100,271.9800,0.0000,0.0000,0.0000,0.0000,0.0000,0.0000,292.7400,0.0000,0.0000,12.3300,93.4900,119.7900,125.7600,402.8100,107.7600,20.7600,42.6700,22.4600,44.0800,142.6500,0.0000,0.0000,0.0000,0.0000,5.5400,38.1400,10.0100,18.1600,0.0000,50.4000,0.0000,0.0000,3.1400,67.2800,0.0000,0.0000,0.0000,0.0000,34.5100,36.6000,40.5400,14.2300,11.2100,21.0300,38.1100,20.6300,12.8500,0.9900,6.2700,1.7500,0.0000,0.0000,0.0000,0.0000,0.8400,2.1700,4.6000,0.0000,6.1600,2.0500,2.3000,0.0000,0.0000,0.0000,52.5000,17.5000,17.5000,32.0500,6.4100,8.0000,5.0000,0.0000,13.0000,26.6700,26.6700,5.2600,5.4200,0.0000,7.6800,0.0000,31.2900,3.0000,7.0000,2.0000,5.0000,0.0000,1.1200,1.4500,1.4500,0.0000,21.6200,7.2200,4.5900
74,53IS2025/04/04,0.0000,0.0000,0.0000,0.0000,0.0000,0.0000,0.0000,0.0000,260.2900,0.0000,35.0000,0.0000,0.0000,0.0000,0.0000,0.0000,86.7600,417.3300,106.3200,0.0000,270.0001,0.0000,0.0000,84.8500,100.2100,271.9800,0.0000,0.0000,0.0000,0.0000,0.0000,0.0000,318.9900,0.0000,0.0000,13.3700,93.4900,119.7900,125.7600,402.8100,107.7600,20.8200,43.2700,24.8200,44.0800,142.6500,0.0000,0.0000,0.0000,0.0000,7.4000,38.1400,10.0100,18.1600,0.0000,50.4000,0.0000,0.0000,4.1900,67.2800,0.0000,0.0000,0.0000,0.0000,38.2400,36.6000,40.5400,31.2600,22.4200,21.0300,38.1100,32.4300,12.8500,0.9900,6.2700,1.7500,0.0000,0.0000,0.0000,0.0000,0.8400,2.1700,4.6000,0.0000,2.8700,2.0500,2.3000,0.0000,0.0000,0.0000,51.4900,17.1700,17.1700,18.7300,3.7500,5.0000,3.0000,0.0000,13.0000,25.0000,25.0000,5.2600,5.4200,0.0000,7.6800,0.0000,31.2900,1.0000,4.0000,1.0000,2.0000,0.0000,0.6000,0.7700,0.7700,0.0000,28.8400,7.2200,4.5900
75,53IS2025/04/04,0.0000,0.0000,0.0000,0.0000,0.0000,0.0000,0.0000,0.0000,260.2900,0.0000,35.0000,0.0000,0.0000,0.0000,0.0000,0.0000,86.7600,417.5500,132.8900,0.0000,289.2375,0.0000,0.0000,115.0100,100.2100,252.0200,0.0000,0.0000,0.0000,0.0000,0.0000,0.0000,331.3000,0.0000,0.0000,13.3700,93.4900,119.7900,125.7600,402.8100,107.7600,20.8200,43.2700,26.6100,44.0800,142.6500,0.0000,0.0000,0.0000,0.0000,7.4000,38.1400,11.1300,19.3100,0.0000,50.4000,0.0000,0.0000,5.1700,67.2800,0.0000,0.0000,0.0000,0.0000,38.2400,36.6000,40.5400,46.8800,33.6500,31.5400,57.1600,38.3200,12.8500,0.9900,18.8100,1.7500,0.0000,0.0000,0.0000,0.0000,0.8400,2.1700,4.6000,0.0000,0.5800,2.0500,2.3000,0.0000,0.0000,0.0000,38.5100,12.8300,12.8300,9.2900,1.8600,2.0000,3.0000,0.0000,13.0000,24.3300,24.3300,5.2600,8.1300,0.0000,7.6800,0.0000,31.2900,0.0000,1.0000,0.0000,1.0000,0.0000,0.0000,0.0000,0.0000,0.0000,42.8100,7.2200,4.5900
76,53IS2025/04/04,0.0000,0.0000,0.0000,0.0000,0.0000,0.0000,0.0000,0.0000,260.2900,0.0000,35.0000,0.0000,0.0000,0.0000,0.0000,0.0000,86.7600,417.5500,132.8900,0.0000,302.1840,0.0000,0.0000,115.0100,100.2100,252.0200,0.0000,0.0000,0.0000,0.0000,0.0000,0.0000,331.3000,0.0000,0.0000,13.3700,93.4900,119.7900,125.7600,402.8100,107.7600,20.8200,43.2700,26.6100,44.0800,142.6500,0.0000,0.0000,0.0000,0.0000,7.4000,38.1400,11.1300,19.3100,0.0000,50.4000,0.0000,0.0000,5.1700,67.2800,0.0000,0.0000,0.0000,0.0000,38.2400,36.6000,40.5400,46.8900,33.6500,42.0500,57.1600,38.3200,12.8500,0.9900,18.8100,1.7500,0.0000,0.0000,0.0000,0.0000,0.8400,2.1700,4.6000,0.0000,0.0000,2.0500,2.3000,0.0000,0.0000,0.0000,37.9900,12.6700,12.6700,2.7900,0.5600,1.0000,1.0000,0.0000,13.0000,23.3300,23.3300,5.2600,8.1300,0.0000,7.6800,0.0000,31.2900,0.0000,0.0000,0.0000,0.0000,0.0000,0.0000,0.0000,0.0000,0.0000,42.8100,7.2200,4.5900
77,53IS2025/04/04,0.0000,0.0000,0.0000,0.0000,0.0000,0.0000,0.0000,0.0000,260.2900,0.0000,35.9999,0.0000,0.0000,0.0000,0.0000,0.0000,86.7600,417.5500,132.8900,0.0000,302.1840,0.0000,0.0000,115.0100,100.2100,252.0200,0.0000,0.0000,0.0000,0.0000,0.0000,0.0000,331.3000,0.0000,0.0000,13.3700,93.4900,119.7900,125.7600,402.8100,107.7600,20.8200,43.2700,26.6100,44.0800,142.6500,0.0000,0.0000,0.0000,0.0000,7.4000,38.1400,11.1300,19.3100,0.0000,50.4000,0.0000,0.0000,5.1700,67.2800,0.0000,0.0000,0.0000,0.0000,38.2400,36.6000,40.5400,46.8900,33.6500,42.0500,57.1600,38.3200,12.8500,0.9900,18.8100,1.7500,0.0000,0.0000,0.0000,0.0000,0.8400,2.1700,4.6000,0.0000,0.0000,2.0500,2.3000,0.0000,0.0000,0.0000,40.0100,13.3300,13.3300,0.0000,0.0000,0.0000,0.0000,0.0000,18.3400,30.0000,30.0000,5.2600,8.1300,0.0000,7.6800,0.0000,31.2900,0.0000,0.0000,0.0000,0.0000,0.0000,0.0000,0.0000,0.0000,0.0000,42.8100,7.2200,4.5900
78,53IS2025/04/04,0.0000,0.0000,0.0000,0.0000,0.0000,0.0000,0.0000,0.0000,260.2900,0.0000,35.9999,0.0000,0.0000,0.0000,0.0000,0.0000,86.7600,417.5500,132.8900,0.0000,302.1840,0.0000,0.0000,115.0100,100.2100,252.0200,0.0000,0.0000,0.0000,0.0000,0.0000,0.0000,331.3000,0.0000,0.0000,13.3700,93.4900,119.7900,125.7600,402.8100,107.7600,20.8200,43.2700,26.6100,44.0800,142.6500,0.0000,0.0000,0.0000,0.0000,7.4000,38.1400,11.1300,19.3100,0.0000,50.4000,0.0000,0.0000,5.1700,67.2800,0.0000,0.0000,0.0000,0.0000,34.5100,36.6000,40.5400,46.8900,33.6500,42.0500,57.1600,38.3200,12.8500,0.9900,18.8100,1.7500,0.0000,0.0000,0.0000,0.0000,0.8400,2.1700,4.6000,0.0000,0.0000,2.0500,2.3000,0.0000,0.0000,0.0000,40.9900,13.6700,13.6700,0.0000,0.0000,0.0000,0.0000,0.0000,18.6600,31.6700,31.6700,5.2600,8.1300,0.0000,7.6800,0.0000,31.2900,0.0000,0.0000,0.0000,0.0000,0.0000,0.0000,0.0000,0.0000,0.0000,42.8100,7.2200,4.5900
79,53IS2025/04/04,0.0000,0.0000,0.0000,0.0000,0.0000,0.0000,0.0000,0.0000,260.2900,0.0000,35.9999,0.0000,0.0000,0.0000,0.0000,0.0000,86.7600,404.2600,132.8900,0.0000,302.1840,0.0000,0.0000,115.0100,100.2100,252.0200,0.0000,0.0000,0.0000,0.0000,0.0000,0.0000,331.3000,0.0000,0.0000,13.3700,93.4900,119.7900,125.7600,402.8100,107.7600,20.8200,43.2700,26.6100,44.0800,142.6500,0.0000,0.0000,0.0000,0.0000,7.4000,38.1400,11.1300,19.3100,0.0000,50.4000,0.0000,0.0000,5.1700,67.2800,0.0000,0.0000,0.0000,0.0000,34.5100,36.6000,40.5400,46.8900,33.6500,42.0500,57.1600,38.3200,12.8500,0.9900,18.8100,1.7500,0.0000,0.0000,0.0000,0.0000,0.8400,1.1600,4.6000,0.0000,0.0000,2.0500,2.1500,0.0000,0.0000,0.0000,42.4900,14.1700,14.1700,0.0000,0.0000,0.0000,0.0000,0.0000,18.6600,33.3300,33.3300,5.2600,8.1300,0.0000,7.6800,0.0000,31.2900,0.0000,0.0000,0.0000,0.0000,0.0000,0.0000,0.0000,0.0000,0.0000,42.8100,7.2200,4.5900
80,53IS2025/04/04,0.0000,0.0000,0.0000,0.0000,0.0000,0.0000,0.0000,0.0000,260.2900,0.0000,35.9999,0.0000,0.0000,0.0000,0.0000,0.0000,86.7600,404.2600,132.8900,0.0000,302.1840,0.0000,0.0000,115.0100,100.2100,252.0200,0.0000,0.0000,0.0000,0.0000,0.0000,0.0000,331.3000,0.0000,0.0000,13.3700,93.4900,119.7900,125.7600,402.8100,107.7600,20.8200,43.2700,26.6100,44.0800,142.6500,0.0000,0.0000,0.0000,0.0000,7.4000,38.1400,11.1300,19.3100,0.0000,50.4000,0.0000,0.0000,5.1700,67.2800,0.0000,0.0000,0.0000,0.0000,34.5100,36.6000,40.5400,46.8900,33.6500,42.0500,57.1600,38.3200,12.8500,0.9900,18.8100,1.7500,0.0000,0.0000,0.0000,0.0000,0.8400,1.5500,4.6000,0.0000,0.0000,2.0500,2.1500,0.0000,0.0000,0.0000,43.5000,14.5000,14.5000,0.0000,0.0000,0.0000,0.0000,0.0000,18.6600,35.0000,35.0000,5.2600,8.1300,0.0000,7.6800,0.0000,31.2900,0.0000,0.0000,0.0000,0.0000,0.0000,0.0000,0.0000,0.0000,0.0000,42.8100,7.2200,4.5900
81,53IS2025/04/04,0.0000,0.0000,0.0000,0.0000,0.0000,0.0000,0.0000,0.0000,260.2900,0.0000,35.9999,0.0000,0.0000,0.0000,0.0000,0.0000,86.7600,404.0800,132.8900,0.0000,302.1840,0.0000,0.0000,115.0100,100.2100,252.0200,0.0000,0.0000,0.0000,0.0000,0.0000,0.0000,331.3000,0.0000,0.0000,13.3700,93.4900,119.7900,125.7600,402.8100,107.7600,20.8200,43.2700,26.6100,44.0800,142.6500,0.0000,0.0000,0.0000,0.0000,5.5400,38.1400,11.1300,19.3100,0.0000,50.4000,0.0000,0.0000,5.1700,67.2800,0.0000,0.0000,0.0000,0.0000,34.5100,36.6000,40.5400,46.8900,33.6500,42.0500,57.1600,38.3200,12.8500,0.9900,18.8100,1.7500,0.0000,0.0000,0.0000,0.0000,0.8400,1.8700,4.6000,0.0000,0.0000,2.1500,2.1500,0.0000,0.0000,0.0000,44.5100,14.8300,14.8300,0.0000,0.0000,0.0000,0.0000,0.0000,14.3400,36.6700,36.6700,5.2600,8.1300,0.0000,7.6800,0.0000,31.2900,0.0000,0.0000,0.0000,0.0000,0.0000,0.0000,0.0000,0.0000,0.0000,42.8100,7.2200,4.5900
82,53IS2025/04/04,0.0000,0.0000,0.0000,0.0000,0.0000,0.0000,0.0000,0.0000,260.2900,0.0000,35.9999,0.0000,0.0000,0.0000,0.0000,0.0000,86.7600,404.0800,112.9700,0.0000,302.1840,0.0000,0.0000,115.0100,100.2100,252.0200,0.0000,0.0000,0.0000,0.0000,0.0000,0.0000,331.3000,0.0000,0.0000,13.3700,93.4900,119.7900,125.7600,402.8100,107.7600,20.8200,43.2700,26.6100,44.0800,142.6500,0.0000,0.0000,0.0000,0.0000,5.5400,38.1400,11.1300,19.3100,0.0000,50.4000,0.0000,0.0000,4.4600,67.2800,0.0000,0.0000,0.0000,0.0000,34.5100,36.6000,40.5400,46.8900,33.6500,42.0500,57.1600,38.3200,12.8500,0.9900,18.8100,1.7500,0.0000,0.0000,0.0000,0.0000,0.8400,1.8700,4.6000,0.0000,0.0000,2.1500,2.1500,0.0000,0.0000,0.0000,45.0000,15.0000,15.0000,0.0000,0.0000,0.0000,0.0000,0.0000,14.6600,38.3300,38.3300,5.2600,8.1300,0.0000,7.6800,0.0000,30.7800,0.0000,0.0000,0.0000,0.0000,0.0000,0.0000,0.0000,0.0000,0.0000,42.8100,7.2200,4.5900
83,53IS2025/04/04,0.0000,0.0000,0.0000,0.0000,0.0000,0.0000,0.0000,0.0000,260.2900,0.0000,35.9999,0.0000,0.0000,0.0000,0.0000,0.0000,86.7600,404.0800,112.9700,0.0000,302.1840,0.0000,0.0000,115.0100,100.2100,252.0200,0.0000,0.0000,0.0000,0.0000,0.0000,0.0000,354.8600,0.0000,0.0000,13.3700,93.4900,119.7900,125.7600,402.8100,107.7600,20.8200,43.2700,26.6100,44.0800,142.6500,0.0000,0.0000,0.0000,0.0000,5.5400,38.1400,10.0100,18.1600,0.0000,50.4000,0.0000,0.0000,4.4500,67.2800,0.0000,0.0000,0.0000,0.0000,34.5100,36.6000,40.5400,46.8900,33.6500,31.5500,57.1600,32.4300,12.8500,0.9900,3.1700,1.7500,0.0000,0.0000,0.0000,0.0000,0.8400,1.8700,4.6000,0.0000,0.0000,2.1500,2.0700,0.0000,0.0000,0.0000,37.0100,12.3300,12.3300,0.0000,0.0000,0.0000,0.0000,0.0000,11.6600,21.6700,21.6700,5.2600,8.1300,0.0000,7.6800,0.0000,30.7800,0.0000,0.0000,0.0000,0.0000,0.0000,0.0000,0.0000,0.0000,0.0000,14.4100,7.2200,4.5900
84,53IS2025/04/04,0.0000,0.0000,0.0000,0.0000,0.0000,0.0000,0.0000,0.0000,260.2900,0.0000,35.9999,0.0000,0.0000,0.0000,0.0000,0.0000,86.7600,404.0800,112.9700,0.0000,302.1840,0.0000,0.0000,115.0100,100.2100,252.0200,0.0000,0.0000,0.0000,0.0000,0.0000,0.0000,379.5800,0.0000,0.0000,13.3700,93.4900,119.7900,125.7600,402.8100,107.7600,20.8200,43.2700,26.6100,44.0800,142.6500,0.0000,0.0000,0.0000,0.0000,5.5400,38.1400,10.0100,18.1600,0.0000,50.4000,0.0000,0.0000,4.4500,67.2800,0.0000,0.0000,0.0000,0.0000,34.5100,36.6000,40.5400,46.8800,33.6500,21.0300,57.1600,32.4300,12.8500,0.9900,3.1700,1.7500,0.0000,0.0000,0.0000,0.0000,0.8400,1.8700,4.6000,0.0000,0.0000,2.1500,2.0700,0.0000,0.0000,0.0000,37.5000,12.5000,12.5000,0.0000,0.0000,0.0000,0.0000,0.0000,11.0000,22.6700,22.6700,5.2600,8.1300,0.0000,7.6800,0.0000,30.7800,0.0000,0.0000,0.0000,0.0000,0.0000,0.0000,0.0000,0.0000,0.0000,7.2000,7.2200,4.5900
85,53IS2025/04/04,0.0000,0.0000,0.0000,0.0000,0.0000,0.0000,0.0000,0.0000,260.2900,0.0000,35.9999,0.0000,0.0000,0.0000,0.0000,0.0000,86.7600,404.0800,112.9700,0.0000,302.1840,0.0000,0.0000,115.0100,100.2100,252.0200,0.0000,0.0000,0.0000,0.0000,0.0000,0.0000,394.2200,0.0000,0.0000,13.3700,93.4900,119.7900,125.7600,402.8100,107.7600,20.8200,43.2700,26.6100,44.0800,142.6500,0.0000,0.0000,0.0000,0.0000,5.5400,38.1400,10.0100,18.1600,0.0000,50.4000,0.0000,0.0000,4.4500,67.2800,0.0000,0.0000,0.0000,0.0000,34.5100,36.6000,40.5400,46.8800,33.6500,21.0300,57.1600,32.4300,12.8500,0.9900,3.1700,1.7500,0.0000,0.0000,0.0000,0.0000,0.8400,1.8700,4.6000,0.0000,0.0000,2.1500,2.0700,0.0000,0.0000,0.0000,38.5100,12.8300,12.8300,0.0000,0.0000,0.0000,0.0000,0.0000,10.0000,23.3300,23.3300,5.2600,8.1300,0.0000,7.6800,0.0000,30.7800,0.0000,0.0000,0.0000,0.0000,0.0000,0.0000,0.0000,0.0000,0.0000,14.4100,7.2200,4.5900
86,53IS2025/04/04,0.0000,0.0000,0.0000,0.0000,0.0000,0.0000,0.0000,0.0000,260.2900,0.0000,35.9999,0.0000,0.0000,0.0000,0.0000,0.0000,86.7600,404.0800,112.9700,0.0000,302.1840,0.0000,0.0000,115.0100,100.2100,252.0200,0.0000,0.0000,0.0000,0.0000,0.0000,0.0000,408.6400,0.0000,0.0000,13.3700,93.4900,119.7900,125.7600,402.8100,107.7600,20.8200,43.2700,26.6100,44.0800,142.6500,0.0000,0.0000,0.0000,0.0000,5.5400,38.1400,10.0100,0.0000,0.0000,50.4000,0.0000,0.0000,4.4600,67.2800,0.0000,0.0000,0.0000,0.0000,34.5100,36.6000,40.5400,46.8800,33.6500,21.0300,57.1600,32.4300,12.8500,0.9900,3.1700,1.7500,0.0000,0.0000,0.0000,0.0000,0.8400,1.8700,4.6000,0.0000,0.0000,2.1500,2.0700,0.0000,0.0000,0.0000,40.0100,13.3300,13.3300,0.0000,0.0000,0.0000,0.0000,0.0000,9.3400,25.0000,25.0000,5.2600,8.1300,0.0000,7.6800,0.0000,31.2900,0.0000,0.0000,0.0000,0.0000,0.0000,0.0000,0.0000,0.0000,0.0000,25.2200,7.2200,4.5900
87,53IS2025/04/04,0.0000,0.0000,0.0000,0.0000,0.0000,0.0000,0.0000,0.0000,260.2900,0.0000,35.9999,0.0000,0.0000,0.0000,0.0000,0.0000,86.7600,404.0800,112.9700,0.0000,291.1575,0.0000,0.0000,115.0100,100.2100,252.0200,0.0000,0.0000,0.0000,0.0000,0.0000,0.0000,382.4900,0.0000,0.0000,13.3700,93.4900,119.7900,125.7600,402.8100,107.7600,20.8200,43.2700,26.6100,44.0800,142.6500,0.0000,0.0000,0.0000,0.0000,7.4000,38.1400,11.1300,0.0000,0.0000,50.4000,0.0000,0.0000,4.4600,67.2800,0.0000,0.0000,0.0000,0.0000,34.5100,36.6000,40.5400,46.8800,33.6500,31.5500,57.1600,38.3200,25.7100,0.9900,18.8100,1.7500,0.0000,0.0000,0.0000,0.0000,0.8400,2.1700,4.6000,0.0000,0.0000,2.1500,2.0700,0.0000,0.0000,0.0000,25.0100,8.3300,8.3300,0.0000,0.0000,0.0000,0.0000,0.0000,6.6600,18.3300,18.3300,5.2600,8.1300,0.0000,7.6800,0.0000,31.2900,0.0000,0.0000,0.0000,0.0000,0.0000,0.0000,0.0000,0.0000,0.0000,40.7200,7.2200,4.5900
88,53IS2025/04/04,0.0000,0.0000,0.0000,0.0000,0.0000,0.0000,0.0000,0.0000,260.2900,0.0000,35.9999,0.0000,0.0000,0.0000,0.0000,0.0000,86.7600,404.0800,132.8900,0.0000,291.1575,0.0000,0.0000,115.0100,100.2100,252.0200,0.0000,0.0000,0.0000,0.0000,0.0000,0.0000,397.2700,0.0000,0.0000,13.3700,93.4900,119.7900,125.7600,402.8100,107.7600,20.8200,43.2700,26.6100,44.0800,142.6500,0.0000,0.0000,0.0000,0.0000,7.4000,38.1400,11.1300,0.0000,0.0000,50.4000,0.0000,0.0000,5.1700,67.2800,0.0000,0.0000,0.0000,0.0000,34.5100,36.6000,40.5400,46.8900,33.6500,31.5500,57.1600,38.3200,25.7100,0.9900,18.8100,1.7500,0.0000,0.0000,0.0000,0.0000,0.8400,2.1700,4.6000,0.0000,0.0000,2.1500,2.0700,0.0000,0.0000,0.0000,25.0100,8.3300,8.3300,0.0000,0.0000,0.0000,0.0000,0.0000,6.6600,18.3300,18.3300,5.2600,8.1300,0.0000,7.6800,0.0000,31.2900,0.0000,0.0000,0.0000,0.0000,0.0000,0.0000,0.0000,0.0000,0.0000,40.7200,7.2200,4.5900
89,53IS2025/04/04,0.0000,0.0000,0.0000,0.0000,0.0000,0.0000,0.0000,0.0000,260.2900,0.0000,37.0000,0.0000,0.0000,0.0000,0.0000,0.0000,86.7600,404.0800,132.8900,0.0000,291.1575,0.0000,0.0000,115.0100,100.2100,252.0200,0.0000,0.0000,0.0000,0.0000,0.0000,0.0000,440.5700,0.0000,0.0000,13.3700,93.4900,119.7900,125.7600,402.8100,107.7600,20.8200,43.2700,26.6100,44.0800,142.6500,0.0000,0.0000,0.0000,0.0000,7.4000,38.1400,11.1300,0.0000,0.0000,50.4000,0.0000,0.0000,5.1700,67.2800,0.0000,0.0000,0.0000,0.0000,34.5100,36.6000,40.5400,46.8900,33.6500,31.5500,57.1600,38.3200,25.7100,0.9900,18.8100,1.7500,0.0000,0.0000,0.0000,0.0000,0.8400,2.1700,4.6000,0.0000,0.0000,2.2400,2.3000,0.0000,0.0000,0.0000,25.0100,8.3300,8.3300,0.0000,0.0000,0.0000,0.0000,0.0000,6.6600,24.3300,24.3300,5.2600,8.1300,0.0000,7.6800,0.0000,31.2900,0.0000,0.0000,0.0000,0.0000,0.0000,0.0000,0.0000,0.0000,0.0000,40.7200,7.2200,4.5900
90,53IS2025/04/04,0.0000,0.0000,0.0000,0.0000,0.0000,0.0000,0.0000,0.0000,260.2900,0.0000,37.0000,0.0000,0.0000,0.0000,0.0000,0.0000,86.7600,404.0800,106.3200,0.0000,291.1575,0.0000,0.0000,115.0100,100.2100,252.0200,0.0000,0.0000,0.0000,0.0000,0.0000,0.0000,441.8700,0.0000,0.0000,13.3700,93.4900,119.7900,125.7600,402.8100,107.7600,20.8200,43.2700,26.6100,44.0800,142.6500,0.0000,0.0000,0.0000,0.0000,7.4000,38.1400,11.1300,0.0000,0.0000,50.4000,0.0000,0.0000,4.1900,67.2800,0.0000,0.0000,0.0000,0.0000,34.5100,36.6000,40.5400,46.8900,33.6500,31.5500,57.1600,38.3200,25.7100,0.9900,18.8100,1.7500,0.0000,0.0000,0.0000,0.0000,0.8400,2.1700,4.6000,0.0000,0.0000,2.2400,2.3000,0.0000,0.0000,0.0000,25.0100,8.3300,8.3300,0.0000,0.0000,0.0000,0.0000,0.0000,6.6600,25.0000,25.0000,5.2600,8.1300,0.0000,7.6800,0.0000,31.2900,0.0000,0.0000,0.0000,0.0000,0.0000,0.0000,0.0000,0.0000,0.0000,40.7200,7.2200,4.5900
91,53IS2025/04/04,0.0000,0.0000,0.0000,0.0000,0.0000,0.0000,0.0000,0.0000,260.2900,0.0000,37.0000,0.0000,0.0000,0.0000,0.0000,0.0000,86.7600,441.7500,78.1100,0.0000,270.0000,0.0000,0.0000,115.0100,100.2100,252.0200,0.0000,0.0000,0.0000,0.0000,0.0000,0.0000,446.0500,0.0000,0.0000,13.3700,93.4900,119.7900,125.7600,402.8100,107.7600,20.8200,43.2700,26.6100,44.0800,142.6500,0.0000,0.0000,0.0000,0.0000,5.5400,38.1400,10.0100,0.0000,0.0000,50.4000,0.0000,0.0000,3.0800,67.2800,0.0000,0.0000,0.0000,0.0000,34.5100,36.6000,40.5400,46.8900,22.4200,21.0300,38.1100,32.4300,25.7100,0.0000,6.2600,1.7500,0.0000,0.0000,0.0000,0.0000,0.8400,2.1700,4.6000,0.0000,0.0000,2.2400,2.3000,0.0000,0.0000,0.0000,25.0100,8.3300,8.3300,0.0000,0.0000,0.0000,0.0000,0.0000,7.6600,25.3300,25.3300,5.2600,5.4200,0.0000,7.6800,0.0000,31.2900,0.0000,0.0000,0.0000,0.0000,0.0000,0.0000,0.0000,0.0000,0.0000,21.6200,7.2200,4.5900
92,53IS2025/04/04,0.0000,0.0000,0.0000,0.0000,0.0000,0.0000,0.0000,0.0000,260.2900,0.0000,37.0000,0.0000,0.0000,0.0000,0.0000,0.0000,86.7600,441.7500,50.0300,0.0000,270.0000,0.0000,0.0000,115.0100,100.2100,252.0200,0.0000,0.0000,0.0000,0.0000,0.0000,0.0000,465.6500,0.0000,0.0000,13.3700,93.4900,119.7900,125.7600,402.8100,107.7600,20.8200,43.2700,26.6100,44.0800,142.6500,0.0000,0.0000,0.0000,0.0000,3.7000,38.1400,10.0100,0.0000,0.0000,50.4000,0.0000,0.0000,1.9700,67.2800,0.0000,0.0000,0.0000,0.0000,34.5100,36.6000,40.5400,31.2500,11.2100,10.5100,19.0600,32.4300,25.7100,0.0000,6.2600,1.7500,0.0000,0.0000,0.0000,0.0000,0.8400,2.1700,4.6000,0.0000,0.0000,2.2400,2.3000,0.0000,0.0000,0.0000,25.0100,8.3300,8.3300,0.0000,0.0000,0.0000,0.0000,0.0000,7.6600,25.6700,25.6700,5.2600,5.4200,0.0000,7.6800,0.0000,31.2900,0.0000,0.0000,0.0000,0.0000,0.0000,0.0000,0.0000,0.0000,0.0000,7.2000,7.2200,4.5900
93,53IS2025/04/04,0.0000,0.0000,0.0000,0.0000,0.0000,0.0000,0.0000,0.0000,260.2900,0.0000,37.0000,0.0000,0.0000,0.0000,0.0000,0.0000,86.7600,454.5600,26.5800,0.0000,270.0000,0.0000,0.0000,115.0100,100.2100,252.0200,0.0000,0.0000,0.0000,0.0000,0.0000,0.0000,469.8300,0.0000,0.0000,13.3700,93.4900,119.7900,125.7600,402.8100,107.7600,20.8200,43.2700,26.6100,44.0800,142.6500,0.0000,0.0000,0.0000,0.0000,1.8500,38.1400,10.0100,0.0000,0.0000,50.4000,0.0000,0.0000,1.0500,67.2800,0.0000,0.0000,0.0000,0.0000,34.5100,36.6000,40.5400,31.2500,11.2100,0.0000,19.0600,32.4300,25.7100,0.0000,6.2600,1.7500,0.0000,0.0000,0.0000,0.0000,0.8400,2.1700,4.6000,0.0000,0.0000,2.2400,2.3000,0.0000,0.0000,0.0000,25.0100,8.3300,8.3300,0.0000,0.0000,0.0000,0.0000,0.0000,7.6600,27.3300,27.3300,5.2600,5.4200,0.0000,7.6800,0.0000,31.2900,0.0000,0.0000,0.0000,0.0000,0.0000,0.0000,0.0000,0.0000,0.0000,3.6100,7.2200,4.5900
94,53IS2025/04/04,0.0000,0.0000,0.0000,0.0000,0.0000,0.0000,0.0000,0.0000,260.2900,0.0000,37.0000,0.0000,0.0000,0.0000,0.0000,0.0000,86.7600,476.3600,26.5800,0.0000,270.0000,0.0000,0.0000,115.0100,100.2100,252.0200,0.0000,0.0000,0.0000,0.0000,0.0000,0.0000,458.2900,0.0000,0.0000,13.3700,93.4900,119.7900,125.7600,402.8100,107.7600,20.8200,43.2700,26.6100,44.0800,142.6500,0.0000,0.0000,0.0000,0.0000,1.8500,25.4200,10.0100,0.0000,0.0000,50.4000,0.0000,0.0000,1.0500,67.2800,0.0000,0.0000,0.0000,0.0000,34.5100,36.6000,40.5400,31.2500,11.2100,0.0000,19.0600,19.1500,25.7100,0.0000,6.2600,1.7500,0.0000,0.0000,0.0000,0.0000,0.8400,2.1700,4.6000,0.0000,0.0000,2.2400,2.3000,0.0000,0.0000,0.0000,25.0100,8.3300,8.3300,0.0000,0.0000,0.0000,0.0000,0.0000,8.0000,29.6700,29.6700,5.2600,5.4200,0.0000,7.6800,0.0000,31.2900,0.0000,0.0000,0.0000,0.0000,0.0000,0.0000,0.0000,0.0000,0.0000,0.0000,7.2200,4.5900
95,53IS2025/04/04,0.0000,0.0000,0.0000,0.0000,0.0000,0.0000,0.0000,0.0000,260.2900,0.0000,37.0000,0.0000,0.0000,0.0000,0.0000,0.0000,86.7600,476.3600,0.0000,0.0000,270.0000,0.0000,0.0000,115.0100,100.2100,252.0200,0.0000,0.0000,0.0000,0.0000,0.0000,0.0000,473.0700,0.0000,0.0000,13.3700,93.4900,119.7900,125.7600,402.8100,107.7600,20.8200,43.2700,26.6100,44.0800,142.6500,0.0000,0.0000,0.0000,0.0000,0.0000,25.4200,10.0100,0.0000,0.0000,50.4000,0.0000,0.0000,0.0000,67.2800,0.0000,0.0000,0.0000,0.0000,34.5100,36.6000,27.0300,15.6300,11.2100,0.0000,19.0600,19.1500,25.7100,0.0000,6.2600,1.7500,0.0000,0.0000,0.0000,0.0000,0.8400,2.1700,4.6000,0.0000,0.0000,2.2400,2.3000,0.0000,0.0000,0.0000,25.0100,8.3300,8.3300,0.0000,0.0000,0.0000,0.0000,0.0000,8.0000,32.0000,32.0000,5.2600,5.4200,0.0000,7.6800,0.0000,31.2900,0.0000,0.0000,0.0000,0.0000,0.0000,0.0000,0.0000,0.0000,0.0000,0.0000,7.2200,4.5900
96,53IS2025/04/04,0.0000,0.0000,0.0000,0.0000,0.0000,0.0000,0.0000,0.0000,260.2900,0.0000,37.0000,0.0000,0.0000,0.0000,0.0000,0.0000,86.7600,476.3600,0.0000,0.0000,270.0000,0.0000,0.0000,115.0100,100.2100,252.0200,0.0000,0.0000,0.0000,0.0000,0.0000,0.0000,489.7600,0.0000,0.0000,13.3700,93.4900,119.7900,125.7600,402.8100,107.7600,20.8200,43.2700,26.6100,44.0800,142.6500,0.0000,0.0000,0.0000,0.0000,0.0000,25.4200,10.0100,0.0000,0.0000,50.4000,0.0000,0.0000,0.0000,67.2800,0.0000,0.0000,0.0000,0.0000,34.5100,36.6000,13.5100,15.6300,11.2100,0.0000,19.0600,4.1300,25.7100,0.0000,6.2600,1.7500,0.0000,0.0000,0.0000,0.0000,0.8400,2.1700,4.6000,0.0000,0.0000,2.2400,2.3000,0.0000,0.0000,0.0000,25.0100,8.3300,8.3300,0.0000,0.0000,0.0000,0.0000,0.0000,7.6600,34.6700,34.6700,5.2600,5.4200,0.0000,7.6800,0.0000,31.2900,0.0000,0.0000,0.0000,0.0000,0.0000,0.0000,0.0000,0.0000,0.0000,0.0000,7.2200,4.5900
