NOAR ID,Time Block,Time Desc,GNA Approved,GNA Schedule,GNA-RE Approved,GNA-RE Schedule,T-GNA Approved,T-GNA Schedule,T-GNA-RE Approved,T-GNA-RE Schedule
N0RDD100283,1,00:00-00:15,2015,1553.45,0,0,0,0,0,0
N0RDD100283,2,00:15-00:30,2015,1520.6,0,0,0,0,0,0
N0RDD100283,3,00:30-00:45,2015,1473.85,0,0,0,0,0,0
N0RDD100283,4,00:45-01:00,2015,1456.29,0,0,0,0,0,0
N0RDD100283,5,01:00-01:15,2015,1457.62,0,0,0,0,0,0
N0RDD100283,6,01:15-01:30,2015,1457.99,0,0,0,0,0,0
N0RDD100283,7,01:30-01:45,2015,1460.26,0,0,0,0,0,0
N0RDD100283,8,01:45-02:00,2015,1414.23,0,0,0,0,0,0
N0RDD100283,9,02:00-02:15,2015,1454.9,0,0,0,0,0,0
N0RDD100283,10,02:15-02:30,2015,1431.79,0,0,0,0,0,0
N0RDD100283,11,02:30-02:45,2015,1384.86,0,0,0,0,0,0
N0RDD100283,12,02:45-03:00,2015,1337.41,0,0,0,0,0,0
N0RDD100283,13,03:00-03:15,2015,1316.71,0,0,0,0,0,0
N0RDD100283,14,03:15-03:30,2015,1302.09,0,0,0,0,0,0
N0RDD100283,15,03:30-03:45,2015,1358.93,0,0,0,0,0,0
N0RDD100283,16,03:45-04:00,2015,1344.61,0,0,0,0,0,0
N0RDD100283,17,04:00-04:15,2015,1333.44,0,0,0,0,0,0
N0RDD100283,18,04:15-04:30,2015,1331.41,0,0,0,0,0,0
N0RDD100283,19,04:30-04:45,2015,1336.15,0,0,0,0,0,0
N0RDD100283,20,04:45-05:00,2015,1334.06,0,0,0,0,0,0
N0RDD100283,21,05:00-05:15,2015,1347.73,0,0,0,0,0,0
N0RDD100283,22,05:15-05:30,2015,1359.56,0,0,0,0,0,0
N0RDD100283,23,05:30-05:45,2015,1432.34,0,0,0,0,0,0
N0RDD100283,24,05:45-06:00,2015,1468.93,0,0,0,0,0,0
N0RDD100283,25,06:00-06:15,2015,1510.37,0,0,0,0,0,0
N0RDD100283,26,06:15-06:30,2015,1579.81,0,0,0,0,0,0
N0RDD100283,27,06:30-06:45,2015,1613.09,0,0,0,0,0,0
N0RDD100283,28,06:45-07:00,2015,1599.1,0,0,0,0,0,0
N0RDD100283,29,07:00-07:15,2015,1490.5,0,0,0,0,0,0
N0RDD100283,30,07:15-07:30,2015,1433.28,0,0,0,0,0,0
N0RDD100283,31,07:30-07:45,2015,1378.33,0,0,0,0,0,0
N0RDD100283,32,07:45-08:00,2015,1324.03,0,0,0,0,0,0
N0RDD100283,33,08:00-08:15,2015,1238.67,0,0,0,0,0,0
N0RDD100283,34,08:15-08:30,2015,1308.8,0,0,0,0,0,0
N0RDD100283,35,08:30-08:45,2015,1324.82,0,0,0,0,0,0
N0RDD100283,36,08:45-09:00,2015,1347.34,0,0,0,0,0,0
N0RDD100283,37,09:00-09:15,2015,1311.05,0,0,0,0,0,0
N0RDD100283,38,09:15-09:30,2015,1332.99,0,0,0,0,0,0
N0RDD100283,39,09:30-09:45,2015,1359.7,0,0,0,0,0,0
N0RDD100283,40,09:45-10:00,2015,1374.47,0,0,0,0,0,0
N0RDD100283,41,10:00-10:15,2015,1486.9,0,0,0,0,0,0
N0RDD100283,42,10:15-10:30,2015,1504.27,0,0,0,0,0,0
N0RDD100283,43,10:30-10:45,2015,1454.73,0,0,0,0,0,0
N0RDD100283,44,10:45-11:00,2015,1382.67,0,0,0,0,0,0
N0RDD100283,45,11:00-11:15,2015,1336.61,0,0,0,0,0,0
N0RDD100283,46,11:15-11:30,2015,1390.92,0,0,0,0,0,0
N0RDD100283,47,11:30-11:45,2015,1367.3,0,0,0,0,0,0
N0RDD100283,48,11:45-12:00,2015,1430.16,0,0,0,0,0,0
N0RDD100283,49,12:00-12:15,2015,1449.98,0,0,0,0,0,0
N0RDD100283,50,12:15-12:30,2015,1464.49,0,0,0,0,0,0
N0RDD100283,51,12:30-12:45,2015,1489.55,0,0,0,0,0,0
N0RDD100283,52,12:45-13:00,2015,1489.42,0,0,0,0,0,0
N0RDD100283,53,13:00-13:15,2015,1500.92,0,0,0,0,0,0
N0RDD100283,54,13:15-13:30,2015,1497.82,0,0,0,0,0,0
N0RDD100283,55,13:30-13:45,2015,1453.68,0,0,0,0,0,0
N0RDD100283,56,13:45-14:00,2015,1540.23,0,0,0,0,0,0
N0RDD100283,57,14:00-14:15,2015,1593.07,0,0,0,0,0,0
N0RDD100283,58,14:15-14:30,2015,1675.5,0,0,0,0,0,0
N0RDD100283,59,14:30-14:45,2015,1610.24,0,0,0,0,0,0
N0RDD100283,60,14:45-15:00,2015,1647.68,0,0,0,0,0,0
N0RDD100283,61,15:00-15:15,2015,1647.73,0,0,0,0,0,0
N0RDD100283,62,15:15-15:30,2015,1633.98,0,0,0,0,0,0
N0RDD100283,63,15:30-15:45,2015,1604,0,0,0,0,0,0
N0RDD100283,64,15:45-16:00,2015,1582.54,0,0,0,0,0,0
N0RDD100283,65,16:00-16:15,2015,1559.02,0,0,0,0,0,0
N0RDD100283,66,16:15-16:30,2015,1544.83,0,0,0,0,0,0
N0RDD100283,67,16:30-16:45,2015,1522.82,0,0,0,0,0,0
N0RDD100283,68,16:45-17:00,2015,1512.48,0,0,0,0,0,0
N0RDD100283,69,17:00-17:15,2015,1560.73,0,0,0,0,0,0
N0RDD100283,70,17:15-17:30,2015,1608.95,0,0,0,0,0,0
N0RDD100283,71,17:30-17:45,2015,1666.03,0,0,0,0,0,0
N0RDD100283,72,17:45-18:00,2015,1708.89,0,0,0,0,0,0
N0RDD100283,73,18:00-18:15,2015,1664.1,0,0,0,0,0,0
N0RDD100283,74,18:15-18:30,2015,1717.56,0,0,0,0,0,0
N0RDD100283,75,18:30-18:45,2015,1767.78,0,0,0,0,0,0
N0RDD100283,76,18:45-19:00,2015,1801.42,0,0,0,0,0,0
N0RDD100283,77,19:00-19:15,2015,1780.59,0,0,0,0,0,0
N0RDD100283,78,19:15-19:30,2015,1781.17,0,0,0,0,0,0
N0RDD100283,79,19:30-19:45,2015,1782.91,0,0,0,0,0,0
N0RDD100283,80,19:45-20:00,2015,1784.32,0,0,0,0,0,0
N0RDD100283,81,20:00-20:15,2015,1764.77,0,0,0,0,0,0
N0RDD100283,82,20:15-20:30,2015,1765.87,0,0,0,0,0,0
N0RDD100283,83,20:30-20:45,2015,1750.09,0,0,0,0,0,0
N0RDD100283,84,20:45-21:00,2015,1736.39,0,0,0,0,0,0
N0RDD100283,85,21:00-21:15,2015,1713.57,0,0,0,0,0,0
N0RDD100283,86,21:15-21:30,2015,1713.03,0,0,0,0,0,0
N0RDD100283,87,21:30-21:45,2015,1718.02,0,0,0,0,0,0
N0RDD100283,88,21:45-22:00,2015,1717.79,0,0,0,0,0,0
N0RDD100283,89,22:00-22:15,2015,1731.01,0,0,0,0,0,0
N0RDD100283,90,22:15-22:30,2015,1730.11,0,0,0,0,0,0
N0RDD100283,91,22:30-22:45,2015,1721.91,0,0,0,0,0,0
N0RDD100283,92,22:45-23:00,2015,1717.83,0,0,0,0,0,0
N0RDD100283,93,23:00-23:15,2015,1714.35,0,0,0,0,0,0
N0RDD100283,94,23:15-23:30,2015,1712.53,0,0,0,0,0,0
N0RDD100283,95,23:30-23:45,2015,1661.94,0,0,0,0,0,0
N0RDD100283,96,23:45-24:00,2015,1662.03,0,0,0,0,0,0
N0RDD200327,1,00:00-00:15,1081,955.48,0,0,0,0,0,0
N0RDD200327,2,00:15-00:30,1081,934.71,0,0,0,0,0,0
N0RDD200327,3,00:30-00:45,1081,916.32,0,0,0,0,0,0
N0RDD200327,4,00:45-01:00,1081,895.07,0,0,0,0,0,0
N0RDD200327,5,01:00-01:15,1081,870.22,0,0,0,0,0,0
N0RDD200327,6,01:15-01:30,1081,838.98,0,0,0,0,0,0
N0RDD200327,7,01:30-01:45,1081,816.21,0,0,0,0,0,0
N0RDD200327,8,01:45-02:00,1081,808.23,0,0,0,0,0,0
N0RDD200327,9,02:00-02:15,1081,783.21,0,0,0,0,0,0
N0RDD200327,10,02:15-02:30,1081,775.97,0,0,0,0,0,0
N0RDD200327,11,02:30-02:45,1081,756.97,0,0,0,0,0,0
N0RDD200327,12,02:45-03:00,1081,752.87,0,0,0,0,0,0
N0RDD200327,13,03:00-03:15,1081,782.36,0,0,0,0,0,0
N0RDD200327,14,03:15-03:30,1081,788.39,0,0,0,0,0,0
N0RDD200327,15,03:30-03:45,1081,793.83,0,0,0,0,0,0
N0RDD200327,16,03:45-04:00,1081,794.04,0,0,0,0,0,0
N0RDD200327,17,04:00-04:15,1081,764.76,0,0,0,0,0,0
N0RDD200327,18,04:15-04:30,1081,763.41,0,0,0,0,0,0
N0RDD200327,19,04:30-04:45,1081,789.21,0,0,0,0,0,0
N0RDD200327,20,04:45-05:00,1081,788.18,0,0,0,0,0,0
N0RDD200327,21,05:00-05:15,1081,806.03,0,0,0,0,0,0
N0RDD200327,22,05:15-05:30,1081,801.38,0,0,0,0,0,0
N0RDD200327,23,05:30-05:45,1081,804.34,0,0,0,0,0,0
N0RDD200327,24,05:45-06:00,1081,802.57,0,0,0,0,0,0
N0RDD200327,25,06:00-06:15,1081,810.94,0,0,0,0,0,0
N0RDD200327,26,06:15-06:30,1081,812.28,0,0,0,0,0,0
N0RDD200327,27,06:30-06:45,1081,845.75,0,0,0,0,0,0
N0RDD200327,28,06:45-07:00,1081,857.48,0,0,0,0,0,0
N0RDD200327,29,07:00-07:15,1081,832.1,0,0,0,0,0,0
N0RDD200327,30,07:15-07:30,1081,863.16,0,0,0,0,0,0
N0RDD200327,31,07:30-07:45,1081,776.64,0,0,0,0,0,0
N0RDD200327,32,07:45-08:00,1081,739.85,0,0,0,0,0,0
N0RDD200327,33,08:00-08:15,1081,747.81,0,0,0,0,0,0
N0RDD200327,34,08:15-08:30,1081,712.01,0,0,0,0,0,0
N0RDD200327,35,08:30-08:45,1081,719.38,0,0,0,0,0,0
N0RDD200327,36,08:45-09:00,1081,734.61,0,0,0,0,0,0
N0RDD200327,37,09:00-09:15,1081,748.85,0,0,0,0,0,0
N0RDD200327,38,09:15-09:30,1081,765.42,0,0,0,0,0,0
N0RDD200327,39,09:30-09:45,1081,783.66,0,0,0,0,0,0
N0RDD200327,40,09:45-10:00,1081,803.76,0,0,0,0,0,0
N0RDD200327,41,10:00-10:15,1081,827.7,0,0,0,0,0,0
N0RDD200327,42,10:15-10:30,1081,844.06,0,0,0,0,0,0
N0RDD200327,43,10:30-10:45,1081,819.12,0,0,0,0,0,0
N0RDD200327,44,10:45-11:00,1081,795.76,0,0,0,0,0,0
N0RDD200327,45,11:00-11:15,1081,747.25,0,0,0,0,0,0
N0RDD200327,46,11:15-11:30,1081,754.45,0,0,0,0,0,0
N0RDD200327,47,11:30-11:45,1081,734.54,0,0,0,0,0,0
N0RDD200327,48,11:45-12:00,1081,743.2,0,0,0,0,0,0
N0RDD200327,49,12:00-12:15,1081,752.77,0,0,0,0,0,0
N0RDD200327,50,12:15-12:30,1081,759.07,0,0,0,0,0,0
N0RDD200327,51,12:30-12:45,1081,779.91,0,0,0,0,0,0
N0RDD200327,52,12:45-13:00,1081,794.73,0,0,0,0,0,0
N0RDD200327,53,13:00-13:15,1081,743.45,0,0,0,0,0,0
N0RDD200327,54,13:15-13:30,1081,743.43,0,0,0,0,0,0
N0RDD200327,55,13:30-13:45,1081,742.92,0,0,0,0,0,0
N0RDD200327,56,13:45-14:00,1081,771.31,0,0,0,0,0,0
N0RDD200327,57,14:00-14:15,1081,836.49,0,0,0,0,0,0
N0RDD200327,58,14:15-14:30,1081,869.12,0,0,0,0,0,0
N0RDD200327,59,14:30-14:45,1081,909.34,0,0,0,0,0,0
N0RDD200327,60,14:45-15:00,1081,934.14,0,0,0,0,0,0
N0RDD200327,61,15:00-15:15,1081,931.58,0,0,0,0,0,0
N0RDD200327,62,15:15-15:30,1081,918.55,0,0,0,0,0,0
N0RDD200327,63,15:30-15:45,1081,899.24,0,0,0,0,0,0
N0RDD200327,64,15:45-16:00,1081,884.99,0,0,0,0,0,0
N0RDD200327,65,16:00-16:15,1081,885.3,0,0,0,0,0,0
N0RDD200327,66,16:15-16:30,1081,874.9,0,0,0,0,0,0
N0RDD200327,67,16:30-16:45,1081,864.9,0,0,0,0,0,0
N0RDD200327,68,16:45-17:00,1081,868.68,0,0,0,0,0,0
N0RDD200327,69,17:00-17:15,1081,868.2,0,0,0,0,0,0
N0RDD200327,70,17:15-17:30,1081,858.41,0,0,0,0,0,0
N0RDD200327,71,17:30-17:45,1081,915.3,0,0,0,0,0,0
N0RDD200327,72,17:45-18:00,1081,917.35,0,0,0,0,0,0
N0RDD200327,73,18:00-18:15,1081,972.03,0,0,0,0,0,0
N0RDD200327,74,18:15-18:30,1081,998.28,0,0,0,0,0,0
N0RDD200327,75,18:30-18:45,1081,1079.33,0,0,0,0,0,0
N0RDD200327,76,18:45-19:00,1081,1082.13,0,0,0,0,0,0
N0RDD200327,77,19:00-19:15,1081,1067.37,0,0,0,0,0,0
N0RDD200327,78,19:15-19:30,1081,1072.43,0,0,0,0,0,0
N0RDD200327,79,19:30-19:45,1081,1073.59,0,0,0,0,0,0
N0RDD200327,80,19:45-20:00,1081,1076.48,0,0,0,0,0,0
N0RDD200327,81,20:00-20:15,1081,1065.42,0,0,0,0,0,0
N0RDD200327,82,20:15-20:30,1081,1064.47,0,0,0,0,0,0
N0RDD200327,83,20:30-20:45,1081,1055.58,0,0,0,0,0,0
N0RDD200327,84,20:45-21:00,1081,1047.6,0,0,0,0,0,0
N0RDD200327,85,21:00-21:15,1081,1034.92,0,0,0,0,0,0
N0RDD200327,86,21:15-21:30,1081,1034.31,0,0,0,0,0,0
N0RDD200327,87,21:30-21:45,1081,1037.26,0,0,0,0,0,0
N0RDD200327,88,21:45-22:00,1081,1037.1,0,0,0,0,0,0
N0RDD200327,89,22:00-22:15,1081,1050.22,0,0,0,0,0,0
N0RDD200327,90,22:15-22:30,1081,1050.34,0,0,0,0,0,0
N0RDD200327,91,22:30-22:45,1081,1042.61,0,0,0,0,0,0
N0RDD200327,92,22:45-23:00,1081,1040.89,0,0,0,0,0,0
N0RDD200327,93,23:00-23:15,1081,1041.62,0,0,0,0,0,0
N0RDD200327,94,23:15-23:30,1081,1040.37,0,0,0,0,0,0
N0RDD200327,95,23:30-23:45,1081,1043.74,0,0,0,0,0,0
N0RDD200327,96,23:45-24:00,1081,1000.67,0,0,0,0,0,0
N0STP000282,1,00:00-00:15,1412,984.44,0,0,0,0,0,0
N0STP000282,2,00:15-00:30,1412,952.89,0,0,0,0,0,0
N0STP000282,3,00:30-00:45,1412,950.28,0,0,0,0,0,0
N0STP000282,4,00:45-01:00,1412,950.61,0,0,0,0,0,0
N0STP000282,5,01:00-01:15,1412,951.64,0,0,0,0,0,0
N0STP000282,6,01:15-01:30,1412,926.88,0,0,0,0,0,0
N0STP000282,7,01:30-01:45,1412,953.85,0,0,0,0,0,0
N0STP000282,8,01:45-02:00,1412,898.56,0,0,0,0,0,0
N0STP000282,9,02:00-02:15,1412,894.95,0,0,0,0,0,0
N0STP000282,10,02:15-02:30,1412,885.71,0,0,0,0,0,0
N0STP000282,11,02:30-02:45,1412,883.95,0,0,0,0,0,0
N0STP000282,12,02:45-03:00,1412,891.17,0,0,0,0,0,0
N0STP000282,13,03:00-03:15,1412,875.87,0,0,0,0,0,0
N0STP000282,14,03:15-03:30,1412,801.48,0,0,0,0,0,0
N0STP000282,15,03:30-03:45,1412,792.59,0,0,0,0,0,0
N0STP000282,16,03:45-04:00,1412,805.89,0,0,0,0,0,0
N0STP000282,17,04:00-04:15,1412,897.17,0,0,0,0,0,0
N0STP000282,18,04:15-04:30,1412,904.93,0,0,0,0,0,0
N0STP000282,19,04:30-04:45,1412,903.76,0,0,0,0,0,0
N0STP000282,20,04:45-05:00,1412,903.38,0,0,0,0,0,0
N0STP000282,21,05:00-05:15,1412,903.65,0,0,0,0,0,0
N0STP000282,22,05:15-05:30,1412,903.37,0,0,0,0,0,0
N0STP000282,23,05:30-05:45,1412,993.57,0,0,0,0,0,0
N0STP000282,24,05:45-06:00,1412,1003.04,0,0,0,0,0,0
N0STP000282,25,06:00-06:15,1412,1033.94,0,0,0,0,0,0
N0STP000282,26,06:15-06:30,1412,1047.86,0,0,0,0,0,0
N0STP000282,27,06:30-06:45,1412,1077.34,0,0,0,0,0,0
N0STP000282,28,06:45-07:00,1412,1125.51,0,0,0,0,0,0
N0STP000282,29,07:00-07:15,1412,1070.15,0,0,0,0,0,0
N0STP000282,30,07:15-07:30,1412,1029.71,0,0,0,0,0,0
N0STP000282,31,07:30-07:45,1412,950.16,0,0,0,0,0,0
N0STP000282,32,07:45-08:00,1412,900.23,0,0,0,0,0,0
N0STP000282,33,08:00-08:15,1412,893.2,0,0,0,0,0,0
N0STP000282,34,08:15-08:30,1412,915.26,0,0,0,0,0,0
N0STP000282,35,08:30-08:45,1412,920.19,0,0,0,0,0,0
N0STP000282,36,08:45-09:00,1412,901.96,0,0,0,0,0,0
N0STP000282,37,09:00-09:15,1412,965.73,0,0,0,0,0,0
N0STP000282,38,09:15-09:30,1412,1025.15,0,0,0,0,0,0
N0STP000282,39,09:30-09:45,1412,1141.72,0,0,0,0,0,0
N0STP000282,40,09:45-10:00,1412,1158.38,0,0,0,0,0,0
N0STP000282,41,10:00-10:15,1412,1233.74,0,0,0,0,0,0
N0STP000282,42,10:15-10:30,1412,1299.14,0,0,0,0,0,0
N0STP000282,43,10:30-10:45,1412,1283.95,0,0,0,0,0,0
N0STP000282,44,10:45-11:00,1412,1288.09,0,0,0,0,0,0
N0STP000282,45,11:00-11:15,1412,1301.36,0,0,0,0,0,0
N0STP000282,46,11:15-11:30,1412,1293.07,0,0,0,0,0,0
N0STP000282,47,11:30-11:45,1412,1203.23,0,0,0,0,0,0
N0STP000282,48,11:45-12:00,1412,1222.51,0,0,0,0,0,0
N0STP000282,49,12:00-12:15,1412,1229.56,0,0,0,0,0,0
N0STP000282,50,12:15-12:30,1412,1236.35,0,0,0,0,0,0
N0STP000282,51,12:30-12:45,1412,1247.08,0,0,0,0,0,0
N0STP000282,52,12:45-13:00,1412,1248.91,0,0,0,0,0,0
N0STP000282,53,13:00-13:15,1412,1192.28,0,0,0,0,0,0
N0STP000282,54,13:15-13:30,1412,1148.98,0,0,0,0,0,0
N0STP000282,55,13:30-13:45,1412,1144.74,0,0,0,0,0,0
N0STP000282,56,13:45-14:00,1412,1136.43,0,0,0,0,0,0
N0STP000282,57,14:00-14:15,1412,1085.68,0,0,0,0,0,0
N0STP000282,58,14:15-14:30,1412,1085.41,0,0,0,0,0,0
N0STP000282,59,14:30-14:45,1412,1081.74,0,0,0,0,0,0
N0STP000282,60,14:45-15:00,1412,1069.01,0,0,0,0,0,0
N0STP000282,61,15:00-15:15,1412,1062.59,0,0,0,0,0,0
N0STP000282,62,15:15-15:30,1412,1041.28,0,0,0,0,0,0
N0STP000282,63,15:30-15:45,1412,1015.41,0,0,0,0,0,0
N0STP000282,64,15:45-16:00,1412,1001.63,0,0,0,0,0,0
N0STP000282,65,16:00-16:15,1412,992.78,0,0,0,0,0,0
N0STP000282,66,16:15-16:30,1412,976.33,0,0,0,0,0,0
N0STP000282,67,16:30-16:45,1412,958.05,0,0,0,0,0,0
N0STP000282,68,16:45-17:00,1412,943.35,0,0,0,0,0,0
N0STP000282,69,17:00-17:15,1412,966.41,0,0,0,0,0,0
N0STP000282,70,17:15-17:30,1412,988.1,0,0,0,0,0,0
N0STP000282,71,17:30-17:45,1412,1036.19,0,0,0,0,0,0
N0STP000282,72,17:45-18:00,1412,1013.43,0,0,0,0,0,0
N0STP000282,73,18:00-18:15,1412,1072.18,0,0,0,0,0,0
N0STP000282,74,18:15-18:30,1412,1120.18,0,0,0,0,0,0
N0STP000282,75,18:30-18:45,1412,1161.33,0,0,0,0,0,0
N0STP000282,76,18:45-19:00,1412,1171.57,0,0,0,0,0,0
N0STP000282,77,19:00-19:15,1412,1143.63,0,0,0,0,0,0
N0STP000282,78,19:15-19:30,1412,1208.29,0,0,0,0,0,0
N0STP000282,79,19:30-19:45,1412,1212.59,0,0,0,0,0,0
N0STP000282,80,19:45-20:00,1412,1212.98,0,0,0,0,0,0
N0STP000282,81,20:00-20:15,1412,1211.43,0,0,0,0,0,0
N0STP000282,82,20:15-20:30,1412,1212.49,0,0,0,0,0,0
N0STP000282,83,20:30-20:45,1412,1210.27,0,0,0,0,0,0
N0STP000282,84,20:45-21:00,1412,1202.22,0,0,0,0,0,0
N0STP000282,85,21:00-21:15,1412,1202.18,0,0,0,0,0,0
N0STP000282,86,21:15-21:30,1412,1201.35,0,0,0,0,0,0
N0STP000282,87,21:30-21:45,1412,1204.4,0,0,0,0,0,0
N0STP000282,88,21:45-22:00,1412,1204.61,0,0,0,0,0,0
N0STP000282,89,22:00-22:15,1412,1204.77,0,0,0,0,0,0
N0STP000282,90,22:15-22:30,1412,1204.12,0,0,0,0,0,0
N0STP000282,91,22:30-22:45,1412,1195.63,0,0,0,0,0,0
N0STP000282,92,22:45-23:00,1412,1194.52,0,0,0,0,0,0
N0STP000282,93,23:00-23:15,1412,1307.78,0,0,0,0,0,0
N0STP000282,94,23:15-23:30,1412,1186.34,0,0,0,0,0,0
N0STP000282,95,23:30-23:45,1412,1116.99,0,0,0,0,0,0
N0STP000282,96,23:45-24:00,1412,1108.48,0,0,0,0,0,0
N0SND000406,1,00:00-00:15,150,103.96,0,0,0,0,0,0
N0SND000406,2,00:15-00:30,150,102.8,0,0,0,0,0,0
N0SND000406,3,00:30-00:45,150,102.97,0,0,0,0,0,0
N0SND000406,4,00:45-01:00,150,102.97,0,0,0,0,0,0
N0SND000406,5,01:00-01:15,150,102.8,0,0,0,0,0,0
N0SND000406,6,01:15-01:30,150,102.8,0,0,0,0,0,0
N0SND000406,7,01:30-01:45,150,102.97,0,0,0,0,0,0
N0SND000406,8,01:45-02:00,150,102.97,0,0,0,0,0,0
N0SND000406,9,02:00-02:15,150,103.04,0,0,0,0,0,0
N0SND000406,10,02:15-02:30,150,103.04,0,0,0,0,0,0
N0SND000406,11,02:30-02:45,150,103.21,0,0,0,0,0,0
N0SND000406,12,02:45-03:00,150,103.54,0,0,0,0,0,0
N0SND000406,13,03:00-03:15,150,95.67,0,0,0,0,0,0
N0SND000406,14,03:15-03:30,150,95.67,0,0,0,0,0,0
N0SND000406,15,03:30-03:45,150,95.8,0,0,0,0,0,0
N0SND000406,16,03:45-04:00,150,95.82,0,0,0,0,0,0
N0SND000406,17,04:00-04:15,150,95.67,0,0,0,0,0,0
N0SND000406,18,04:15-04:30,150,95.67,0,0,0,0,0,0
N0SND000406,19,04:30-04:45,150,95.82,0,0,0,0,0,0
N0SND000406,20,04:45-05:00,150,95.82,0,0,0,0,0,0
N0SND000406,21,05:00-05:15,150,96.51,0,0,0,0,0,0
N0SND000406,22,05:15-05:30,150,95.67,0,0,0,0,0,0
N0SND000406,23,05:30-05:45,150,95.58,0,0,0,0,0,0
N0SND000406,24,05:45-06:00,150,95.58,0,0,0,0,0,0
N0SND000406,25,06:00-06:15,150,95.58,0,0,0,0,0,0
N0SND000406,26,06:15-06:30,150,95.58,0,0,0,0,0,0
N0SND000406,27,06:30-06:45,150,95.46,0,0,0,0,0,0
N0SND000406,28,06:45-07:00,150,95.46,0,0,0,0,0,0
N0SND000406,29,07:00-07:15,150,95.46,0,0,0,0,0,0
N0SND000406,30,07:15-07:30,150,95.7,0,0,0,0,0,0
N0SND000406,31,07:30-07:45,150,99.46,0,0,0,0,0,0
N0SND000406,32,07:45-08:00,150,96.79,0,0,0,0,0,0
N0SND000406,33,08:00-08:15,150,99.17,0,0,0,0,0,0
N0SND000406,34,08:15-08:30,150,99.11,0,0,0,0,0,0
N0SND000406,35,08:30-08:45,150,99.07,0,0,0,0,0,0
N0SND000406,36,08:45-09:00,150,99.07,0,0,0,0,0,0
N0SND000406,37,09:00-09:15,150,97.83,0,0,0,0,0,0
N0SND000406,38,09:15-09:30,150,97.83,0,0,0,0,0,0
N0SND000406,39,09:30-09:45,150,96.78,0,0,0,0,0,0
N0SND000406,40,09:45-10:00,150,96.78,0,0,0,0,0,0
N0SND000406,41,10:00-10:15,150,116.13,0,0,0,0,0,0
N0SND000406,42,10:15-10:30,150,116.13,0,0,0,0,0,0
N0SND000406,43,10:30-10:45,150,112.29,0,0,0,0,0,0
N0SND000406,44,10:45-11:00,150,108.45,0,0,0,0,0,0
N0SND000406,45,11:00-11:15,150,108.45,0,0,0,0,0,0
N0SND000406,46,11:15-11:30,150,110.51,0,0,0,0,0,0
N0SND000406,47,11:30-11:45,150,136.13,0,0,0,0,0,0
N0SND000406,48,11:45-12:00,150,138.33,0,0,0,0,0,0
N0SND000406,49,12:00-12:15,150,140.52,0,0,0,0,0,0
N0SND000406,50,12:15-12:30,150,142.69,0,0,0,0,0,0
N0SND000406,51,12:30-12:45,150,145.87,0,0,0,0,0,0
N0SND000406,52,12:45-13:00,150,145.87,0,0,0,0,0,0
N0SND000406,53,13:00-13:15,150,147.66,0,0,0,0,0,0
N0SND000406,54,13:15-13:30,150,147.66,0,0,0,0,0,0
N0SND000406,55,13:30-13:45,150,130.21,0,0,0,0,0,0
N0SND000406,56,13:45-14:00,150,130.21,0,0,0,0,0,0
N0SND000406,57,14:00-14:15,150,130.3,0,0,0,0,0,0
N0SND000406,58,14:15-14:30,150,134.14,0,0,0,0,0,0
N0SND000406,59,14:30-14:45,150,138.28,0,0,0,0,0,0
N0SND000406,60,14:45-15:00,150,138.17,0,0,0,0,0,0
N0SND000406,61,15:00-15:15,150,145.21,0,0,0,0,0,0
N0SND000406,62,15:15-15:30,150,145.21,0,0,0,0,0,0
N0SND000406,63,15:30-15:45,150,145.41,0,0,0,0,0,0
N0SND000406,64,15:45-16:00,150,145.41,0,0,0,0,0,0
N0SND000406,65,16:00-16:15,150,141.32,0,0,0,0,0,0
N0SND000406,66,16:15-16:30,150,141.32,0,0,0,0,0,0
N0SND000406,67,16:30-16:45,150,140.34,0,0,0,0,0,0
N0SND000406,68,16:45-17:00,150,140.19,0,0,0,0,0,0
N0SND000406,69,17:00-17:15,150,136.73,0,0,0,0,0,0
N0SND000406,70,17:15-17:30,150,136.73,0,0,0,0,0,0
N0SND000406,71,17:30-17:45,150,136.73,0,0,0,0,0,0
N0SND000406,72,17:45-18:00,150,136.73,0,0,0,0,0,0
N0SND000406,73,18:00-18:15,150,136.38,0,0,0,0,0,0
N0SND000406,74,18:15-18:30,150,136.04,0,0,0,0,0,0
N0SND000406,75,18:30-18:45,150,159.38,0,0,0,0,0,0
N0SND000406,76,18:45-19:00,150,161.11,0,0,0,0,0,0
N0SND000406,77,19:00-19:15,150,160.42,0,0,0,0,0,0
N0SND000406,78,19:15-19:30,150,161.06,0,0,0,0,0,0
N0SND000406,79,19:30-19:45,150,161.06,0,0,0,0,0,0
N0SND000406,80,19:45-20:00,150,161.4,0,0,0,0,0,0
N0SND000406,81,20:00-20:15,150,160.5,0,0,0,0,0,0
N0SND000406,82,20:15-20:30,150,160.5,0,0,0,0,0,0
N0SND000406,83,20:30-20:45,150,160.5,0,0,0,0,0,0
N0SND000406,84,20:45-21:00,150,158,0,0,0,0,0,0
N0SND000406,85,21:00-21:15,150,158,0,0,0,0,0,0
N0SND000406,86,21:15-21:30,150,158,0,0,0,0,0,0
N0SND000406,87,21:30-21:45,150,160.56,0,0,0,0,0,0
N0SND000406,88,21:45-22:00,150,160.5,0,0,0,0,0,0
N0SND000406,89,22:00-22:15,150,160.5,0,0,0,0,0,0
N0SND000406,90,22:15-22:30,150,160.5,0,0,0,0,0,0
N0SND000406,91,22:30-22:45,150,157.75,0,0,0,0,0,0
N0SND000406,92,22:45-23:00,150,157.85,0,0,0,0,0,0
N0SND000406,93,23:00-23:15,150,158.16,0,0,0,0,0,0
N0SND000406,94,23:15-23:30,150,158.16,0,0,0,0,0,0
N0SND000406,95,23:30-23:45,150,158.37,0,0,0,0,0,0
N0SND000406,96,23:45-24:00,150,158.37,0,0,0,0,0,0
N0SPC600641,1,00:00-00:15,20,16.39,0,0,0,0,0,0
N0SPC600641,2,00:15-00:30,20,12.93,0,0,0,0,0,0
N0SPC600641,3,00:30-00:45,20,12.54,0,0,0,0,0,0
N0SPC600641,4,00:45-01:00,20,13.76,0,0,0,0,0,0
N0SPC600641,5,01:00-01:15,20,9.98,0,0,0,0,0,0
N0SPC600641,6,01:15-01:30,20,10.28,0,0,0,0,0,0
N0SPC600641,7,01:30-01:45,20,10.81,0,0,0,0,0,0
N0SPC600641,8,01:45-02:00,20,10.65,0,0,0,0,0,0
N0SPC600641,9,02:00-02:15,20,11.62,0,0,0,0,0,0
N0SPC600641,10,02:15-02:30,20,11.65,0,0,0,0,0,0
N0SPC600641,11,02:30-02:45,20,12.91,0,0,0,0,0,0
N0SPC600641,12,02:45-03:00,20,12.47,0,0,0,0,0,0
N0SPC600641,13,03:00-03:15,20,14.01,0,0,0,0,0,0
N0SPC600641,14,03:15-03:30,20,15.91,0,0,0,0,0,0
N0SPC600641,15,03:30-03:45,20,15.26,0,0,0,0,0,0
N0SPC600641,16,03:45-04:00,20,16.5,0,0,0,0,0,0
N0SPC600641,17,04:00-04:15,20,16.78,0,0,0,0,0,0
N0SPC600641,18,04:15-04:30,20,18.04,0,0,0,0,0,0
N0SPC600641,19,04:30-04:45,20,18.04,0,0,0,0,0,0
N0SPC600641,20,04:45-05:00,20,18.04,0,0,0,0,0,0
N0SPC600641,21,05:00-05:15,20,18.04,0,0,0,0,0,0
N0SPC600641,22,05:15-05:30,20,18.04,0,0,0,0,0,0
N0SPC600641,23,05:30-05:45,20,18.04,0,0,0,0,0,0
N0SPC600641,24,05:45-06:00,20,18.04,0,0,0,0,0,0
N0SPC600641,25,06:00-06:15,20,18.04,0,0,0,0,0,0
N0SPC600641,26,06:15-06:30,20,18.04,0,0,0,0,0,0
N0SPC600641,27,06:30-06:45,20,18.04,0,0,0,0,0,0
N0SPC600641,28,06:45-07:00,20,18.04,0,0,0,0,0,0
N0SPC600641,29,07:00-07:15,20,18.04,0,0,0,0,0,0
N0SPC600641,30,07:15-07:30,20,18.04,0,0,0,0,0,0
N0SPC600641,31,07:30-07:45,20,18.04,0,0,0,0,0,0
N0SPC600641,32,07:45-08:00,20,18.04,0,0,0,0,0,0
N0SPC600641,33,08:00-08:15,20,18.04,0,0,0,0,0,0
N0SPC600641,34,08:15-08:30,20,18.04,0,0,0,0,0,0
N0SPC600641,35,08:30-08:45,20,18.04,0,0,0,0,0,0
N0SPC600641,36,08:45-09:00,20,16.8,0,0,0,0,0,0
N0SPC600641,37,09:00-09:15,20,18.04,0,0,0,0,0,0
N0SPC600641,38,09:15-09:30,20,18.04,0,0,0,0,0,0
N0SPC600641,39,09:30-09:45,20,18.04,0,0,0,0,0,0
N0SPC600641,40,09:45-10:00,20,18.04,0,0,0,0,0,0
N0SPC600641,41,10:00-10:15,20,18.04,0,0,0,0,0,0
N0SPC600641,42,10:15-10:30,20,18.04,0,0,0,0,0,0
N0SPC600641,43,10:30-10:45,20,18.04,0,0,0,0,0,0
N0SPC600641,44,10:45-11:00,20,16.55,0,0,0,0,0,0
N0SPC600641,45,11:00-11:15,20,17.43,0,0,0,0,0,0
N0SPC600641,46,11:15-11:30,20,17.17,0,0,0,0,0,0
N0SPC600641,47,11:30-11:45,20,18.04,0,0,0,0,0,0
N0SPC600641,48,11:45-12:00,20,17.77,0,0,0,0,0,0
N0SPC600641,49,12:00-12:15,20,18.04,0,0,0,0,0,0
N0SPC600641,50,12:15-12:30,20,18.04,0,0,0,0,0,0
N0SPC600641,51,12:30-12:45,20,18.04,0,0,0,0,0,0
N0SPC600641,52,12:45-13:00,20,18.04,0,0,0,0,0,0
N0SPC600641,53,13:00-13:15,20,18.04,0,0,0,0,0,0
N0SPC600641,54,13:15-13:30,20,18.04,0,0,0,0,0,0
N0SPC600641,55,13:30-13:45,20,18.04,0,0,0,0,0,0
N0SPC600641,56,13:45-14:00,20,18.04,0,0,0,0,0,0
N0SPC600641,57,14:00-14:15,20,18.04,0,0,0,0,0,0
N0SPC600641,58,14:15-14:30,20,18.04,0,0,0,0,0,0
N0SPC600641,59,14:30-14:45,20,18.04,0,0,0,0,0,0
N0SPC600641,60,14:45-15:00,20,18.04,0,0,0,0,0,0
N0SPC600641,61,15:00-15:15,20,18.04,0,0,0,0,0,0
N0SPC600641,62,15:15-15:30,20,18.04,0,0,0,0,0,0
N0SPC600641,63,15:30-15:45,20,18.04,0,0,0,0,0,0
N0SPC600641,64,15:45-16:00,20,18.04,0,0,0,0,0,0
N0SPC600641,65,16:00-16:15,20,18.04,0,0,0,0,0,0
N0SPC600641,66,16:15-16:30,20,18.04,0,0,0,0,0,0
N0SPC600641,67,16:30-16:45,20,18.04,0,0,0,0,0,0
N0SPC600641,68,16:45-17:00,20,18.04,0,0,0,0,0,0
N0SPC600641,69,17:00-17:15,20,18.04,0,0,0,0,0,0
N0SPC600641,70,17:15-17:30,20,18.04,0,0,0,0,0,0
N0SPC600641,71,17:30-17:45,20,18.04,0,0,0,0,0,0
N0SPC600641,72,17:45-18:00,20,18.04,0,0,0,0,0,0
N0SPC600641,73,18:00-18:15,20,18.04,0,0,0,0,0,0
N0SPC600641,74,18:15-18:30,20,18.04,0,0,0,0,0,0
N0SPC600641,75,18:30-18:45,20,18.04,0,0,0,0,0,0
N0SPC600641,76,18:45-19:00,20,18.04,0,0,0,0,0,0
N0SPC600641,77,19:00-19:15,20,18.04,0,0,0,0,0,0
N0SPC600641,78,19:15-19:30,20,18.04,0,0,0,0,0,0
N0SPC600641,79,19:30-19:45,20,18.04,0,0,0,0,0,0
N0SPC600641,80,19:45-20:00,20,18.04,0,0,0,0,0,0
N0SPC600641,81,20:00-20:15,20,18.04,0,0,0,0,0,0
N0SPC600641,82,20:15-20:30,20,18.04,0,0,0,0,0,0
N0SPC600641,83,20:30-20:45,20,18.04,0,0,0,0,0,0
N0SPC600641,84,20:45-21:00,20,18.04,0,0,0,0,0,0
N0SPC600641,85,21:00-21:15,20,18.04,0,0,0,0,0,0
N0SPC600641,86,21:15-21:30,20,18.04,0,0,0,0,0,0
N0SPC600641,87,21:30-21:45,20,18.04,0,0,0,0,0,0
N0SPC600641,88,21:45-22:00,20,18.04,0,0,0,0,0,0
N0SPC600641,89,22:00-22:15,20,18.04,0,0,0,0,0,0
N0SPC600641,90,22:15-22:30,20,18.04,0,0,0,0,0,0
N0SPC600641,91,22:30-22:45,20,18.04,0,0,0,0,0,0
N0SPC600641,92,22:45-23:00,20,18.04,0,0,0,0,0,0
N0SPC600641,93,23:00-23:15,20,18.04,0,0,0,0,0,0
N0SPC600641,94,23:15-23:30,20,15.52,0,0,0,0,0,0
N0SPC600641,95,23:30-23:45,20,16.75,0,0,0,0,0,0
N0SPC600641,96,23:45-24:00,20,17.83,0,0,0,0,0,0
N0SGE200469,1,00:00-00:15,0,0.28,0,0,0,0,0,0
N0SGE200469,2,00:15-00:30,0,0.28,0,0,0,0,0,0
N0SGE200469,3,00:30-00:45,0,0.28,0,0,0,0,0,0
N0SGE200469,4,00:45-01:00,0,0.28,0,0,0,0,0,0
N0SGE200469,5,01:00-01:15,0,0.28,0,0,0,0,0,0
N0SGE200469,6,01:15-01:30,0,0.28,0,0,0,0,0,0
N0SGE200469,7,01:30-01:45,0,0.28,0,0,0,0,0,0
N0SGE200469,8,01:45-02:00,0,0.28,0,0,0,0,0,0
N0SGE200469,9,02:00-02:15,0,0.28,0,0,0,0,0,0
N0SGE200469,10,02:15-02:30,0,0.28,0,0,0,0,0,0
N0SGE200469,11,02:30-02:45,0,0.28,0,0,0,0,0,0
N0SGE200469,12,02:45-03:00,0,0.28,0,0,0,0,0,0
N0SGE200469,13,03:00-03:15,0,0.28,0,0,0,0,0,0
N0SGE200469,14,03:15-03:30,0,0.28,0,0,0,0,0,0
N0SGE200469,15,03:30-03:45,0,0.28,0,0,0,0,0,0
N0SGE200469,16,03:45-04:00,0,0.28,0,0,0,0,0,0
N0SGE200469,17,04:00-04:15,0,0.28,0,0,0,0,0,0
N0SGE200469,18,04:15-04:30,0,0.28,0,0,0,0,0,0
N0SGE200469,19,04:30-04:45,0,0.28,0,0,0,0,0,0
N0SGE200469,20,04:45-05:00,0,0.28,0,0,0,0,0,0
N0SGE200469,21,05:00-05:15,0,0.28,0,0,0,0,0,0
N0SGE200469,22,05:15-05:30,0,0.28,0,0,0,0,0,0
N0SGE200469,23,05:30-05:45,0,0.28,0,0,0,0,0,0
N0SGE200469,24,05:45-06:00,0,0.28,0,0,0,0,0,0
N0SGE200469,25,06:00-06:15,0,0.28,0,0,0,0,0,0
N0SGE200469,26,06:15-06:30,0,0.28,0,0,0,0,0,0
N0SGE200469,27,06:30-06:45,0,0.28,0,0,0,0,0,0
N0SGE200469,28,06:45-07:00,0,0.28,0,0,0,0,0,0
N0SGE200469,29,07:00-07:15,0,0.28,0,0,0,0,0,0
N0SGE200469,30,07:15-07:30,0,0.28,0,0,0,0,0,0
N0SGE200469,31,07:30-07:45,0,0.28,0,0,0,0,0,0
N0SGE200469,32,07:45-08:00,0,0.28,0,0,0,0,0,0
N0SGE200469,33,08:00-08:15,0,0.28,0,0,0,0,0,0
N0SGE200469,34,08:15-08:30,0,0.28,0,0,0,0,0,0
N0SGE200469,35,08:30-08:45,0,0.28,0,0,0,0,0,0
N0SGE200469,36,08:45-09:00,0,0.28,0,0,0,0,0,0
N0SGE200469,37,09:00-09:15,0,0.28,0,0,0,0,0,0
N0SGE200469,38,09:15-09:30,0,0.28,0,0,0,0,0,0
N0SGE200469,39,09:30-09:45,0,0.28,0,0,0,0,0,0
N0SGE200469,40,09:45-10:00,0,0.28,0,0,0,0,0,0
N0SGE200469,41,10:00-10:15,0,0.28,0,0,0,0,0,0
N0SGE200469,42,10:15-10:30,0,0.28,0,0,0,0,0,0
N0SGE200469,43,10:30-10:45,0,0.28,0,0,0,0,0,0
N0SGE200469,44,10:45-11:00,0,0.28,0,0,0,0,0,0
N0SGE200469,45,11:00-11:15,0,0.28,0,0,0,0,0,0
N0SGE200469,46,11:15-11:30,0,0.28,0,0,0,0,0,0
N0SGE200469,47,11:30-11:45,0,0.28,0,0,0,0,0,0
N0SGE200469,48,11:45-12:00,0,0.28,0,0,0,0,0,0
N0SGE200469,49,12:00-12:15,0,0.28,0,0,0,0,0,0
N0SGE200469,50,12:15-12:30,0,0.28,0,0,0,0,0,0
N0SGE200469,51,12:30-12:45,0,0.28,0,0,0,0,0,0
N0SGE200469,52,12:45-13:00,0,0.28,0,0,0,0,0,0
N0SGE200469,53,13:00-13:15,0,0.28,0,0,0,0,0,0
N0SGE200469,54,13:15-13:30,0,0.28,0,0,0,0,0,0
N0SGE200469,55,13:30-13:45,0,0.28,0,0,0,0,0,0
N0SGE200469,56,13:45-14:00,0,0.28,0,0,0,0,0,0
N0SGE200469,57,14:00-14:15,0,0.28,0,0,0,0,0,0
N0SGE200469,58,14:15-14:30,0,0.28,0,0,0,0,0,0
N0SGE200469,59,14:30-14:45,0,0.28,0,0,0,0,0,0
N0SGE200469,60,14:45-15:00,0,0.28,0,0,0,0,0,0
N0SGE200469,61,15:00-15:15,0,0.28,0,0,0,0,0,0
N0SGE200469,62,15:15-15:30,0,0.28,0,0,0,0,0,0
N0SGE200469,63,15:30-15:45,0,0.28,0,0,0,0,0,0
N0SGE200469,64,15:45-16:00,0,0.28,0,0,0,0,0,0
N0SGE200469,65,16:00-16:15,0,0.28,0,0,0,0,0,0
N0SGE200469,66,16:15-16:30,0,0.28,0,0,0,0,0,0
N0SGE200469,67,16:30-16:45,0,0.28,0,0,0,0,0,0
N0SGE200469,68,16:45-17:00,0,0.28,0,0,0,0,0,0
N0SGE200469,69,17:00-17:15,0,0.28,0,0,0,0,0,0
N0SGE200469,70,17:15-17:30,0,0.28,0,0,0,0,0,0
N0SGE200469,71,17:30-17:45,0,0.28,0,0,0,0,0,0
N0SGE200469,72,17:45-18:00,0,0.28,0,0,0,0,0,0
N0SGE200469,73,18:00-18:15,0,0.28,0,0,0,0,0,0
N0SGE200469,74,18:15-18:30,0,0.28,0,0,0,0,0,0
N0SGE200469,75,18:30-18:45,0,0.28,0,0,0,0,0,0
N0SGE200469,76,18:45-19:00,0,0.28,0,0,0,0,0,0
N0SGE200469,77,19:00-19:15,0,0.28,0,0,0,0,0,0
N0SGE200469,78,19:15-19:30,0,0.28,0,0,0,0,0,0
N0SGE200469,79,19:30-19:45,0,0.28,0,0,0,0,0,0
N0SGE200469,80,19:45-20:00,0,0.28,0,0,0,0,0,0
N0SGE200469,81,20:00-20:15,0,0.28,0,0,0,0,0,0
N0SGE200469,82,20:15-20:30,0,0.28,0,0,0,0,0,0
N0SGE200469,83,20:30-20:45,0,0.28,0,0,0,0,0,0
N0SGE200469,84,20:45-21:00,0,0.28,0,0,0,0,0,0
N0SGE200469,85,21:00-21:15,0,0.28,0,0,0,0,0,0
N0SGE200469,86,21:15-21:30,0,0.28,0,0,0,0,0,0
N0SGE200469,87,21:30-21:45,0,0.28,0,0,0,0,0,0
N0SGE200469,88,21:45-22:00,0,0.28,0,0,0,0,0,0
N0SGE200469,89,22:00-22:15,0,0.28,0,0,0,0,0,0
N0SGE200469,90,22:15-22:30,0,0.28,0,0,0,0,0,0
N0SGE200469,91,22:30-22:45,0,0.28,0,0,0,0,0,0
N0SGE200469,92,22:45-23:00,0,0.28,0,0,0,0,0,0
N0SGE200469,93,23:00-23:15,0,0.28,0,0,0,0,0,0
N0SGE200469,94,23:15-23:30,0,0.28,0,0,0,0,0,0
N0SGE200469,95,23:30-23:45,0,0.28,0,0,0,0,0,0
N0SGE200469,96,23:45-24:00,0,0.28,0,0,0,0,0,0
N0SAJ200337,1,00:00-00:15,33,0,0,0,0,0,0,0
N0SAJ200337,2,00:15-00:30,33,0,0,0,0,0,0,0
N0SAJ200337,3,00:30-00:45,33,0,0,0,0,0,0,0
N0SAJ200337,4,00:45-01:00,33,0,0,0,0,0,0,0
N0SAJ200337,5,01:00-01:15,33,0,0,0,0,0,0,0
N0SAJ200337,6,01:15-01:30,33,0,0,0,0,0,0,0
N0SAJ200337,7,01:30-01:45,33,0,0,0,0,0,0,0
N0SAJ200337,8,01:45-02:00,33,0,0,0,0,0,0,0
N0SAJ200337,9,02:00-02:15,33,0,0,0,0,0,0,0
N0SAJ200337,10,02:15-02:30,33,0,0,0,0,0,0,0
N0SAJ200337,11,02:30-02:45,33,0,0,0,0,0,0,0
N0SAJ200337,12,02:45-03:00,33,0,0,0,0,0,0,0
N0SAJ200337,13,03:00-03:15,33,0,0,0,0,0,0,0
N0SAJ200337,14,03:15-03:30,33,0,0,0,0,0,0,0
N0SAJ200337,15,03:30-03:45,33,0,0,0,0,0,0,0
N0SAJ200337,16,03:45-04:00,33,0,0,0,0,0,0,0
N0SAJ200337,17,04:00-04:15,33,0,0,0,0,0,0,0
N0SAJ200337,18,04:15-04:30,33,0,0,0,0,0,0,0
N0SAJ200337,19,04:30-04:45,33,0,0,0,0,0,0,0
N0SAJ200337,20,04:45-05:00,33,0,0,0,0,0,0,0
N0SAJ200337,21,05:00-05:15,33,0,0,0,0,0,0,0
N0SAJ200337,22,05:15-05:30,33,0,0,0,0,0,0,0
N0SAJ200337,23,05:30-05:45,33,0,0,0,0,0,0,0
N0SAJ200337,24,05:45-06:00,33,0,0,0,0,0,0,0
N0SAJ200337,25,06:00-06:15,33,0,0,0,0,0,0,0
N0SAJ200337,26,06:15-06:30,33,0,0,0,0,0,0,0
N0SAJ200337,27,06:30-06:45,33,0,0,0,0,0,0,0
N0SAJ200337,28,06:45-07:00,33,0,0,0,0,0,0,0
N0SAJ200337,29,07:00-07:15,33,0,0,0,0,0,0,0
N0SAJ200337,30,07:15-07:30,33,0,0,0,0,0,0,0
N0SAJ200337,31,07:30-07:45,33,0,0,0,0,0,0,0
N0SAJ200337,32,07:45-08:00,33,0,0,0,0,0,0,0
N0SAJ200337,33,08:00-08:15,33,0,0,0,0,0,0,0
N0SAJ200337,34,08:15-08:30,33,0,0,0,0,0,0,0
N0SAJ200337,35,08:30-08:45,33,0,0,0,0,0,0,0
N0SAJ200337,36,08:45-09:00,33,0,0,0,0,0,0,0
N0SAJ200337,37,09:00-09:15,33,0,0,0,0,0,0,0
N0SAJ200337,38,09:15-09:30,33,0,0,0,0,0,0,0
N0SAJ200337,39,09:30-09:45,33,0,0,0,0,0,0,0
N0SAJ200337,40,09:45-10:00,33,0,0,0,0,0,0,0
N0SAJ200337,41,10:00-10:15,33,0,0,0,0,0,0,0
N0SAJ200337,42,10:15-10:30,33,0,0,0,0,0,0,0
N0SAJ200337,43,10:30-10:45,33,0,0,0,0,0,0,0
N0SAJ200337,44,10:45-11:00,33,0,0,0,0,0,0,0
N0SAJ200337,45,11:00-11:15,33,0,0,0,0,0,0,0
N0SAJ200337,46,11:15-11:30,33,0,0,0,0,0,0,0
N0SAJ200337,47,11:30-11:45,33,0,0,0,0,0,0,0
N0SAJ200337,48,11:45-12:00,33,0,0,0,0,0,0,0
N0SAJ200337,49,12:00-12:15,33,0,0,0,0,0,0,0
N0SAJ200337,50,12:15-12:30,33,0,0,0,0,0,0,0
N0SAJ200337,51,12:30-12:45,33,0,0,0,0,0,0,0
N0SAJ200337,52,12:45-13:00,33,0,0,0,0,0,0,0
N0SAJ200337,53,13:00-13:15,33,0,0,0,0,0,0,0
N0SAJ200337,54,13:15-13:30,33,0,0,0,0,0,0,0
N0SAJ200337,55,13:30-13:45,33,0,0,0,0,0,0,0
N0SAJ200337,56,13:45-14:00,33,0,0,0,0,0,0,0
N0SAJ200337,57,14:00-14:15,33,0,0,0,0,0,0,0
N0SAJ200337,58,14:15-14:30,33,0,0,0,0,0,0,0
N0SAJ200337,59,14:30-14:45,33,0,0,0,0,0,0,0
N0SAJ200337,60,14:45-15:00,33,0,0,0,0,0,0,0
N0SAJ200337,61,15:00-15:15,33,0,0,0,0,0,0,0
N0SAJ200337,62,15:15-15:30,33,0,0,0,0,0,0,0
N0SAJ200337,63,15:30-15:45,33,0,0,0,0,0,0,0
N0SAJ200337,64,15:45-16:00,33,0,0,0,0,0,0,0
N0SAJ200337,65,16:00-16:15,33,0,0,0,0,0,0,0
N0SAJ200337,66,16:15-16:30,33,0,0,0,0,0,0,0
N0SAJ200337,67,16:30-16:45,33,0,0,0,0,0,0,0
N0SAJ200337,68,16:45-17:00,33,0,0,0,0,0,0,0
N0SAJ200337,69,17:00-17:15,33,0,0,0,0,0,0,0
N0SAJ200337,70,17:15-17:30,33,0,0,0,0,0,0,0
N0SAJ200337,71,17:30-17:45,33,0,0,0,0,0,0,0
N0SAJ200337,72,17:45-18:00,33,0,0,0,0,0,0,0
N0SAJ200337,73,18:00-18:15,33,0,0,0,0,0,0,0
N0SAJ200337,74,18:15-18:30,33,0,0,0,0,0,0,0
N0SAJ200337,75,18:30-18:45,33,0,0,0,0,0,0,0
N0SAJ200337,76,18:45-19:00,33,0,0,0,0,0,0,0
N0SAJ200337,77,19:00-19:15,33,0,0,0,0,0,0,0
N0SAJ200337,78,19:15-19:30,33,0,0,0,0,0,0,0
N0SAJ200337,79,19:30-19:45,33,0,0,0,0,0,0,0
N0SAJ200337,80,19:45-20:00,33,0,0,0,0,0,0,0
N0SAJ200337,81,20:00-20:15,33,0,0,0,0,0,0,0
N0SAJ200337,82,20:15-20:30,33,0,0,0,0,0,0,0
N0SAJ200337,83,20:30-20:45,33,0,0,0,0,0,0,0
N0SAJ200337,84,20:45-21:00,33,0,0,0,0,0,0,0
N0SAJ200337,85,21:00-21:15,33,0,0,0,0,0,0,0
N0SAJ200337,86,21:15-21:30,33,0,0,0,0,0,0,0
N0SAJ200337,87,21:30-21:45,33,0,0,0,0,0,0,0
N0SAJ200337,88,21:45-22:00,33,0,0,0,0,0,0,0
N0SAJ200337,89,22:00-22:15,33,0,0,0,0,0,0,0
N0SAJ200337,90,22:15-22:30,33,0,0,0,0,0,0,0
N0SAJ200337,91,22:30-22:45,33,0,0,0,0,0,0,0
N0SAJ200337,92,22:45-23:00,33,0,0,0,0,0,0,0
N0SAJ200337,93,23:00-23:15,33,0,0,0,0,0,0,0
N0SAJ200337,94,23:15-23:30,33,0,0,0,0,0,0,0
N0SAJ200337,95,23:30-23:45,33,0,0,0,0,0,0,0
N0SAJ200337,96,23:45-24:00,33,0,0,0,0,0,0,0
