Timeslot,Revisionno,BTPS,PRAGATI,RPH,DADRI_T,GT_OC,CSGS,GT_RLNG,PRG_RLNG,DVC,GT_LF,GT_CC,PRG_G_CC,GT_RLG_C,GT_LF_CC,PG_RLG_C,REGULATE,MTPS6,JHAJJAR,NJPC,CCGT_OC,CCGT_CC,CCGT_RCC,CCGT_ROC,CLPJHAJR,MEJIA7,MAITHON,SECI,RITHL_CC,RITHL_OC,RITHL_RC,RITHL_RO,NHPC,DADRI_T2,ANTA_GF,AURY_GF,FARAKKA,RIHAND1,RIHAND2,RIHAND3,SASAN,SNGRAULI,UNCHHAR1,UNCHHAR2,UNCHHAR3,KAHLGAN1,KAHLGAN2,DADRI_GF,ANTA_RF,AURY_RF,DADRI_RF,KOLDAM,TH_HPP,KTWR_HEP,SEWA2,DMSWSL,NAPP,RAPPB,MUNDRA,RAMPUR,RAPPC,TALA,ANTA_LF,AURY_LF,DADRI_LF,URI,URI2,CHAMERA1,CHAMERA2,CHAMERA3,DHAULIGNGA,DULHASTI,PARBATI3,SALAL,TANAKPUR,BSIUL,UNCHAHAR4,PRG_CCLF,PRG_OCLF,CCGTCCSPOT,CCGTOCSPOT,SNG_HYDRO,SHEP,GIREL,RUMS_DMRC,SEIPL,THPPL,NHPPL,ANTA_CRF,AURY_CRF,DADR_CRF,ALFANR_I,ALFANR_II,ALFANR_III,ERCPL_FTG,ERPCL_FTG2,AP41PL_BHDL,ASE4PL,KUDGI,SRIJAN_M,SITAC_BRPL,SITAC_BYPL,TANDA2,KSHNGNGA,SOLAPUR,MEJA,TWEPL,GBHHPL,THAR_BYPL,THAR_BRPL,ASEJ2PL_BYPL,ASEJ2PL_TPDDL,CHANJUII,SECI_BRPL,SECI_BYPL,SECI_TPDDL,APSEPL_FTG
00:00-00:15,60DC2025/03/04,0,0,0,0,0,0,0,0,11.04,0,80.2501,165,0,0,165,0,3.68000000000001,183.43,0,0,50,0,0,0,4.25,0,0,0,0,0,0,0,178.47,0,0,0.850000000000001,3.75,4.85000000000001,2.54,37.02,5.82999999999998,0.709999999999997,1.94,0.939999999999998,1.86,6.06,0,43.99,70.81,59.73,0,0,0.359999999999999,0.660000000000002,0,0.849999999999998,0,0,0,1.04,0,0,0,0,1.44,1.32,0,0,0,0,16.48,0,1.64,0.24,0.279999999999999,0,0,0,1020,0,0.03,0,0,0,200,0,0,0,0,0,0,0,0,300,300,100,200,0,0,0,0,0,0,0,16.68,0,0,300,300,200,200,18.7,100,100,100,0
00:15-00:30,60DC2025/03/04,0,0,0,0,0,0,0,0,11.04,0,80.2501,165,0,0,165,0,3.68000000000001,166.38,0,0,50,0,0,0,4.25,0,0,0,0,0,0,0,156.25,0,0,0.850000000000001,3.75,4.85000000000001,2.54,20.83,5.69999999999999,0.709999999999997,1.52999999999999,0.939999999999998,1.86,6.06,0,43.99,70.81,59.73,0,0,0.359999999999999,0.660000000000002,0,0.849999999999998,0,0,0,1.04,0,0,0,0,1.44,1.32,0,0,0,0,0.67,0,2.84,0.24,0.279999999999999,0,0,0,1020,0,0.03,0,0,0,200,0,0,0,0,0,0,0,0,300,300,100,200,0,0,0,0,0,0,0,16.68,0,0,300,300,200,200,18.7,100,100,100,0
00:30-00:45,60DC2025/03/04,0,0,0,0,0,0,0,0,11.04,0,80.2501,165,0,0,165,0,3.68000000000001,166.38,0,0,50,0,0,0,4.25,0,0,0,0,0,0,0,204.21,0,0,0.850000000000001,3.75,4.85000000000001,2.54,8.24000000000001,5.69999999999999,0.709999999999997,1.52999999999999,0.939999999999998,1.86,6.06,0,44.21,70.81,59.73,0,0,0.359999999999999,0.660000000000002,0,0.849999999999998,0,0,0,1.04,0,0,0,0,1.44,1.32,0,0,0,0,0.67,0,2.84,0.24,0.279999999999999,0,0,0,1020,0,0.03,0,0,0,200,0,0,0,0,0,0,0,0,300,300,100,200,0,0,0,0,0,0,0,16.68,0,0,300,300,200,200,18.7,100,100,100,0
00:45-01:00,60DC2025/03/04,0,0,0,0,0,0,0,0,11.04,0,80.2501,165,0,0,165,0,3.68000000000001,166.38,0,0,50,0,0,0,4.25,0,0,0,0,0,0,0,202.18,0,0,0.850000000000001,3.75,4.85000000000001,2.54,7.34,5.69999999999999,0.709999999999997,1.52999999999999,0.939999999999998,1.86,6.06,0,44.21,70.81,59.73,0,0,0.359999999999999,0.660000000000002,0,0.849999999999998,0,0,0,1.04,0,0,0,0,1.44,1.32,0,0,0,0,0.67,0,2.84,0.24,0.279999999999999,0,0,0,1020,0,0.03,0,0,0,200,0,0,0,0,0,0,0,0,300,300,100,200,0,0,0,0,0,0,0,16.68,0,0,300,300,200,200,18.7,100,100,100,0
01:00-01:15,60DC2025/03/04,0,0,0,0,0,0,0,0,11.04,0,80.5002,165,0,0,165,0,3.68000000000001,166.38,0,0,50,0,0,0,4.25,0,0,0,0,0,0,0,252.17,0,0,0.850000000000001,3.75,4.85000000000001,2.54,7.34,5.69999999999999,0.709999999999997,1.52999999999999,0.939999999999998,1.86,6.06,0,44.21,70.81,59.73,0,0,0.359999999999999,0.660000000000002,0,0.849999999999998,0,0,0,1.04,0,0,0,0,1.44,1.32,0,0,0,0,0.67,0,2.84,0.24,0.279999999999999,0,0,0,1020,0,0.03,0,0,0,200,0,0,0,0,0,0,0,0,300,300,100,200,0,0,0,0,0,0,0,16.68,0,0,300,300,200,200,18.7,100,100,100,0
01:15-01:30,60DC2025/03/04,0,0,0,0,0,0,0,0,11.04,0,80.2501,165,0,0,165,0,3.68000000000001,166.38,0,0,50,0,0,0,4.25,0,0,0,0,0,0,0,252.17,0,0,0.850000000000001,3.75,4.85000000000001,2.54,7.34,5.69999999999999,0.709999999999997,1.52999999999999,0.939999999999998,1.86,6.06,0,44.21,70.81,59.73,0,0,0.359999999999999,0.660000000000002,0,0.849999999999998,0,0,0,1.04,0,0,0,0,1.44,1.32,0,0,0,0,0.67,0,1.09,0.24,0.279999999999999,0,0,0,1020,0,0.03,0,0,0,200,0,0,0,0,0,0,0,0,300,300,100,200,0,0,0,0,0,0,0,16.68,0,0,300,300,200,200,18.7,100,100,100,0
01:30-01:45,60DC2025/03/04,0,0,0,0,0,0,0,0,11.04,0,80.2501,165,0,0,165,0,3.68000000000001,166.38,0,0,50,0,0,0,4.25,0,0,0,0,0,0,0,252.17,0,0,0.850000000000001,3.75,4.85000000000001,2.54,7.34,5.69999999999999,0.709999999999997,1.52999999999999,0.939999999999998,1.86,6.06,0,44.21,70.81,59.73,0,0,0.359999999999999,0.660000000000002,0,0.849999999999998,0,0,0,1.04,0,0,0,0,1.44,1.32,0,0,0,0,0.67,0,1.09,0.24,0.279999999999999,0,0,0,1020,0,0.03,0,0,0,200,0,0,0,0,0,0,0,0,300,300,100,200,0,0,0,0,0,0,0,16.68,0,0,300,300,200,200,18.7,100,100,100,0
01:45-02:00,60DC2025/03/04,0,0,0,0,0,0,0,0,11.04,0,80.2501,165,0,0,165,0,3.68000000000001,166.38,0,0,50,0,0,0,4.25,0,0,0,0,0,0,0,252.17,0,0,0.850000000000001,3.75,4.85000000000001,2.54,7.34,5.69999999999999,0.709999999999997,1.52999999999999,0.939999999999998,1.86,6.06,0,44.21,70.81,59.73,0,0,0.359999999999999,0.660000000000002,0,0.849999999999998,0,0,0,1.04,0,0,0,0,1.44,1.32,0,0,0,0,0.67,0,1.09,0.24,0.279999999999999,0,0,0,1020,0,0.03,0,0,0,200,0,0,0,0,0,0,0,0,300,300,100,200,0,0,0,0,0,0,0,16.68,0,0,300,300,200,200,18.7,100,100,100,0
02:00-02:15,60DC2025/03/04,0,0,0,0,0,0,0,0,11.04,0,80.2501,165,0,0,165,0,3.68000000000001,166.38,0,0,50,0,0,0,4.25,0,0,0,0,0,0,0,370.31,0,0,0.850000000000001,3.75,4.85000000000001,2.54,7.34,5.69999999999999,0.709999999999997,1.52999999999999,0.939999999999998,1.86,6.06,0,44.21,70.81,59.73,0,0,0.359999999999999,0.660000000000002,0,0.849999999999998,0,0,0,1.04,0,0,0,0,1.44,1.32,0,0,0,0,0.67,0,1.09,0,0.279999999999999,0,0,0,1020,0,0.03,0,0,0,200,0,0,0,0,0,0,0,0,300,300,100,200,0,0,0,0,0,0,0,16.68,0,0,300,300,200,200,18.51,100,100,100,0
02:15-02:30,60DC2025/03/04,0,0,0,0,0,0,0,0,11.04,0,80.2501,165,0,0,165,0,3.68000000000001,203.23,0,0,50,0,0,0,4.25,0,0,0,0,0,0,0,418.27,0,0,0.850000000000001,3.75,4.85000000000001,2.54,7.34,5.69999999999999,0.709999999999997,1.52999999999999,0.939999999999998,1.86,6.06,0,44.42,70.81,59.73,0,0,0.359999999999999,0.660000000000002,0,0.849999999999998,0,0,0,1.04,0,0,0,0,1.44,1.32,0,0,0,0,0.67,0,1.09,0,0.279999999999999,0,0,0,1020,0,0.03,0,0,0,200,0,0,0,0,0,0,0,0,300,300,100,200,0,0,0,0,0,0,0,16.68,0,0,300,300,200,200,18.51,100,100,100,0
02:30-02:45,60DC2025/03/04,0,0,0,0,0,0,0,0,11.04,0,80.2501,165,0,0,165,0,3.68000000000001,204.19,0,0,50,0,0,0,4.25,0,0,0,0,0,0,0,418.27,0,0,0.850000000000001,3.75,4.85000000000001,2.54,7.34,5.69999999999999,1.04,2.14,1.33,1.86,6.06,0,44.21,70.81,59.73,0,0,0.359999999999999,0.660000000000002,0,0.849999999999998,0,0,0,1.04,0,0,0,0,1.44,1.32,0,0,0,0,0,0,1.09,0,0.279999999999999,0,0,0,1020,0,0.03,0,0,0,200,0,0,0,0,0,0,0,0,300,300,100,200,0,0,0,0,0,0,0,16.68,0,0,300,300,200,200,18.51,100,100,100,0
02:45-03:00,60DC2025/03/04,0,0,0,0,0,0,0,0,11.04,0,80.2501,165,0,0,165,0,3.68000000000001,204.19,0,0,50,0,0,0,4.25,0,0,0,0,0,0,0,418.27,0,0,0.850000000000001,3.75,4.85000000000001,2.54,7.34,5.69999999999999,1.04,2.14,1.33,1.86,6.06,0,44.21,70.81,59.73,0,0,0.359999999999999,0.660000000000002,0,0.849999999999998,0,0,0,1.04,0,0,0,0,1.44,1.32,0,0,0,0,0,0,1.09,0,0.279999999999999,0,0,0,1020,0,0.03,0,0,0,200,0,0,0,0,0,0,0,0,300,300,100,200,0,0,0,0,0,0,0,16.68,0,0,300,300,200,200,18.51,100,100,100,0
03:00-03:15,60DC2025/03/04,0,0,0,0,0,0,0,0,11.04,0,80.2501,165,0,0,165,0,3.68000000000001,204.19,0,0,50,0,0,0,4.25,0,0,0,0,0,0,0,418.27,0,0,0.850000000000001,3.75,4.85000000000001,2.54,7.34,5.69999999999999,4.93,9.29,5.67,1.86,6.06,0,44.42,70.81,59.73,0,0,0.359999999999999,0.660000000000002,0,0.849999999999998,0,0,0,1.04,0,0,0,0,1.44,1.26,0,0,0,0,0,0,0.549999999999999,0,0.279999999999999,0,0,0,1020,0,0.03,0,0,0,200,0,0,0,0,0,0,0,0,300,300,100,200,0,0,0,0,0,0,0,16.68,0,0,300,300,200,200,18.33,100,100,100,0
03:15-03:30,60DC2025/03/04,0,0,0,0,0,0,0,0,11.04,0,80.2501,165,0,0,165,0,3.68000000000001,204.19,0,0,50,0,0,0,4.25,0,0,0,0,0,0,0,418.27,0,0,0.850000000000001,3.75,4.85000000000001,2.54,7.34,5.69999999999999,4.93,9.29,5.67,1.86,6.06,0,44.42,70.81,59.73,0,0,0.359999999999999,0.660000000000002,0,0.849999999999998,0,0,0,1.04,0,0,0,0,1.44,1.26,0,0,0,0,0,0,0.549999999999999,0,0.279999999999999,0,0,0,1020,0,0.03,0,0,0,200,0,0,0,0,0,0,0,0,300,300,100,200,0,0,0,0,0,0,0,16.68,0,0,300,300,200,200,18.33,100,100,100,0
03:30-03:45,60DC2025/03/04,0,0,0,0,0,0,0,0,11.04,0,80.2501,165,0,0,165,0,3.68000000000001,203.32,0,0,50,0,0,0,4.25,0,0,0,0,0,0,0,418.27,0,0,0.850000000000001,3.75,4.85000000000001,2.54,17.89,5.69999999999999,4.93,9.29,5.67,1.86,6.06,0,44.42,70.81,59.73,0,0,0.359999999999999,0.660000000000002,0,0.849999999999998,0,0,0,1.04,0,0,0,0,1.44,1.21,0,0,0,0,0,0,0.549999999999999,0,0.529999999999999,0,0,0,1020,0,0.03,0,0,0,200,0,0,0,0,0,0,0,0,300,300,100,200,0,0,0,0,0,0,0,16.68,0,0,300,300,200,200,18.33,100,100,100,0
03:45-04:00,60DC2025/03/04,0,0,0,0,0,0,0,0,11.04,0,80.2501,165,0,0,165,0,3.68000000000001,203.32,0,0,50,0,0,0,4.25,0,0,0,0,0,0,0,418.27,0,0,0.850000000000001,3.75,4.85000000000001,2.54,11.65,5.69999999999999,1.14,2.6,1.63,1.86,6.06,0,44.52,70.81,59.73,0,0,0.359999999999999,0.660000000000002,0,0.849999999999998,0,0,0,1.04,0,0,0,0,1.44,1.21,0,0,0,0,0,0,0.539999999999999,0,0.529999999999999,0,0,0,1020,0,0.03,0,0,0,200,0,0,0,0,0,0,0,0,300,300,100,200,0,0,0,0,0,0,0,16.68,0,0,300,300,200,200,18.33,100,100,100,0
04:00-04:15,60DC2025/03/04,0,0,0,0,0,0,0,0,11.04,0,80.2501,165,0,0,165,0,3.68000000000001,167.14,0,0,50,0,0,0,4.25,0,0,0,0,0,0,0,414.56,0,0,0.850000000000001,3.75,4.85000000000001,2.54,9.53,5.69999999999999,0.709999999999997,1.52999999999999,0.939999999999998,1.86,6.06,0,44.52,70.81,59.73,0,0,0.359999999999999,0.660000000000002,0,0.849999999999998,0,0,0,1.04,0,0,0,0,1.44,1.21,0,0,0,0,0,0,0.539999999999999,0,0.529999999999999,0,0,0,1020,0,0.03,0,0,0,200,0,0,0,0,0,0,0,0,300,300,100,200,0,0,0,0,0,0,0,16.68,0,0,300,300,200,200,18.05,100,100,100,0
04:15-04:30,60DC2025/03/04,0,0,0,0,0,0,0,0,11.04,0,80.2501,165,0,0,165,0,3.68000000000001,156.79,0,0,50,0,0,0,4.25,0,0,0,0,0,0,0,348.09,0,0,0.850000000000001,3.75,4.85000000000001,2.54,9.75999999999999,5.69999999999999,0.709999999999997,1.52999999999999,0.939999999999998,1.86,6.06,0,44.52,70.81,59.73,0,0,0.359999999999999,0.660000000000002,0,0.849999999999998,0,0,0,1.04,0,0,0,0,1.44,1.21,0,0,0,0,0,0,0.539999999999999,0,0.529999999999999,0,0,0,1020,0,0.03,0,0,0,200,0,0,0,0,0,0,0,0,300,300,100,200,0,0,0,0,0,0,0,16.68,0,0,300,300,200,200,18.05,100,100,100,0
04:30-04:45,60DC2025/03/04,0,0,0,0,0,0,0,0,11.04,0,80.2501,165,0,0,165,0,3.68000000000001,137.6,0,0,50,0,0,0,4.25,0,0,0,0,0,0,0,348.09,0,0,0.850000000000001,3.75,4.85000000000001,2.54,13.15,5.69999999999999,0.84,1.72,1.07,1.86,6.06,0,44.52,70.81,59.73,0,0.49,0.359999999999999,0.660000000000002,0,0.849999999999998,0,0,0,1.04,0,0,0,0,1.44,1.21,0,0,0,0,0,0,0.539999999999999,0,0.529999999999999,0,0,0,1020,0,0.03,0,0,0,200,0,0,0,0,0,0,0,0,300,300,100,200,0,0,0,0,0,0,0,16.68,0,0,300,300,200,200,18.05,100,100,100,0
04:45-05:00,60DC2025/03/04,0,0,0,0,0,0,0,0,11.04,0,80.2501,165,0,0,165,0,3.68000000000001,80.05,0,0,50,0,0,0,4.25,0,0,0,0,0,0,0,280.95,0,0,0.850000000000001,3.75,4.85000000000001,2.54,13.84,5.69999999999999,0.84,1.72,1.07,1.86,6.06,0,44.52,70.81,59.73,0,0.49,0.359999999999999,0.660000000000002,0,0.849999999999998,0,0,0,1.04,0,0,0,0,1.44,1.21,0,0,0,0,0,0,0.539999999999999,0,0.529999999999999,0,0,0,1020,0,0.03,0,0,0,200,0,0,0,0,0,0,0,0,300,300,100,200,0,0,0,0,0,0,0,16.68,0,0,300,300,200,200,18.05,100,100,100,0
05:00-05:15,60DC2025/03/04,0,0,0,0,0,0,0,0,11.04,0,80.2501,165,0,0,165,0,3.68000000000001,17.73,0.850000000000001,0,50,0,0,0,4.25,0,0,0,0,0,0,0,72.07,0,0,0.850000000000001,3.75,4.85000000000001,2.54,14.53,5.69999999999999,0.84,1.72,1.07,1.86,6.06,0,44.52,70.81,59.73,0,0.990000000000002,0.359999999999999,0.660000000000002,0,0.849999999999998,0,0,0,1.04,0,0,0,0,1.44,0.990000000000002,0,0,0,0,0,0,0.539999999999999,0,0.529999999999999,0,0,0,1020,0,0.03,0,0,0,200,0,0,0,0,0,0,0,0,300,300,100,200,0,0,0,0,0,0,0,16.68,0,0,300,300,200,200,17.77,100,100,100,0
05:15-05:30,60DC2025/03/04,0,0,0,0,0,0,0,0,11.04,0,80.2501,165,0,0,165,0,3.68000000000001,17.73,0.850000000000001,0,50,0,0,0,4.25,0,0,0,0,0,0,0,116.99,0,0,0.850000000000001,3.75,4.85000000000001,2.54,15.21,5.69999999999999,0.84,1.72,1.07,1.86,6.06,0,44.52,70.81,59.73,0,1.48,0.359999999999999,0.660000000000002,0,0.849999999999998,0,0,0,1.04,0,0,0,0,1.44,0.990000000000002,0,0,0,0,0,0,0.539999999999999,0,0.529999999999999,0,0,0,1020,0,0.03,0,0,0,200,0,0,0,0,0,0,0,0,300,300,100,200,0,0,0,0,0,0,0,16.68,0,0,300,300,200,200,17.77,100,100,100,0
05:30-05:45,60DC2025/03/04,0,0,0,0,0,0,0,0,11.04,0,80.2501,165,0,0,165,0,3.68000000000001,17.73,1.84,0,50,0,0,0,4.25,0,0,0,0,0,0,0,129.54,0,0,0.850000000000001,3.75,4.85000000000001,2.54,15.9,5.69999999999999,0.84,1.72,1.07,1.86,6.06,0,44.73,70.81,59.73,0,1.48,0.359999999999999,0.660000000000002,0,0.849999999999998,0,0,0,1.04,0,0,0,0,1.44,0.990000000000002,0.57,0,0,0,0,0,0.539999999999999,0,0.529999999999999,0,0,0,1020,0,0.03,0,0,0,200,0,0,0,0,0,0,0,0,300,300,100,200,0,0,0,0,0,0,0,16.68,0,0,300,300,200,200,17.77,100,100,100,0
05:45-06:00,60DC2025/03/04,0,0,0,0,0,0,0,0,11.04,0,80.2501,165,0,0,165,0,3.68000000000001,17.73,1.84,0,50,0,0,0,4.25,0,0,0,0,0,0,0,103.97,0,0,0.850000000000001,3.75,4.85000000000001,2.54,16.59,5.69999999999999,0.84,1.72,1.07,1.86,6.06,0,44.73,70.81,59.73,0,1.48,0.359999999999999,0.660000000000002,0,0.849999999999998,0,0,0,1.04,0,0,0,0,1.44,0.990000000000002,1.13,0.1,0,0,0,0,0.539999999999999,0,0.529999999999999,0,0,0,1020,0,0.03,0,0,0,200,0,0,0,0,0,0,0,0,300,300,100,200,0,0,0,0,0,0,0,16.68,0,0,300,300,200,200,17.77,100,100,100,0
06:00-06:15,60DC2025/03/04,0,0,0,0,0,0,0,0,11.04,0,80.2501,165,0,0,165,0,3.68000000000001,17.73,1.84,0,50,0,0,0,4.25,0,0,0,0,0,0,0,56.01,0,0,0.850000000000001,3.75,4.85000000000001,2.54,17.27,5.69999999999999,0.84,1.72,1.07,1.86,6.06,0,44.73,70.81,59.73,0,1.48,0.359999999999999,0.660000000000002,0,0.849999999999998,0,0,0,1.04,0,0,0,0,1.61,0.990000000000002,1.72,0.539999999999999,0.390000000000001,0,0.67,0.16,0.539999999999999,0,0.529999999999999,0,0,0,1020,0,0.03,0,0,0,200,0,0,0,0,0,0,0,0,300,300,100,200,0,0,0,0,0,0,0,16.68,0,0,300,300,200,200,17.5,100,100,100,0
06:15-06:30,60DC2025/03/04,0,0,0,0,0,0,0,0,11.04,0,80.2501,165,0,0,165,0,3.68000000000001,17.73,2.51,0,36.3472,0,0,0,4.25,0,0,0,0,0,0,0,27.86,0,0,0.850000000000001,3.75,4.85000000000001,2.54,19.59,5.69999999999999,0.84,1.72,1.07,1.86,6.06,0,44.73,70.81,59.73,0,1.97000000000001,0.719999999999999,0.660000000000002,0,0.849999999999998,0,0,0,1.04,0,0,0,0,1.61,0.990000000000002,1.72,0.65,0.790000000000003,0.33,1.34,0.68,0.539999999999999,0,0.529999999999999,0,0,0,1020,0,0.03,0,0,0,200,0,0,0,0,0,0,0,0,300,300,100,200,0,0,0,0,0,0,0,16.68,0,0,300,300,200,200,17.5,100,100,100,0
06:30-06:45,60DC2025/03/04,0,0,0,0,0,0,0,0,11.04,0,80.2501,165,0,0,165,0,3.68000000000001,17.73,3.67,0,10,0,0,0,4.25,0,0,0,0,0,0,0,27.85,0,0,0.850000000000001,3.75,4.85000000000001,2.54,14.24,5.69999999999999,0.84,1.72,1.07,1.86,6.06,0,44.73,70.81,59.73,0,2.02,1.59,0.699999999999999,0,0.849999999999998,0,0,0,1.04,0,0,0,0,1.61,0.990000000000002,1.72,1.61,1.2,1.12,2.02,0.68,0.539999999999999,0,0.789999999999999,0,0,0,1020,0,0.03,0,0,0,0.19,0,0,0,0,0,0,0,0,300,300,100,200,0,0,0,0,0,0,0,16.68,0,0,300,300,200,200,17.5,100,100,100,0
06:45-07:00,60DC2025/03/04,0,0,0,0,0,0,0,0,11.04,0,80.2501,165,0,0,165,0,3.68000000000001,17.73,4.78,0,10,0,0,0,4.25,0,0,0,0,0,0,0,27.85,0,0,0.850000000000001,3.75,4.85000000000001,2.54,14.24,5.69999999999999,0.84,1.72,1.07,1.86,6.06,0,44.73,70.81,59.73,0,2.02,1.59,0.699999999999999,0,0.849999999999998,0,0,0,1.04,0,0,0,0,1.61,0.990000000000002,1.72,1.61,1.2,1.12,2.02,0.68,0.539999999999999,0,0.789999999999999,0,0,0,1020,0,0.03,0,0,0,3.09,0,0,0,0,0,0,0,0,300,300,100,200,0,0,0,0,0,0,0,16.68,0,0,300,300,200,200,17.5,100,100,100,0
07:00-07:15,60DC2025/03/04,0,0,0,0,0,0,0,0,11.04,0,80.2501,165,0,0,165,0,3.68000000000001,17.73,4.78,0,10,0,0,0,4.25,0,0,0,0,0,0,0,27.85,0,0,0.850000000000001,3.75,4.85000000000001,2.54,14.24,5.69999999999999,0.84,1.72,1.07,1.86,6.06,0,44.73,70.81,59.73,0,2.02,1.59,0.699999999999999,0,0.849999999999998,0,0,0,1.04,0,0,0,0,1.44,0.990000000000002,1.72,1.61,1.2,1.12,2.02,0.68,0.539999999999999,0.24,0.789999999999999,0,0,0,1020,0,0.03,0,0,0,9.38,0,0,0,0,0,0,0,0,0,0,0,0,0,0,0,0,0,0,0,16.68,0,0,300,0,0,0,17.32,100,100,100,0
07:15-07:30,60DC2025/03/04,0,0,0,0,0,0,0,0,11.04,0,80.2501,165,0,0,165,0,3.68000000000001,17.73,4.78,0,10,0,0,0,4.25,0,0.24,0,0,0,0,0,27.85,0,0,0.850000000000001,3.75,4.85000000000001,2.54,14.24,5.69999999999999,0.84,1.72,1.07,1.86,6.06,0,44.73,70.81,59.73,0,2.02,1.59,0.699999999999999,0,0.849999999999998,0,0,0,1.04,0,0,0,0,1.44,0.990000000000002,1.72,1.61,1.2,1.12,2.02,0.67,0.539999999999999,0.24,0.789999999999999,0,0,0,1020,0,0.03,0,0,0,16.3,0,0,0,0,0,0,0,0,0,0,0,0,0,0,0,0,0,0,0,16.68,0,0,0,0,0,0,17.32,0,0,0,0
07:30-07:45,60DC2025/03/04,0,0,0,0,0,0,0,0,11.04,0,80.2501,165,0,0,165,0,3.68000000000001,17.73,4.78,0,10,0,0,0,4.25,0,1.24,0,0,0,0,0,27.85,0,0,0.850000000000001,3.75,4.85000000000001,2.54,14.24,5.69999999999999,0.84,1.72,1.07,1.86,6.06,0,44.73,70.81,59.73,0,2.02,1.59,0.699999999999999,0,0.849999999999998,0,0,0,1.04,0,0,0,0,1.44,1.15,1.72,1.61,1.2,1.12,2.02,0.67,0.539999999999999,0.24,0.789999999999999,0,0,0,1020,0,0.03,0,0,0,24.55,0,0,0,0,0,0,0,0,0,0,0,0,0,0,0,0,0,0,0,16.68,0,0,0,0,0,0,17.32,0,0,0,0
07:45-08:00,60DC2025/03/04,0,0,0,0,0,0,0,0,11.04,0,80.2501,165,0,0,165,0,3.68000000000001,17.73,4.78,0,10,0,0,0,4.25,0,3.79,0,0,0,0,0,27.85,0,0,0.850000000000001,3.75,4.85000000000001,2.54,14.24,5.69999999999999,0.84,1.72,1.07,1.86,6.06,0,44.73,70.81,59.73,0,2.02,1.59,0.699999999999999,0,0.849999999999998,0,0,0,1.04,0,0,0,0,1.44,1.15,1.72,1.61,1.2,1.12,2.02,0.15,0.539999999999999,0.24,0.789999999999999,0,0,0,1020,0,0.03,0,0,0,34.9,0,0,0,0,0,0,0,0,0,0,0,0,0,0,0,0,0,0,0,16.68,0,0,0,0,0,0,17.32,0,0,0,0
08:00-08:15,60DC2025/03/04,0,0,0,0,0,0,0,0,11.04,0,80.2501,165,0,0,165,0,3.68000000000001,17.73,3.39,0,10,0,0,0,4.25,0,8.68,0,0,0,0,0,27.85,0,0,0.850000000000001,3.75,4.85000000000001,2.54,13.59,5.69999999999999,0.84,1.72,1.07,1.86,6.06,0,44.52,70.81,59.73,0,1.98,0.719999999999999,0.660000000000002,0,0.849999999999998,0,0,0,1.04,0,0,0,0,1.44,1.21,1.72,1.07,0.790000000000003,0.65,1.34,0,0.539999999999999,0.1,0.27,0,0,0,1020,0,0.03,0,0,0,46.78,0,0,0,0,0,0,0,0,0,0,0,0,0,0,0,0,0,0,0,16.68,0,0,0,0,0,0,17.13,0,0,0,0
08:15-08:30,60DC2025/03/04,0,0,0,0,0,0,0,0,11.04,0,80.2501,165,0,0,165,0,3.68000000000001,17.73,2.56,0,10,0,0,0,4.25,0,8.68,0,0,0,0,0,27.85,0,0,0.850000000000001,3.75,4.85000000000001,2.54,13.59,5.69999999999999,0.84,1.72,1.07,1.86,6.06,0,44.42,70.81,59.73,0,1.98,0.359999999999999,0.660000000000002,0,0.849999999999998,0,0,0,1.04,0,0,0,0,1.61,1.21,1.72,1.07,0.390000000000001,0.33,0.66,0,0.539999999999999,0.1,0.27,0,0,0,1020,0,0.03,0,0,0,59.44,0,0,0,0,0,0,0,0,0,0,0,0,0,0,0,0,0,0,0,16.68,0,0,0,0,0,0,17.13,0,0,0,0
08:30-08:45,60DC2025/03/04,0,0,0,0,0,0,0,0,11.04,0,80.2501,165,0,0,165,0,3.68000000000001,17.73,1.71,0,39.5632,0,0,0,4.25,0,11.5,0,0,0,0,0,56.0500000000001,0,0,0.850000000000001,3.75,4.85000000000001,2.54,13.59,5.69999999999999,0.84,1.72,1.07,1.86,6.06,0,44.42,70.81,59.73,0,1.98,0.359999999999999,0.660000000000002,0,0.849999999999998,0,0,0,1.04,0,0,0,0,1.61,1.21,1.72,0.539999999999999,0.390000000000001,0.05,0.67,0,0.539999999999999,0.06,0.27,0,0,0,1020,0,0.03,0,0,0,71.81,0,0,0,0,0,0,0,0,0,0,0,0,0,0,0,0,0,0,0,16.68,0,0,0,0,0,0,17.13,0,0,0,0
08:45-09:00,60DC2025/03/04,0,0,0,0,0,0,0,0,11.04,0,80.2501,165,0,0,165,0,3.68000000000001,17.73,1.71,0,49.1632,0,0,0,4.25,0,14.21,0,0,0,0,0,104.24,0,0,0.850000000000001,3.75,4.85000000000001,2.54,13.59,5.69999999999999,0.84,1.72,1.07,1.86,6.06,0,44.42,70.81,59.73,0,1.48,0.359999999999999,0.660000000000002,0,0.849999999999998,0,0,0,1.04,0,0,0,0,1.61,1.21,1.72,0.539999999999999,0.390000000000001,0,0.67,0,0.539999999999999,0.06,0.279999999999999,0,0,0,1020,0,0.03,0,0,0,83.3,0,0,0,0,0,0,0,0,0,0,0,0,0,0,0,0,0,0,0,16.68,0,0,0,0,0,0,17.13,0,0,0,0
09:00-09:15,60DC2025/03/04,0,0,0,0,0,0,0,0,11.04,0,80.2501,165,0,0,165,0,3.68000000000001,17.73,0.850000000000001,0,50,0,0,0,4.25,0,15.39,0,0,0,0,0,151.97,0,0,0.850000000000001,3.75,4.85000000000001,2.54,13.59,5.69999999999999,0.84,1.72,1.07,1.86,6.06,0,44.21,70.81,59.73,0,1.48,0.359999999999999,0.660000000000002,0,0.849999999999998,0,0,0,1.04,0,0,0,0,1.62,1.21,1.72,0.539999999999999,0.390000000000001,0,1.34,0,0.539999999999999,0.06,0.279999999999999,0,0,0,1010,0,0.03,0,50,0,94.08,0,0,0,0,0,0,0,0,0,0,0,0,0,0,0,0,0,0,0,16.68,0,0,0,0,0,0,16.95,0,0,0,0
09:15-09:30,60DC2025/03/04,0,0,0,0,0,0,0,0,11.04,0,80.2501,165,0,0,165,0,3.68000000000001,80.05,0.850000000000001,0,50,0,0,0,4.25,0,18.37,0,0,0,0,0,274.39,0,0,0.850000000000001,3.75,4.85000000000001,2.54,13.59,5.69999999999999,0.84,1.72,1.07,1.86,6.06,0,43.99,70.81,59.73,0,1.48,0.359999999999999,0.660000000000002,0,0.849999999999998,0,0,0,1.04,0,0,0,0,1.44,1.21,1.72,0.539999999999999,0.390000000000001,0,1.34,0,0.539999999999999,0.06,0.279999999999999,0,0,0,1010,0,0.03,0,50,0,104.25,0,0,0,0,0,0,0,0,0,0,0,0,0,0,0,0,0,0,0,16.68,0,0,0,0,0,0,16.95,0,0,0,0
09:30-09:45,60DC2025/03/04,0,0,0,0,0,0,0,0,11.63,0,80.2501,165,0,0,165,0,3.68000000000001,158.08,0,0,50,0,0,0,4.25,0,23.02,0,0,0,0,0,322.35,0,0,0.850000000000001,3.75,4.85000000000001,2.54,13.59,5.69999999999999,0.84,1.72,1.07,1.86,6.06,0,43.57,70.81,59.73,0,1.48,0.359999999999999,0.660000000000002,0,0.849999999999998,0,0,0,1.04,0,0,0,0,1.44,1.21,1.72,0.539999999999999,0.390000000000001,0,1.34,0,2.84,0.06,0.279999999999999,0,0,0,1010,0,0.03,0,50,0,113.65,0,0,0,0,0,0,0,0,0,0,0,0,0,0,0,0,0,0,0,16.68,0,0,0,0,0,0,16.95,0,0,0,0
09:45-10:00,60DC2025/03/04,0,0,0,0,0,0,0,0,45.26,0,80.2501,165,0,0,165,0,3.68000000000001,204.13,0,0,50,0,0,0,4.25,0,27.44,0,0,0,0,0,322.35,0,0,0.850000000000001,3.75,4.85000000000001,2.54,13.59,5.69999999999999,4.89,9.17,5.59,1.86,6.06,0,43.57,70.81,59.73,0,1.48,0.359999999999999,0.660000000000002,0,0.849999999999998,0,0,0,1.04,0,0,0,0,1.44,1.21,1.72,0.539999999999999,0.390000000000001,0,1.34,0,2.84,0.06,0.279999999999999,0,0,0,1010,0,0.03,0,50,0,122.06,0,0,0,0,0,0,0,0,0,0,0,0,0,0,0,0,0,0,0,16.68,0,0,0,0,0,0,16.95,0,0,0,0
10:00-10:15,60DC2025/03/04,0,0,0,0,0,0,0,0,98.24,0,80.2501,165,0,0,165,0,31.05,204.13,0,0,50,0,0,0,4.25,0,31.22,0,0,0,0,0,322.35,0,0,0.850000000000001,3.75,4.85000000000001,2.54,13.59,5.69999999999999,8.78,17.22,10.59,1.86,6.06,0,43.47,70.81,59.73,0,1.48,0.359999999999999,0.660000000000002,0,0.849999999999998,0,0,0,1.04,0,0,0,0,1.49,1.21,1.13,0.539999999999999,0.390000000000001,0,1.34,0,2.84,0.06,0.279999999999999,0,0,0,1010,0,0.03,0,50,0,129.44,0,0,0,0,0,0,0,0,0,0,0,0,0,0,0,0,0,0,0,16.68,0,0,0,0,0,0,16.76,0,0,0,0
10:15-10:30,60DC2025/03/04,0,0,0,0,0,0,0,0,98.24,0,80.2501,165,0,0,165,0,31.05,204.98,0,0,50,0,0,0,4.25,0,34.23,0,0,0,0,0,322.35,0,0,0.850000000000001,3.75,4.85000000000001,2.54,13.59,5.69999999999999,8.78,17.22,10.59,1.86,6.06,0,43.26,70.81,59.73,0,1.01,0.359999999999999,0.660000000000002,0,0.849999999999998,0,0,0,1.04,0,0,0,0,1.49,1.21,1.13,0.539999999999999,0.390000000000001,0,1.34,0,2.84,0.06,0.279999999999999,0,0,0,1010,0,0.03,0,50,0,129.28,0,0,0,0,0,0,0,0,0,0,0,0,0,0,0,0,0,0,0,16.68,0,0,0,0,0,0,16.76,0,0,0,0
10:30-10:45,60DC2025/03/04,0,0,0,0,0,0,0,0,98.24,0,80.2501,165,0,0,165,0,31.05,205.34,0,0,50,0,0,0,4.25,0,37,0,0,0,0,0,322.35,0,0,6.81,3.75,4.85000000000001,2.54,13.59,5.69999999999999,8.78,17.22,10.59,1.86,6.06,0,43.05,70.81,59.73,0,1.01,0.359999999999999,0.660000000000002,0,0.849999999999998,0,0,0,1.04,0,0,0,0,1.46,1.21,0.57,0.539999999999999,0,0,1.34,0,0.539999999999999,0.06,0.529999999999999,0,0,0,1010,0,0.03,0,50,0,135.41,0,0,0,0,0,0,0,0,0,0,0,0,0,0,0,0,0,0,0,16.68,0,0,0,0,0,0,16.76,0,0,0,0
10:45-11:00,60DC2025/03/04,0,0,0,0,0,0,0,0,98.24,0,80.2501,165,0,0,165,0,31.05,205.34,0,0,50,0,0,0,4.25,0,39.35,0,0,0,0,0,322.35,0,0,7.94,3.75,4.85000000000001,2.54,13.59,5.69999999999999,8.78,17.22,10.59,1.86,6.06,0,42.84,70.81,59.73,0,1.01,0.359999999999999,0.660000000000002,0,0.849999999999998,0,0,0,1.04,0,0,0,0,1.46,1.21,0.57,0.539999999999999,0,0,1.34,0,0.539999999999999,0.06,0.529999999999999,0,0,0,1010,0,0.03,0,50,0,141.05,0,0,0,0,0,0,0,0,0,0,0,0,0,0,0,0,0,0,0,16.68,0,0,0,0,0,0,16.76,0,0,0,0
11:00-11:15,60DC2025/03/04,0,0,0,0,0,0,0,0,128.64,0,80.2501,165,0,0,165,0,43.2,205.34,0,0,50,0,0,0,4.25,0,41.02,0,0,0,0,0,322.35,0,0,7.94,3.75,4.85000000000001,2.54,13.59,5.69999999999999,8.85,20.03,12.47,1.86,6.06,0,42.73,70.81,59.73,0,1.01,0.359999999999999,0.660000000000002,0,0.849999999999998,0,0,0,1.04,0,0,0,0,1.46,1.21,0,0.539999999999999,0,0,1.34,0,0.539999999999999,0.06,0.529999999999999,0,0,0,1010,0,0.03,0,50,0,145.08,0,0,0,0,0,0,0,0,0,0,0,0,0,0,0,0,0,0,0,16.68,0,0,0,0,0,0,16.76,0,0,0,0
11:15-11:30,60DC2025/03/04,0,0,0,0,0,0,0,0,128.64,0,80.2501,165,0,0,165,0,43.2,205.34,0,0,50,0,0,0,4.25,0,42.53,0,0,0,0,0,322.35,0,0,7.94,3.75,4.85000000000001,2.54,13.59,5.69999999999999,8.85,20.03,12.47,1.86,6.06,0,42.52,70.81,59.73,0,1.01,0.359999999999999,0.660000000000002,0,0.849999999999998,0,0,0,1.04,0,0,0,0,1.46,1.21,0,0.539999999999999,0,0,1.34,0,0.539999999999999,0.02,0.529999999999999,0,0,0,1010,0,0.03,0,50,0,147.4,0,0,0,0,0,0,0,0,0,0,0,0,0,0,0,0,0,0,0,16.68,0,0,0,0,0,0,16.76,0,0,0,0
11:30-11:45,60DC2025/03/04,0,0,0,0,0,0,0,0,128.64,0,80.2501,165,0,0,165,0,43.2,205.34,0,0,50,0,0,0,4.25,0,43.35,0,0,0,0,0,322.35,0,0,7.94,3.75,4.85000000000001,2.54,13.59,5.69999999999999,8.85,20.03,12.47,10.49,22.52,0,42.52,70.81,59.73,0,1.01,0.359999999999999,0.660000000000002,0,0.849999999999998,0,0,0,1.04,0,0,0,0,1.46,1.21,0,0.539999999999999,0,0,1.34,0,0.539999999999999,0.02,0.529999999999999,0,0,0,1010,0,0.03,0,50,0,148.51,0,0,0,0,0,0,0,0,0,0,0,0,0,0,0,0,0,0,0,16.68,0,0,0,0,0,0,16.76,0,0,0,0
11:45-12:00,60DC2025/03/04,0,0,0,0,0,0,0,0,128.64,0,80.2501,165,0,0,165,0,43.2,205.34,0,0,50,0,0,0,4.25,0,43.86,0,0,0,0,0,322.35,0,0,7.94,3.75,4.85000000000001,2.54,13.59,5.69999999999999,8.85,20.03,12.47,9.6,34.16,0,42.32,70.81,59.73,0,1.01,0.359999999999999,0.660000000000002,0,0.849999999999998,0,0,0,1.04,0,0,0,0,1.46,1.21,0,0.539999999999999,0,0,1.34,0,0.539999999999999,0.02,0.529999999999999,0,0,0,1010,0,0.03,0,50,0,150.42,0,0,0,0,0,0,0,0,0,0,0,0,0,0,0,0,0,0,0,16.68,0,0,0,0,0,0,16.76,0,0,0,0
12:00-12:15,60DC2025/03/04,0,0,0,0,0,0,0,0,128.64,0,80.2501,165,0,0,165,0,43.2,205.34,0,0,50,0,0,0,4.25,0,44.08,0,0,0,0,0,322.35,0,0,6.39,3.75,4.85000000000001,2.54,13.59,5.69999999999999,8.85,20.03,12.47,21.05,52.05,0,42.32,70.81,59.73,0,0.51,0.359999999999999,0.660000000000002,0,0.849999999999998,0,0,0,1.04,0,0,0,0,1.46,1.21,0,0.539999999999999,0,0,1.34,0,0.539999999999999,0.02,0.529999999999999,0,0,0,990,0,0.03,0,50,0,151.72,0,0,0,0,0,0,0,0,0,0,0,0,0,0,0,0,0,0,0,16.68,0,0,0,0,0,0,16.57,0,0,0,0
12:15-12:30,60DC2025/03/04,0,0,0,0,0,0,0,0,128.64,0,80.2501,165,0,0,165,0,43.2,205.34,0,0,50,0,0,0,4.25,0,44.14,0,0,0,0,0,360.71,0,0,6.39,3.75,4.85000000000001,2.54,13.59,5.69999999999999,8.82,20.03,12.47,21.05,52.05,0,42,70.81,59.73,0,0.51,0.359999999999999,0.660000000000002,0,0.849999999999998,0,0,0,1.04,0,0,0,0,1.46,1.21,0,0.539999999999999,0,0,1.34,0,0.539999999999999,0.02,0.279999999999999,0,0,0,990,0,0.03,0,50,0,152.43,0,0,0,0,0,0,0,0,0,0,0,0,0,0,0,0,0,0,0,16.68,0,0,0,0,0,0,16.57,0,0,0,0
12:30-12:45,60DC2025/03/04,0,0,0,0,0,0,0,0,128.64,0,80.2501,165,0,0,165,0,43.2,205.34,0,0,50,0,0,0,51.42,0,44.14,0,0,0,0,0,418.27,0,0,3.99,3.75,4.85000000000001,2.54,13.59,5.69999999999999,8.82,20.03,12.47,21.05,52.05,0,41.9,70.81,59.73,0,0,0.359999999999999,0.660000000000002,0,0.849999999999998,0,0,0,1.04,0,0,0,0,1.46,1.21,0,0,0,0,1.34,0,0.539999999999999,0.02,0.279999999999999,0,0,0,990,0,0.03,0,50,0,152.93,0,0,0,0,0,0,0,0,0,0,0,0,0,0,0,0,0,0,0,16.68,0,0,0,0,0,0,16.57,0,0,0,0
12:45-13:00,60DC2025/03/04,0,0,0,0,0,0,0,0,128.64,0,80.2501,165,0,0,165,0,43.2,205.34,0,0,50,0,0,0,51.42,0,44.14,0,0,0,0,0,418.27,0,0,3.99,3.75,4.85000000000001,2.54,13.59,5.69999999999999,8.82,20.03,12.47,21.05,70.05,0,41.9,70.81,59.73,0,0,0.359999999999999,0.660000000000002,0,0.849999999999998,0,0,0,1.04,0,0,0,0,1.46,1.21,0,0,0,0,1.34,0,0.539999999999999,0.02,0.279999999999999,0,0,0,990,0,0.03,0,50,0,152.43,0,0,0,0,0,0,0,0,0,0,0,0,0,0,0,0,0,0,0,16.68,0,0,0,0,0,0,16.57,0,0,0,0
13:00-13:15,60DC2025/03/04,0,0,0,0,0,0,0,0,128.64,0,80.2501,165,0,0,165,0,43.2,205.34,0,0,50,0,0,0,51.42,0,44.14,0,0,0,0,0,418.27,0,0,3.99,3.75,4.85000000000001,2.54,13.59,5.69999999999999,8.82,20.03,12.47,21.05,70.05,0,41.9,70.81,59.73,0,0,0.359999999999999,0.660000000000002,0,0.849999999999998,0,0,0,1.04,0,0,0,0,1.46,1.21,0,0,0,0,1.34,0,0.539999999999999,0.02,0.279999999999999,0,0,0,990,0,0.03,0,50,0,151.42,0,0,0,0,0,0,0,0,0,0,0,0,0,0,0,0,0,0,0,16.68,0,0,0,0,0,0,16.39,0,0,0,0
13:15-13:30,60DC2025/03/04,0,0,0,0,0,0,0,0,128.64,0,80.2501,165,0,0,165,0,43.2,205.34,0,0,50,0,0,0,51.42,0,44.02,0,0,0,0,0,418.27,0,0,3.99,3.75,4.85000000000001,2.54,13.59,5.69999999999999,8.82,20.03,12.47,21.05,70.05,0,41.68,70.81,59.73,0,0,0.359999999999999,0.660000000000002,0,0.849999999999998,0,0,0,1.04,0,0,0,0,1.46,1.21,0,0,0,0,1.34,0,0.539999999999999,0.02,0.279999999999999,0,0,0,990,0,0.03,0,50,0,150.72,0,0,0,0,0,0,0,0,0,0,0,0,0,0,0,0,0,0,0,16.68,0,0,0,0,0,0,16.39,0,0,0,0
13:30-13:45,60DC2025/03/04,0,0,0,0,0,0,0,0,128.64,0,80.2501,165,0,0,165,0,43.2,205.34,0,0,50,0,0,0,51.42,0,43.71,0,0,0,0,0,418.27,0,0,3.99,3.75,4.85000000000001,2.54,13.59,5.69999999999999,8.82,20.03,12.47,21.05,70.05,0,41.68,70.81,59.73,0,0,0.359999999999999,0.660000000000002,0,0.849999999999998,0,0,0,1.04,0,0,0,0,1.46,1.21,0,0,0,0,1.34,0,0.539999999999999,0.02,0.279999999999999,0,0,0,990,0,0.03,0,50,0,148.91,0,0,0,0,0,0,0,0,0,0,0,0,0,0,0,0,0,0,0,16.68,0,0,0,0,0,0,16.39,0,0,0,0
13:45-14:00,60DC2025/03/04,0,0,0,0,0,0,0,0,128.64,0,80.2501,165,0,0,165,0,43.2,205.34,0,0,50,0,0,0,51.42,0,43.2,0,0,0,0,0,418.27,0,0,3.99,3.75,4.85000000000001,2.54,13.59,5.69999999999999,8.82,20.03,12.47,21.05,70.05,0,41.48,70.81,59.73,0,0,0.359999999999999,0.660000000000002,0,0.849999999999998,0,0,0,1.04,0,0,0,0,1.46,1.21,0,0,0,0,1.34,0,0.539999999999999,0.02,0.279999999999999,0,0,0,990,0,0.03,0,50,0,146.29,0,0,0,0,0,0,0,0,0,0,0,0,0,0,0,0,0,0,0,16.68,0,0,0,0,0,0,16.39,0,0,0,0
14:00-14:15,60DC2025/03/04,0,0,0,0,0,0,0,0,128.64,0,80.2501,165,0,0,165,0,43.2,205.34,0,0,50,0,0,0,51.42,0,42.53,0,0,0,0,0,418.27,0,0,3.99,30.39,4.85000000000001,2.54,17.2,17.55,8.82,20.03,12.47,21.05,70.05,0,41.48,70.81,59.73,0,0.51,0.359999999999999,0.660000000000002,0,0.849999999999998,0,0,0,1.04,0,0,0,0,1.17,1.21,0,0,0,0,1.34,0,0.539999999999999,0.02,0.279999999999999,0,0,0,990,0,0.03,0,50,0,142.26,0,0,0,0,0,0,0,0,0,0,0,0,0,0,0,0,0,0,0,16.68,0,0,0,0,0,0,16.39,0,0,0,0
14:15-14:30,60DC2025/03/04,0,0,0,0,0,0,0,0,128.64,0,80.2501,165,0,0,165,0,43.2,205.34,0,0,50,0,0,0,51.42,0,41.71,0,0,0,0,0,418.27,0,0,3.99,30.39,4.85000000000001,2.54,14.95,17.55,8.82,20.03,12.47,21.05,70.05,0,41.48,70.81,59.73,0,0.51,0.359999999999999,0.660000000000002,0,0.849999999999998,0,0,0,1.04,0,0,0,0,1.17,1.21,0,0,0,0,1.34,0,0.539999999999999,0.02,0.279999999999999,0,0,0,990,0,0.03,0,50,0,136.43,0,0,0,0,0,0,0,0,0,0,0,0,0,0,0,0,0,0,0,16.68,0,0,0,0,0,0,16.39,0,0,0,0
14:30-14:45,60DC2025/03/04,0,0,0,0,0,0,0,0,128.64,0,80.2501,165,0,0,165,0,43.2,205.34,0,0,50,0,0,0,4.25,0,40.74,0,0,0,0,0,418.27,0,0,9.35,30.39,4.85000000000001,2.54,15.19,17.55,8.82,20.03,12.47,17.23,53.8,0,41.48,70.81,59.73,0,0.51,0.359999999999999,0.660000000000002,0,0.849999999999998,0,0,0,1.04,0,0,0,0,1.17,1.21,0,0,0,0,1.34,0,0.539999999999999,0.02,0.279999999999999,0,0,0,990,0,0.03,0,50,0,131.79,0,0,0,0,0,0,0,0,0,0,0,0,0,0,0,0,0,0,0,16.68,0,0,0,0,0,0,16.39,0,0,0,0
14:45-15:00,60DC2025/03/04,0,0,0,0,0,0,0,0,128.64,0,80.2501,165,0,0,165,0,43.2,205.34,0,0,50,0,0,0,4.25,0,38.33,0,0,0,0,0,351.12,0,0,9.35,30.39,4.85000000000001,2.54,15.42,17.55,8.82,20.03,12.47,16.52,34.16,0,41.48,70.81,59.73,0,1.01,0.359999999999999,0.660000000000002,0,0.849999999999998,0,0,0,1.04,0,0,0,0,1.17,1.21,0,0,0,0,1.34,0,0.539999999999999,0.02,0.279999999999999,0,0,0,990,0,0.03,0,50,0,116.84,0,0,0,0,0,0,0,0,0,0,0,0,0,0,0,0,0,0,0,16.68,0,0,0,0,0,0,16.39,0,0,0,0
15:00-15:15,60DC2025/03/04,0,0,0,0,0,0,0,0,128.64,0,80.2501,165,0,0,165,0,43.2,205.34,0.11,0,50,0,0,0,4.25,0,35.45,0,0,0,0,0,322.35,0,0,9.83,30.39,4.85000000000001,2.54,15.65,17.55,8.82,20.03,12.47,21.05,52.05,0,41.48,70.81,59.73,0,1.01,0.359999999999999,0.660000000000002,0,0.849999999999998,0,0,0,1.04,0,0,0,0,1.46,1.21,0,0,0,0,1.34,0,0.710000000000001,0.02,0.279999999999999,0,0,0,990,0,0.03,0,50,0,116.71,0,0,0,0,0,0,0,0,0,0,0,0,0,0,0,0,0,0,0,16.68,0,0,0,0,0,0,16.67,0,0,0,0
15:15-15:30,60DC2025/03/04,0,0,0,0,0,0,0,0,128.64,0,80.2501,165,0,0,165,0,43.2,205.34,0.850000000000001,0,50,0,0,0,4.25,0,32.25,0,0,0,0,0,322.35,0,0,9.83,30.39,4.85000000000001,2.54,15.89,17.55,8.82,20.03,12.47,21.05,52.05,0,41.48,70.81,59.73,0,1.01,0.359999999999999,0.660000000000002,0,0.849999999999998,0,0,0,1.04,0,0,0,0,1.46,1.21,0,0,0,0,0.67,0,2.84,0.02,0.279999999999999,0,0,0,990,0,0.03,0,50,0,107.81,0,0,0,0,0,0,0,0,0,0,0,0,0,0,0,0,0,0,0,16.68,0,0,0,0,0,0,16.67,0,0,0,0
15:30-15:45,60DC2025/03/04,0,0,0,0,0,0,0,0,128.64,0,80.2501,165,0,0,165,0,43.2,205.34,0.850000000000001,0,50,0,0,0,51.42,0,28.89,0,0,0,0,0,322.35,0,0,9.83,30.39,4.85000000000001,2.54,16.05,17.55,8.85,20.03,12.47,21.05,52.05,0,41.48,70.81,59.73,0,1.01,0.359999999999999,0.660000000000002,0,0.849999999999998,0,0,0,1.04,0,0,0,0,1.46,1.21,0.57,0,0,0,0.67,0,2.84,0.02,0.279999999999999,0,0,0,990,0,0.03,0,50,0,97.92,0,0,0,0,0,0,0,0,0,0,0,0,0,0,0,0,0,0,0,16.68,0,0,0,0,0,0,16.67,0,0,0,0
15:45-16:00,60DC2025/03/04,0,0,0,0,0,0,0,0,128.64,0,80.2501,165,0,0,165,0,43.2,205.34,0.850000000000001,0,50,0,0,0,51.42,0,25.32,0,0,0,0,0,322.35,0,0,9.83,30.39,4.85000000000001,2.54,16.05,17.55,8.85,20.03,12.47,15.82,52.05,0,41.26,70.81,59.73,0,1.01,0.359999999999999,0.660000000000002,0,0.849999999999998,0,0,0,1.04,0,0,0,0,1.46,1.21,0.57,0,0,0,0.67,0,2.84,0.02,0.279999999999999,0,0,0,990,0,0.03,0,50,0,87.41,0,0,0,0,0,0,0,0,0,0,0,0,0,0,0,0,0,0,0,16.68,0,0,0,0,0,0,16.67,0,0,0,0
16:00-16:15,60DC2025/03/04,0,0,0,0,0,0,0,0,128.64,0,80.2501,165,0,0,165,0,32.73,205.34,0.850000000000001,0,50,0,0,0,4.25,0,21.63,0,0,0,0,0,322.35,0,0,5.73,30.39,4.85000000000001,2.54,16.05,17.55,8.88,20.03,12.47,10.49,34.37,0,41.26,70.81,59.73,0,1.49,0.359999999999999,0.660000000000002,0,0.849999999999998,0,0,0,1.04,0,0,0,0,1.44,1.21,1.13,0,0,0,0.67,0,2.84,0.02,0.279999999999999,0,0,0,990,0,0.03,0,50,0,76.96,0,0,0,0,0,0,0,0,0,0,0,0,0,0,0,0,0,0,0,16.68,0,0,0,0,0,0,17.04,0,0,0,0
16:15-16:30,60DC2025/03/04,0,0,0,0,0,0,0,0,64.01,0,80.2501,165,0,0,165,0,20.58,170.08,0.850000000000001,0,50,0,0,0,4.25,0,17.7,0,0,0,0,0,322.35,0,0,8.01,3.75,4.85000000000001,2.54,16.05,5.96000000000001,8.78,17.63,10.67,1.86,6.06,0,41.26,70.81,59.73,0,1.49,0.359999999999999,0.660000000000002,0,0.849999999999998,0,0,0,1.04,0,0,0,0,1.44,1.21,1.13,0,0,0,0.67,0,0.710000000000001,0.02,0.279999999999999,0,0,0,990,0,0.03,0,50,0,66.52,0,0,0,0,0,0,0,0,0,0,0,0,0,0,0,0,0,0,0,16.68,0,0,0,0,0,0,17.04,0,0,0,0
16:30-16:45,60DC2025/03/04,0,0,0,0,0,0,0,0,64.01,0,80.2501,165,0,0,165,0,20.58,102.81,0.850000000000001,0,50,0,0,0,4.25,0,14.24,0,0,0,0,0,322.35,0,0,4.79,3.75,4.85000000000001,2.54,16.05,5.69999999999999,4.73,9.92,6.07,1.86,6.06,0,41.26,70.81,59.73,0,1.49,0.359999999999999,0.660000000000002,0,0.849999999999998,0,0,0,1.04,0,0,0,0,1.44,1.21,1.13,0,0,0,0.67,0,0.539999999999999,0.02,0.529999999999999,0,0,0,990,0,0.03,0,50,0,60.8,0,0,0,0,0,0,0,0,0,0,0,0,0,0,0,0,0,0,0,16.68,0,0,0,0,0,0,17.04,0,0,0,0
16:45-17:00,60DC2025/03/04,0,0,0,0,0,0,0,0,11.04,0,80.2501,165,0,0,165,0,3.68000000000001,38.66,1.71,0,50,0,0,0,4.25,0,10.81,0,0,0,0,0,317.95,0,0,0.850000000000001,3.75,4.85000000000001,2.54,16.05,5.69999999999999,0.870000000000001,1.72,1.07,1.86,6.06,0,41.48,70.81,59.73,0,1.49,0.359999999999999,0.660000000000002,0,0.849999999999998,0,0,0,1.04,0,0,0,0,1.44,1.21,1.61,0,0,0,0.67,0,0.539999999999999,0.02,0.529999999999999,0,0,0,990,0,0.03,0,50,0,48.33,0,0,0,0,0,0,0,0,0,0,0,0,0,0,0,0,0,0,0,16.68,0,0,0,0,0,0,17.04,0,0,0,0
17:00-17:15,60DC2025/03/04,0,0,0,0,0,0,0,0,11.04,0,80.2501,165,0,0,165,0,3.68000000000001,38.21,2.56,0,50,0,0,0,4.25,0,8.47,0,0,0,0,0,273.5,0,0,0.850000000000001,3.75,4.85000000000001,2.54,16.05,5.69999999999999,0.84,1.72,1.07,1.86,6.06,0,41.48,70.81,59.73,0,1.49,0.719999999999999,0.660000000000002,0,0.849999999999998,0,0,0,1.04,0,0,0,0,1.44,1.21,1.63,0.1,0,0.05,0.67,0,0.539999999999999,0.02,0.529999999999999,0,0,0,990,0,0.03,0,50,0,35.94,0,0,0,0,0,0,0,0,0,0,0,0,0,0,0,0,0,0,0,16.68,0,0,0,0,0,0,17.32,0,0,0,0
17:15-17:30,60DC2025/03/04,0,0,0,0,0,0,0,0,11.04,0,80.2501,165,0,0,165,0,3.68000000000001,38.21,3.39,0,50,0,0,0,4.25,0,5.75,0,0,0,0,0,226.43,0,0,0.850000000000001,3.75,4.85000000000001,2.54,16.05,5.69999999999999,0.84,1.72,1.07,1.86,6.06,0,41.48,70.81,59.73,0,1.98,1.09,0.660000000000002,0,0.849999999999998,0,0,0,1.04,0,0,0,0,1.44,1.21,1.64,0.539999999999999,0.390000000000001,0.32,1.34,0,0.539999999999999,0.02,0.529999999999999,0,0,0,990,0,0.03,0,50,0,0,0,0,0,0,0,0,0,0,0,0,0,0,0,0,0,0,0,0,0,16.68,0,0,0,0,0,0,17.32,0,0,0,0
17:30-17:45,60DC2025/03/04,0,0,0,0,0,0,0,0,11.04,0,80.2501,165,0,0,165,0,3.68000000000001,90.94,4.64,0,50,0,0,0,4.25,0,3.75,0,0,0,0,0,178.47,0,0,0.850000000000001,3.75,4.85000000000001,2.54,16.05,5.69999999999999,0.84,1.72,1.07,1.86,6.06,0,41.68,70.81,59.73,0,2.02,1.59,0.699999999999999,0,0.849999999999998,0,0,0,1.04,0,0,0,0,1.61,1.32,1.72,1.61,1.2,0.65,2.02,0,0.539999999999999,0.02,0.789999999999999,0,0,0,990,0,0.03,0,50,0,0,0,0,0,0,0,0,0,0,0,0,0,0,0,0,0,0,0,0,0,16.68,0,0,0,0,0,0,17.32,0,0,0,0
17:45-18:00,60DC2025/03/04,0,0,0,0,0,0,0,0,11.04,0,80.2501,165,0,0,165,0,3.68000000000001,71.76,4.64,0,50,0,0,0,4.25,0,2.15,0,0,0,0,0,130.51,0,0,0.850000000000001,3.75,4.85000000000001,2.54,16.05,5.69999999999999,0.84,1.72,1.07,1.86,6.06,0,41.9,70.81,59.73,0,2.02,1.59,0.699999999999999,0,0.849999999999998,0,0,0,1.04,0,0,0,0,1.61,1.32,1.72,1.61,1.2,1.12,2.02,0,0.539999999999999,0.02,0.789999999999999,0,0,0,990,0,0.03,0,50,0,0,0,0,0,0,0,0,0,0,0,0,0,0,0,0,0,0,0,0,0,16.68,0,0,0,0,0,0,17.32,0,0,0,0
18:00-18:15,60DC2025/03/04,0,0,0,0,0,0,0,0,11.04,0,80.2501,165,0,0,165,0,3.68000000000001,38.21,4.64,0,10,0,0,0,4.25,0,0.97,0,0,0,0,0,130.49,0,0,0.850000000000001,3.75,4.85000000000001,2.54,16.05,5.69999999999999,0.84,1.72,1.07,1.86,6.06,0,42,70.81,59.73,0,2.02,1.59,0.699999999999999,0,0.849999999999998,0,0,0,1.04,0,0,0,0,1.61,1.32,1.72,1.61,1.2,1.12,2.02,0,0.539999999999999,0.02,0.789999999999999,0,0,0,1000,0,0.03,0,0,0,0,0,0,0,0,0,0,0,0,0,0,0,0,0,0,0,0,0,0,0,16.68,0,0,0,0,0,0,17.77,0,0,0,0
18:15-18:30,60DC2025/03/04,0,0,0,0,0,0,0,0,11.04,0,80.2501,165,0,0,165,0,3.68000000000001,38.21,4.64,0,10,0,0,0,4.25,0,0.33,0,0,0,0,0,97.97,0,0,0.850000000000001,3.75,4.85000000000001,2.54,16.05,5.69999999999999,0.84,1.72,1.07,1.86,6.06,0,42.32,70.81,59.73,0,2.02,1.59,0.699999999999999,0,0.849999999999998,0,0,0,1.04,0,0,0,0,1.61,1.32,1.72,1.61,1.2,1.12,2.02,0,0.539999999999999,0.02,0.789999999999999,0,0,0,1000,0,0.03,0,0,0,0,0,0,0,0,0,0,0,0,0,0,0,0,0,0,0,0,0,0,0,16.68,0,0,0,0,0,0,17.77,0,0,0,0
18:30-18:45,60DC2025/03/04,0,0,0,0,0,0,0,0,11.04,0,80.2501,165,0,0,165,0,3.68000000000001,20.06,4.64,0,10,0,0,0,4.25,0,0,0,0,0,0,0,60.5500000000001,0,0,0.850000000000001,3.75,4.85000000000001,2.54,16.05,5.69999999999999,0.84,1.72,1.07,1.86,6.06,0,42.52,70.81,59.73,0,2.02,1.59,0.699999999999999,0,0.849999999999998,0,0,0,1.04,0,0,0,0,1.44,1.32,1.72,1.61,1.2,0.65,2.02,0,0.539999999999999,0.02,0.789999999999999,0,0,0,1000,0,0.03,0,0,0,200,0,0,0,0,0,0,0,0,0,0,0,200,0,0,0,0,0,0,0,16.68,0,0,300,300,200,200,17.77,0,0,0,0
18:45-19:00,60DC2025/03/04,0,0,0,0,0,0,0,0,11.04,0,80.2501,165,0,0,165,0,3.68000000000001,17.73,4.64,0,10,0,0,0,4.25,0,0,0,0,0,0,0,27.85,0,0,0.850000000000001,3.75,4.85000000000001,2.54,16.05,5.69999999999999,0.84,1.72,1.07,1.86,6.06,0,42.73,70.81,59.73,0,2.02,1.59,0.68,0,0.849999999999998,0,0,0,1.04,0,0,0,0,1.44,1.32,1.72,1.61,1.2,0.65,2.02,0,0.539999999999999,0.02,0.799999999999997,0,0,0,1000,0,0.03,0,0,0,200,0,0,0,0,0,0,0,0,0,300,100,200,0,0,0,0,0,0,0,16.68,0,0,300,300,200,200,17.77,0,0,0,0
19:00-19:15,60DC2025/03/04,0,0,0,0,0,0,0,0,11.04,0,80.2501,165,0,0,165,0,3.68000000000001,17.73,3.39,0,10,0,0,0,4.25,0,0,0,0,0,0,0,27.85,0,0,0.850000000000001,3.75,4.85000000000001,2.54,16.06,5.69999999999999,0.84,1.72,1.07,1.86,6.06,0,42.84,70.81,59.73,0,2.02,0.719999999999999,0.670000000000002,0,0.849999999999998,0,0,0,1.04,0,0,0,0,1.44,1.21,1.72,0.539999999999999,0.390000000000001,0.05,1.34,0.16,0.539999999999999,0.02,0.279999999999999,0,0,0,1000,0,0.03,0,0,0,200,0,0,0,0,0,0,0,0,300,300,100,200,0,0,0,0,0,0,0,16.68,0,0,300,300,200,200,18.23,100,100,100,0
19:15-19:30,60DC2025/03/04,0,0,0,0,0,0,0,0,11.04,0,80.2501,165,0,0,165,0,3.68000000000001,17.73,2.56,0,10,0,0,0,4.25,0,0,0,0,0,0,0,27.85,0,0,0.850000000000001,3.75,4.85000000000001,2.54,16.06,5.69999999999999,0.84,1.72,1.07,1.86,6.06,0,42.84,70.81,59.73,0,1.52,0.719999999999999,0.670000000000002,0,0.849999999999998,0,0,0,1.04,0,0,0,0,1.44,1.21,1.72,0.539999999999999,0,0.05,1.34,0.68,0.539999999999999,0.02,0.279999999999999,0,0,0,1000,0,0.03,0,0,0,200,0,0,0,0,0,0,0,0,300,300,100,200,0,0,0,0,0,0,0,16.68,0,0,300,300,200,200,18.23,100,100,100,0
19:30-19:45,60DC2025/03/04,0,0,0,0,0,0,0,0,11.04,0,80.2501,165,0,0,165,0,3.68000000000001,17.73,1.71,0,10,0,0,0,4.25,0,0,0,0,0,0,0,27.85,0,0,0.850000000000001,3.75,4.85000000000001,2.54,16.06,5.69999999999999,0.84,1.72,1.07,1.86,6.06,0,42.84,70.81,59.73,0,1.51,0.719999999999999,0.670000000000002,0,0.849999999999998,0,0,0,1.04,0,0,0,0,1.46,1.21,1.72,0.539999999999999,0,0,1.34,0.68,0.539999999999999,0.02,0.279999999999999,0,0,0,1000,0,0.03,0,0,0,200,0,0,0,0,0,0,0,0,300,300,100,200,0,0,0,0,0,0,0,16.68,0,0,300,300,200,200,18.23,100,100,100,0
19:45-20:00,60DC2025/03/04,0,0,0,0,0,0,0,0,11.04,0,80.2501,165,0,0,165,0,3.68000000000001,17.73,0.77,0,23.9536,0,0,0,4.25,0,0,0,0,0,0,0,27.85,0,0,0.850000000000001,3.75,4.85000000000001,2.54,16.06,5.69999999999999,0.84,1.72,1.07,1.86,6.06,0,43.05,70.81,59.73,0,0.990000000000002,0.359999999999999,0.670000000000002,0,0.849999999999998,0,0,0,1.04,0,0,0,0,1.46,1.21,1.06,0,0,0,1.34,1.36,0.539999999999999,0.02,0.279999999999999,0,0,0,1000,0,0.03,0,0,0,200,0,0,0,0,0,0,0,0,300,300,100,200,0,0,0,0,0,0,0,16.68,0,0,300,300,200,200,18.23,100,100,100,0
20:00-20:15,60DC2025/03/04,0,0,0,0,0,0,0,0,11.04,0,80.2501,165,0,0,165,0,3.68000000000001,17.73,0.11,0,23.9536,0,0,0,4.25,0,0,0,0,0,0,0,27.86,0,0,0.850000000000001,3.75,4.85000000000001,2.54,16.06,5.69999999999999,0.84,1.72,1.07,1.86,6.06,0,43.05,70.81,59.73,0,0.51,0.359999999999999,0.670000000000002,0,0.849999999999998,0,0,0,1.04,0,0,0,0,1.46,1.21,1.06,0,0,0,1.34,1.36,0.539999999999999,0.02,0.279999999999999,0,0,0,1000,0,0.03,0,0,0,200,0,0,0,0,0,0,0,0,300,300,100,200,0,0,0,0,0,0,0,16.68,0,0,300,300,200,200,18.7,100,100,100,0
20:15-20:30,60DC2025/03/04,0,0,0,0,0,0,0,0,11.04,0,80.2501,165,0,0,165,0,3.68000000000001,17.73,0,0,23.9536,0,0,0,4.25,0,0,0,0,0,0,0,27.86,0,0,0.850000000000001,3.75,4.85000000000001,2.54,16.06,5.69999999999999,0.84,1.72,1.07,1.86,6.06,0,43.26,70.81,59.73,0,0.5,0.359999999999999,0.670000000000002,0,0.849999999999998,0,0,0,1.04,0,0,0,0,1.46,1.21,1.06,0,0,0,1.34,1.36,0.539999999999999,0.02,0.279999999999999,0,0,0,1000,0,0.03,0,0,0,200,0,0,0,0,0,0,0,0,300,300,100,200,0,0,0,0,0,0,0,16.68,0,0,300,300,200,200,18.7,100,100,100,0
20:30-20:45,60DC2025/03/04,0,0,0,0,0,0,0,0,11.04,0,80.2501,165,0,0,165,0,3.68000000000001,17.73,0,0,50,0,0,0,4.25,0,0,0,0,0,0,0,27.86,0,0,0.850000000000001,3.75,4.85000000000001,2.54,16.06,5.69999999999999,0.84,1.72,1.07,1.86,6.06,0,43.47,70.81,59.73,0,0.49,0.359999999999999,0.670000000000002,0,0.849999999999998,0,0,0,1.04,0,0,0,0,1.49,1.21,0.49,0,0,0,1.34,1.36,0.539999999999999,0.02,0.279999999999999,0,0,0,1000,0,0.03,0,0,0,200,0,0,0,0,0,0,0,0,300,300,100,200,0,0,0,0,0,0,0,16.68,0,0,300,300,200,200,18.7,100,100,100,0
20:45-21:00,60DC2025/03/04,0,0,0,0,0,0,0,0,11.04,0,80.2501,165,0,0,165,0,3.68000000000001,17.73,0,0,50,0,0,0,4.25,0,0,0,0,0,0,0,48.75,0,0,0.850000000000001,3.75,4.85000000000001,2.54,16.06,5.69999999999999,0.84,1.72,1.07,1.86,6.06,0,43.26,70.81,59.73,0,0,0.359999999999999,0.660000000000002,0,0.849999999999998,0,0,0,1.04,0,0,0,0,1.49,1.21,0,0,0,0,1.34,0.2,0.549999999999999,0.02,0.26,0,0,0,1000,0,0.03,0,0,0,200,0,0,0,0,0,0,0,0,300,300,100,200,0,0,0,0,0,0,0,16.68,0,0,300,300,200,200,18.7,100,100,100,0
21:00-21:15,60DC2025/03/04,0,0,0,0,0,0,0,0,11.04,0,80.2501,165,0,0,165,0,3.68000000000001,17.73,0,0,50,0,0,0,4.25,0,0,0,0,0,0,0,26.6099999999999,0,0,0.850000000000001,3.75,4.85000000000001,2.54,16.06,5.69999999999999,0.84,1.72,1.07,1.86,6.06,0,43.26,70.81,59.73,0,0,0.359999999999999,0.660000000000002,0,0.849999999999998,0,0,0,1.04,0,0,0,0,1.49,1.21,0,0,0,0,0.67,0,0.549999999999999,0.02,0.26,0,0,0,1000,0,0.03,0,0,0,200,0,0,0,0,0,0,0,0,300,300,100,200,0,0,0,0,0,0,0,16.68,0,0,300,300,200,200,18.7,100,100,100,0
21:15-21:30,60DC2025/03/04,0,0,0,0,0,0,0,0,11.04,0,80.2501,165,0,0,165,0,3.68000000000001,17.73,0,0,50,0,0,0,4.25,0,0,0,0,0,0,0,21.6199999999999,0,0,0.850000000000001,3.75,4.85000000000001,2.54,16.06,5.69999999999999,0.84,1.72,1.07,1.86,6.06,0,43.47,70.81,59.73,0,0,0.359999999999999,0.660000000000002,0,0.849999999999998,0,0,0,1.04,0,0,0,0,1.49,1.21,0,0,0,0,0.67,0,0.549999999999999,0.02,0.26,0,0,0,1000,0,0.03,0,0,0,200,0,0,0,0,0,0,0,0,300,300,100,200,0,0,0,0,0,0,0,16.68,0,0,300,300,200,200,18.7,100,100,100,0
21:30-21:45,60DC2025/03/04,0,0,0,0,0,0,0,0,11.04,0,80.2501,165,0,0,165,0,3.68000000000001,17.73,0,0,50,0,0,0,4.25,0,0,0,0,0,0,0,18.68,0,0,0.850000000000001,3.75,4.85000000000001,2.54,16.06,5.69999999999999,0.84,1.72,1.07,1.86,6.06,0,43.47,70.81,59.73,0,0,0.359999999999999,0.660000000000002,0,0.849999999999998,0,0,0,1.04,0,0,0,0,1.49,1.21,0,0,0,0,0.67,0,0.549999999999999,0.02,0.26,0,0,0,1000,0,0.03,0,0,0,200,0,0,0,0,0,0,0,0,300,300,100,200,0,0,0,0,0,0,0,16.68,0,0,300,300,200,200,18.7,100,100,100,0
21:45-22:00,60DC2025/03/04,0,0,0,0,0,0,0,0,11.04,0,80.2501,165,0,0,165,0,3.68000000000001,17.73,0,0,50,0,0,0,4.25,0,0,0,0,0,0,0,15.23,0,0,0.850000000000001,3.75,4.85000000000001,2.54,16.06,5.69999999999999,0.84,1.72,1.07,1.86,6.06,0,43.47,70.81,59.73,0,0,0.359999999999999,0.670000000000002,0,0.849999999999998,0,0,0,1.04,0,0,0,0,1.49,1.21,0,0,0,0,0.67,0,0.549999999999999,0.02,0.279999999999999,0,0,0,1000,0,0.03,0,0,0,200,0,0,0,0,0,0,0,0,300,300,100,200,0,0,0,0,0,0,0,16.68,0,0,300,300,200,200,18.7,100,100,100,0
22:00-22:15,60DC2025/03/04,0,0,0,0,0,0,0,0,11.04,0,80.2501,165,0,0,165,0,3.68000000000001,17.73,0,0,50,0,0,0,4.25,0,0,0,0,0,0,0,15.23,0,0,0.850000000000001,3.75,4.85000000000001,2.54,16.06,5.69999999999999,0.84,1.72,1.07,1.86,6.06,0,43.47,70.81,59.73,0,0,0.359999999999999,0.670000000000002,0,0.849999999999998,0,0,0,1.04,0,0,0,0,1.49,1.21,0,0,0,0,0.67,0,0.549999999999999,0.02,0.279999999999999,0,0,0,1000,0,0.03,0,0,0,200,0,0,0,0,0,0,0,0,300,300,100,200,0,0,0,0,0,0,0,16.68,0,0,300,300,200,200,18.98,100,100,100,0
22:15-22:30,60DC2025/03/04,0,0,0,0,0,0,0,0,11.04,0,80.2501,165,0,0,165,0,3.68000000000001,17.73,0,0,50,0,0,0,4.25,0,0,0,0,0,0,0,15.23,0,0,0.850000000000001,3.75,4.85000000000001,2.54,16.06,5.69999999999999,0.84,1.72,1.07,1.86,6.06,0,43.57,70.81,59.73,0,0,0.359999999999999,0.670000000000002,0,0.849999999999998,0,0,0,1.04,0,0,0,0,1.49,1.21,0,0,0,0,0.67,0,0.549999999999999,0.02,0.279999999999999,0,0,0,1000,0,0.03,0,0,0,200,0,0,0,0,0,0,0,0,300,300,100,200,0,0,0,0,0,0,0,16.68,0,0,300,300,200,200,18.98,100,100,100,0
22:30-22:45,60DC2025/03/04,0,0,0,0,0,0,0,0,11.04,0,80.2501,165,0,0,165,0,3.68000000000001,17.73,0,0,50,0,0,0,4.25,0,0,0,0,0,0,0,15.23,0,0,0.850000000000001,3.75,4.85000000000001,2.54,16.06,5.69999999999999,0.84,1.72,1.07,1.86,6.06,0,43.57,70.81,59.73,0,0,0.359999999999999,0.670000000000002,0,0.849999999999998,0,0,0,1.04,0,0,0,0,1.49,1.21,0,0,0,0,0.67,0,0.549999999999999,0.02,0.279999999999999,0,0,0,1000,0,0.03,0,0,0,200,0,0,0,0,0,0,0,0,300,300,100,200,0,0,0,0,0,0,0,16.68,0,0,300,300,200,200,18.98,100,100,100,0
22:45-23:00,60DC2025/03/04,0,0,0,0,0,0,0,0,11.04,0,80.2501,165,0,0,165,0,3.68000000000001,17.73,0,0,50,0,0,0,4.25,0,0,0,0,0,0,0,15.23,0,0,0.850000000000001,3.75,4.85000000000001,2.54,16.06,5.69999999999999,0.84,1.72,1.07,1.86,6.06,0,43.57,70.81,59.73,0,0,0.359999999999999,0.660000000000002,0,0.849999999999998,0,0,0,1.04,0,0,0,0,1.49,1.21,0,0,0,0,0.67,0,0.549999999999999,0.02,0.279999999999999,0,0,0,1000,0,0.03,0,0,0,200,0,0,0,0,0,0,0,0,300,300,100,200,0,0,0,0,0,0,0,16.68,0,0,300,300,200,200,18.98,100,100,100,0
23:00-23:15,60DC2025/03/04,0,0,0,0,0,0,0,0,11.04,0,80.2501,165,0,0,165,0,3.68000000000001,61.71,0,0,50,0,0,0,4.08,0,0,0,0,0,0,0,322.35,0,0,0.850000000000001,3.75,4.85000000000001,2.54,16.06,5.69999999999999,3.56,7.33,4.57,1.86,6.06,0,43.57,70.81,59.73,0,0,0.359999999999999,0.660000000000002,0,0.849999999999998,0,0,0,1.04,0,0,0,0,1.49,1.21,0,0,0,0,0.67,0,0.549999999999999,0.02,0.279999999999999,0,0,0,1000,0,0.03,0,0,0,200,0,0,0,0,0,0,0,0,300,300,100,200,0,0,0,0,0,0,0,16.68,0,0,300,300,200,200,18.98,100,100,100,0
23:15-23:30,60DC2025/03/04,0,0,0,0,0,0,0,0,11.04,0,80.2501,165,0,0,165,0,3.68000000000001,137.6,0,0,50,0,0,0,3.63000000000001,0,0,0,0,0,0,0,322.35,0,0,0.850000000000001,3.75,4.85000000000001,2.54,16.06,5.69999999999999,3.56,7.33,4.57,1.86,6.06,0,43.57,70.81,59.73,0,0,0.359999999999999,0.660000000000002,0,0.849999999999998,0,0,0,1.04,0,0,0,0,1.49,1.21,0,0,0,0,0.67,0,0.549999999999999,0.02,0.279999999999999,0,0,0,1000,0,0.03,0,0,0,200,0,0,0,0,0,0,0,0,300,300,100,200,0,0,0,0,0,0,0,16.68,0,0,300,300,200,200,18.98,100,100,100,0
23:30-23:45,60DC2025/03/04,0,0,0,0,0,0,0,0,11.04,0,80.2501,165,0,0,165,0,3.68000000000001,183.65,0,0,50,0,0,0,3.17,0,0,0,0,0,0,0,322.35,0,0,0.850000000000001,3.75,4.85000000000001,2.54,16.06,5.69999999999999,0.84,1.72,1.07,1.86,6.06,0,43.57,70.81,59.73,0,0,0.359999999999999,0.660000000000002,0,0.849999999999998,0,0,0,1.04,0,0,0,0,1.49,1.21,0,0,0,0,0.67,0,0.549999999999999,0,0.279999999999999,0,0,0,1000,0,0.03,0,0,0,200,0,0,0,0,0,0,0,0,300,300,100,200,0,0,0,0,0,0,0,16.68,0,0,300,300,200,200,18.98,100,100,100,0
23:45-24:00,60DC2025/03/04,0,0,0,0,0,0,0,0,11.04,0,80.2501,165,0,0,165,0,3.68000000000001,183.65,0,0,50,0,0,0,2.72000000000001,0,0,0,0,0,0,0,322.35,0,0,0.850000000000001,3.75,4.85000000000001,2.54,16.06,5.69999999999999,0.84,1.72,1.07,1.86,6.06,0,43.57,70.81,59.73,0,0,0.359999999999999,0.660000000000002,0,0.849999999999998,0,0,0,1.04,0,0,0,0,1.49,1.21,0,0,0,0,0.67,0,0.549999999999999,0,0.279999999999999,0,0,0,1000,0,0.03,0,0,0,200,0,0,0,0,0,0,0,0,300,300,100,200,0,0,0,0,0,0,0,16.68,0,0,300,300,200,200,18.98,100,100,100,0
