Block,Time,SASAN,KHSTPP-I,BRBCL,TALA,KHSTPP-II,FSTPP I & II,BSIUL,ANTA_LF,SINGRAULI,NAPP,SINGRAULI_HYDRO,URI,AURY_LF,ANTA_CRF,RIHAND2,SEWA2,AURY_RF,SALAL,NJPC,KOLDAM,DADRI_CRF,DHAULIGNGA,TANDA2,TANAKPUR,DADRI_RF,ANTA_GF,DADRI_LF,DULHASTI,KOTESHWR,UNCHAHAR2,RIHAND1,JHAJJAR,DADRT2,RAPPC,CHAMERA1,DADRI_GF,CHAMERA3,CHAMERA2,RIHAND3,AURY_GF,KISHANGANGA,AURY_CRF,RAPPB,RAMPUR,UNCHAHAR4,UNCHAHAR1,PARBATI3,ANTA_RF,URI2,TEHRI,UNCHAHAR3,ISGS Total,Inj. Loss,Drw. Loss,Total Loss,Net
1,00:00-00:15,401.556375,42.745857,14.471802,0.000000,142.517253,19.697823,12.581232,0.000000,121.193649,46.871970,1.170006,35.145950,0.000000,0.000000,57.291663,0.000000,0.000000,80.710661,173.609779,9.873775,0.000000,41.999311,5.168948,11.739917,0.000000,0.000000,0.000000,57.086511,0.000000,42.130089,93.533397,407.527868,663.825455,65.590803,40.660253,0.000000,33.601710,46.787784,125.970622,0.000000,8.046226,0.000000,0.000000,6.507398,2.980923,21.828074,18.840168,0.000000,36.552985,0.000000,26.663324,0,0,0,0,0

2,00:15-00:30,401.556375,42.745857,14.471802,0.000000,142.517253,19.697823,12.581232,0.000000,121.193649,46.871970,1.170006,35.145950,0.000000,0.000000,57.291663,0.000000,0.000000,80.710661,173.609779,9.873775,0.000000,41.999311,5.168948,11.739917,0.000000,0.000000,0.000000,57.086511,0.000000,42.130089,93.533397,407.527868,663.825455,65.590803,40.660253,0.000000,33.601710,46.787784,125.970622,0.000000,8.046226,0.000000,0.000000,6.507398,2.980923,21.828074,18.840168,0.000000,36.552985,0.000000,26.663324,0,0,0,0,0

3,00:30-00:45,401.556375,42.745857,14.471802,0.000000,142.517253,19.697823,12.581232,0.000000,121.193649,46.871970,1.170006,35.145950,0.000000,0.000000,57.291663,0.000000,0.000000,80.710661,173.609779,9.873775,0.000000,41.999311,5.168948,11.739917,0.000000,0.000000,0.000000,57.086511,0.000000,42.130089,93.533397,407.527868,663.825455,65.590803,40.660253,0.000000,33.601710,46.787784,125.970622,0.000000,8.046226,0.000000,0.000000,6.507398,2.980923,21.828074,18.840168,0.000000,36.552985,0.000000,26.663324,0,0,0,0,0

4,00:45-01:00,401.556375,42.745857,12.065551,0.000000,142.517253,19.697823,12.581232,0.000000,121.193649,46.871970,1.170006,35.145950,0.000000,0.000000,57.291663,0.000000,0.000000,80.710661,173.609779,9.873775,0.000000,41.999311,5.168948,8.650465,0.000000,0.000000,0.000000,57.086511,0.000000,42.130089,93.533397,407.527868,663.825455,65.590803,40.660253,0.000000,33.601710,46.787784,125.970622,0.000000,8.046226,0.000000,0.000000,6.507398,2.980923,21.828074,18.840168,0.000000,36.552985,0.000000,26.663324,0,0,0,0,0

5,01:00-01:15,401.556375,42.745857,11.718233,4.821571,142.517253,19.697823,12.581232,0.000000,121.185614,46.871970,1.170006,35.145950,0.000000,0.000000,57.283886,0.000000,0.000000,80.710661,173.609779,9.873775,0.000000,41.999311,5.168948,8.650465,0.000000,0.000000,0.000000,57.086511,0.000000,42.736210,93.527665,396.830696,610.007425,65.590803,40.660253,0.000000,33.601710,46.787784,125.970622,0.000000,8.046226,0.000000,0.000000,6.507398,2.980923,21.831161,16.190769,0.000000,36.552985,0.000000,26.654661,0,0,0,0,0

6,01:15-01:30,401.556375,42.745857,11.364664,4.821571,142.517253,19.697823,12.581232,0.000000,121.185614,46.871970,1.170006,35.145950,0.000000,0.000000,57.283886,0.000000,0.000000,80.710661,173.609779,9.873775,0.000000,41.999311,5.168948,8.650465,0.000000,0.000000,0.000000,57.086511,0.000000,42.736210,93.527665,396.830696,555.950629,65.590803,40.660253,0.000000,33.601710,46.787784,125.970622,0.000000,8.046226,0.000000,0.000000,6.507398,2.980923,21.831161,16.190769,0.000000,36.552985,0.000000,26.654661,0,0,0,0,0

7,01:30-01:45,401.556375,42.745857,11.546894,4.396138,142.517253,19.697823,12.581232,0.000000,121.185614,46.871970,1.170006,35.145950,0.000000,0.000000,57.283886,0.000000,0.000000,73.984772,173.609779,9.873775,0.000000,41.999311,5.168948,8.650465,0.000000,0.000000,0.000000,57.086511,0.000000,38.276305,93.527665,293.728235,436.284031,65.590803,40.660253,0.000000,33.601710,46.787784,125.970622,0.000000,8.046226,0.000000,0.000000,6.507398,2.980923,19.378797,16.190769,0.000000,36.552985,0.000000,24.047077,0,0,0,0,0

8,01:45-02:00,401.556375,42.745857,12.562626,4.963382,142.517253,19.697823,12.581232,0.000000,121.185614,46.871970,1.170006,35.145950,0.000000,0.000000,57.283886,0.000000,0.000000,73.984772,173.609779,9.873775,0.000000,41.999311,5.168948,8.650465,0.000000,0.000000,0.000000,57.086511,0.000000,38.276305,93.527665,290.839107,388.049031,65.590803,40.660253,0.000000,33.601710,46.787784,125.970622,0.000000,8.046226,0.000000,0.000000,6.507398,2.980923,19.378797,16.190769,0.000000,36.552985,0.000000,24.047077,0,0,0,0,0

9,02:00-02:15,401.556375,42.745857,12.062425,4.963382,142.517253,19.697823,12.581232,0.000000,121.185614,46.871970,1.170006,35.145950,0.000000,0.000000,57.283886,0.000000,0.000000,73.984772,173.609779,9.873775,0.000000,41.999311,5.168948,7.414684,0.000000,0.000000,0.000000,57.086511,0.000000,38.276305,93.527665,339.074107,370.684431,65.590803,40.660253,0.000000,33.601710,46.787784,125.970622,0.000000,8.046226,0.000000,0.000000,6.507398,2.980923,19.378797,16.190769,0.000000,36.552985,0.000000,24.047077,0,0,0,0,0

10,02:15-02:30,401.556375,42.745857,12.019766,4.963382,142.517253,19.697823,12.581232,0.000000,121.185614,46.871970,1.170006,35.145950,0.000000,0.000000,57.283886,0.000000,0.000000,73.984772,173.609779,9.873775,0.000000,41.999311,5.168948,7.414684,0.000000,0.000000,0.000000,57.086511,0.000000,38.276305,93.527665,339.074107,370.684431,65.590803,40.660253,0.000000,33.601710,46.787784,125.970622,0.000000,8.046226,0.000000,0.000000,6.507398,2.980923,19.378797,16.190769,0.000000,36.552985,0.000000,24.047077,0,0,0,0,0

11,02:30-02:45,401.556375,42.745857,13.115268,4.963382,142.517253,19.697823,12.581232,0.000000,121.185614,46.871970,1.170006,35.145950,0.000000,0.000000,57.283886,0.000000,0.000000,73.984772,173.609779,9.873775,0.000000,41.999311,5.168948,7.414684,0.000000,0.000000,0.000000,57.086511,0.000000,38.276305,93.527665,339.074107,370.684431,65.590803,40.660253,0.000000,33.601710,46.787784,125.970622,0.000000,8.046226,0.000000,0.000000,6.507398,2.980923,19.378797,16.190769,0.000000,36.552985,0.000000,24.047077,0,0,0,0,0

12,02:45-03:00,401.556375,42.745857,13.589552,4.963382,142.517253,19.697823,12.581232,0.000000,121.185614,46.871970,1.170006,35.145950,0.000000,0.000000,57.283886,0.000000,0.000000,73.984772,173.609779,9.873775,0.000000,41.999311,5.168948,7.414684,0.000000,0.000000,0.000000,57.086511,0.000000,38.276305,93.527665,339.074107,370.691474,65.590803,40.660253,0.000000,33.601710,46.787784,125.970622,0.000000,8.046226,0.000000,0.000000,6.507398,2.980923,19.378797,16.190769,0.000000,36.552985,0.000000,24.047077,0,0,0,0,0

13,03:00-03:15,401.556375,42.745857,14.471802,5.530625,142.517253,19.697823,12.581232,0.000000,116.822951,46.871970,1.170006,35.145950,0.000000,0.000000,55.926264,0.000000,0.000000,73.984772,173.609779,9.873775,0.000000,41.999311,5.168948,6.178904,0.000000,0.000000,0.000000,57.086511,0.000000,30.891930,90.974394,233.457400,367.904263,65.590803,40.660253,0.000000,33.601710,46.787784,122.808722,0.000000,8.046226,0.000000,0.000000,6.507398,2.042500,15.142124,16.190769,0.000000,36.552985,0.000000,19.974750,0,0,0,0,0

14,03:15-03:30,401.556375,42.745857,14.471802,5.530625,142.517253,19.697823,12.581232,0.000000,116.822951,46.871970,1.170006,35.145950,0.000000,0.000000,55.926264,0.000000,0.000000,73.984772,173.609779,9.873775,0.000000,41.999311,5.168948,6.178904,0.000000,0.000000,0.000000,57.086511,0.000000,28.776326,90.974394,136.987400,367.904263,65.590803,40.660253,0.000000,33.601710,46.787784,122.808722,0.000000,8.046226,0.000000,0.000000,6.507398,1.649637,15.142124,16.190769,0.000000,36.552985,0.000000,18.418824,0,0,0,0,0

15,03:30-03:45,401.556375,42.745857,14.471802,6.523301,142.570794,13.505800,12.581232,0.000000,116.822951,46.871970,1.170006,35.145950,0.000000,0.000000,55.926264,0.000000,0.000000,73.984772,173.609779,9.873775,0.000000,41.999311,5.168948,6.178904,0.000000,0.000000,0.000000,57.086511,0.000000,28.943894,90.974394,115.764000,365.621300,65.590803,40.660253,0.000000,33.601710,46.787784,122.808722,0.000000,8.046226,0.000000,0.000000,6.507398,1.649637,15.142124,16.190769,0.000000,36.552985,0.000000,18.418824,0,0,0,0,0

16,03:45-04:00,401.556375,36.866686,14.471802,6.523301,123.309498,11.045815,12.581232,0.000000,116.822951,46.871970,1.170006,35.145950,0.000000,0.000000,55.926264,0.000000,0.000000,73.984772,173.609779,9.873775,0.000000,41.999311,5.168948,6.178904,0.000000,0.000000,0.000000,57.086511,0.000000,23.828090,90.974394,115.764000,365.621300,65.590803,40.660253,0.000000,33.601710,46.787784,122.808722,0.000000,8.046226,0.000000,0.000000,6.507398,1.649637,12.232396,16.190769,0.000000,36.552985,0.000000,14.904615,0,0,0,0,0

17,04:00-04:15,401.556375,42.745857,14.471802,9.359519,142.584204,13.505800,12.581232,0.000000,116.822951,46.871970,1.170006,35.145950,0.000000,0.000000,55.926264,0.000000,0.000000,73.984772,173.609779,9.873775,0.000000,41.999311,5.168948,6.178904,0.000000,0.000000,0.000000,57.086511,0.000000,23.828090,90.974394,115.764000,365.621300,65.590803,40.660253,0.000000,33.601710,46.787784,122.808722,0.000000,8.046226,0.000000,0.000000,6.507398,1.649637,12.232396,16.190769,0.000000,36.552985,0.000000,14.904615,0,0,0,0,0

18,04:15-04:30,401.556375,36.866686,14.471802,9.359519,123.309498,11.045815,12.581232,0.000000,116.822951,46.871970,1.170006,35.145950,0.000000,0.000000,55.926264,0.000000,0.000000,73.984772,173.609779,9.873775,0.000000,41.999311,5.168948,6.178904,0.000000,0.000000,0.000000,57.086511,0.000000,23.828090,90.974394,115.764000,365.621300,65.590803,40.660253,0.000000,33.601710,46.787784,122.808722,0.000000,8.046226,0.000000,0.000000,6.507398,1.649637,12.232396,16.190769,0.000000,36.552985,0.000000,14.904615,0,0,0,0,0

19,04:30-04:45,401.556375,28.704359,14.471802,9.359519,94.239807,11.045815,12.581232,0.000000,116.822951,46.871970,1.170006,35.145950,0.000000,0.000000,55.926264,0.000000,0.000000,73.984772,173.609779,9.873775,0.000000,41.999311,5.168948,6.178904,0.000000,0.000000,0.000000,57.086511,0.000000,23.828090,90.974394,115.764000,365.621300,65.590803,40.660253,0.000000,33.601710,46.787784,122.808722,0.000000,8.046226,0.000000,0.000000,6.507398,1.649637,12.232396,16.190769,0.000000,36.552985,0.000000,14.904615,0,0,0,0,0

20,04:45-05:00,401.556375,28.704359,14.471802,9.359519,94.239807,11.045815,12.581232,0.000000,116.822951,46.871970,1.170006,35.145950,0.000000,0.000000,55.926264,0.000000,0.000000,73.984772,173.609779,9.873775,0.000000,41.999311,5.168948,6.178904,0.000000,0.000000,0.000000,57.086511,0.000000,23.828090,90.974394,115.764000,365.621300,65.590803,40.660253,0.000000,33.601710,46.787784,122.808722,0.000000,8.046226,0.000000,0.000000,6.507398,1.649637,12.232396,16.190769,0.000000,36.552985,0.000000,14.904615,0,0,0,0,0

21,05:00-05:15,401.556375,24.619144,14.471802,9.359519,78.690579,11.045815,12.581232,0.000000,116.822951,46.871970,1.170006,35.145950,0.000000,0.000000,45.140339,0.000000,0.000000,73.984772,173.609779,9.873775,0.000000,41.999311,5.168948,6.178904,0.000000,0.000000,0.000000,57.086511,0.000000,23.828090,61.927084,115.764000,365.621300,65.590803,40.660253,0.000000,33.601710,46.787784,88.416684,0.000000,8.046226,0.000000,0.000000,6.507398,1.649637,12.232396,16.190769,0.000000,36.552985,0.000000,14.904615,0,0,0,0,0

22,05:15-05:30,401.556375,24.619144,14.471802,9.359519,78.690579,11.045815,12.581232,0.000000,116.822951,46.871970,1.170006,35.145950,0.000000,0.000000,45.140339,0.000000,0.000000,73.984772,173.609779,9.873775,0.000000,31.499484,5.168948,6.178904,0.000000,0.000000,0.000000,57.086511,0.000000,23.828090,61.927084,115.764000,365.621300,65.590803,40.660253,0.000000,33.601710,46.787784,88.416684,0.000000,8.046226,0.000000,0.000000,6.507398,1.649637,12.232396,7.359442,0.000000,36.552985,0.000000,14.904615,0,0,0,0,0

23,05:30-05:45,401.556375,24.619144,14.471802,8.508654,78.690579,11.045815,12.581232,0.000000,116.822951,46.871970,1.170006,35.145950,0.000000,0.000000,45.140339,0.000000,0.000000,73.984772,173.609779,9.873775,0.000000,21.005729,5.168948,6.178904,0.000000,0.000000,0.000000,57.086511,0.000000,23.828090,61.927084,115.764000,365.621300,65.590803,40.660253,0.000000,33.601710,46.787784,88.416684,0.000000,8.046226,0.000000,0.000000,6.507398,1.649637,12.232396,10.303217,0.000000,36.552985,0.000000,14.904615,0,0,0,0,0

24,05:45-06:00,401.556375,24.619144,14.471802,8.508654,78.690579,11.045815,12.581232,0.000000,116.822951,46.871970,1.170006,35.145950,0.000000,0.000000,45.140339,0.000000,0.000000,73.984772,173.609779,9.873775,0.000000,10.499828,5.168948,6.178904,0.000000,0.000000,0.000000,57.086511,0.000000,23.828090,61.927084,115.764000,365.621300,65.590803,40.660253,0.000000,33.601710,46.787784,88.416684,0.000000,8.046226,0.000000,0.000000,6.507398,1.649637,12.232396,76.538183,0.000000,36.552985,0.000000,14.904615,0,0,0,0,0

25,06:00-06:15,401.556375,34.583530,14.471802,7.090545,113.490009,13.505800,12.581232,0.000000,116.832212,46.871970,1.170006,35.145950,0.000000,0.000000,55.935718,0.000000,0.000000,73.984772,173.609779,9.873775,0.000000,0.000000,5.168948,11.739917,0.000000,0.000000,0.000000,57.086511,0.000000,28.946692,90.983751,115.764000,365.621300,65.590803,40.660253,0.000000,33.601710,46.787784,122.808722,0.000000,8.046226,0.000000,0.000000,6.507398,1.649637,15.142124,76.538183,0.000000,36.552985,0.000000,17.144869,0,0,0,0,0

26,06:15-06:30,401.556375,34.583530,14.471802,7.090545,113.490009,13.505800,12.581232,0.000000,116.832212,46.871970,1.170006,35.145950,0.000000,0.000000,55.935718,0.000000,0.000000,73.984772,173.609779,9.873775,0.000000,0.000000,5.168948,11.739917,0.000000,0.000000,0.000000,57.086511,0.000000,28.946692,90.983751,115.764000,365.621300,65.590803,40.660253,0.000000,33.601710,46.787784,122.808722,0.000000,8.046226,0.000000,0.000000,6.507398,1.649637,15.142124,76.538183,0.000000,36.552985,0.000000,18.421718,0,0,0,0,0

27,06:30-06:45,401.556375,34.583530,14.471802,5.105192,113.490009,15.708403,12.581232,0.000000,116.832212,46.871970,1.170006,35.145950,0.000000,0.000000,55.935718,0.000000,0.000000,73.984772,173.609779,9.873775,0.000000,0.000000,5.168948,11.739917,0.000000,0.000000,0.000000,57.086511,0.000000,28.946692,90.983751,115.764000,365.621300,65.590803,40.660253,0.000000,33.601710,46.787784,122.808722,0.000000,8.046226,0.000000,0.000000,6.507398,1.649637,15.142124,76.538183,0.000000,36.552985,0.000000,18.421718,0,0,0,0,0

28,06:45-07:00,401.556375,34.583530,14.471802,5.105192,113.490009,15.708403,12.581232,0.000000,116.832212,46.871970,1.170006,35.145950,0.000000,0.000000,55.935718,0.000000,0.000000,73.984772,173.609779,9.873775,0.000000,0.000000,5.168948,6.178904,0.000000,0.000000,0.000000,57.086511,0.000000,28.946692,90.983751,115.764000,365.621300,65.590803,40.660253,0.000000,33.601710,46.787784,122.808722,0.000000,8.046226,0.000000,0.000000,6.507398,1.649637,15.142124,76.538183,0.000000,36.552985,0.000000,18.421718,0,0,0,0,0

29,07:00-07:15,401.556375,28.704359,14.471802,5.388814,94.215303,12.814303,12.581232,0.000000,116.832212,46.871970,1.170006,35.145950,0.000000,0.000000,55.935718,0.000000,0.000000,73.984772,173.609779,9.873775,0.000000,0.000000,5.168948,6.178904,0.000000,0.000000,0.000000,57.086511,0.000000,23.828090,90.983751,115.764000,365.621300,65.590803,40.660253,0.000000,33.601710,46.787784,122.808722,0.000000,8.046226,0.000000,0.000000,6.507398,1.649637,12.232396,76.538183,0.000000,36.552985,0.000000,14.904615,0,0,0,0,0

30,07:15-07:30,401.556375,28.704359,14.471802,5.388814,94.215303,12.814303,12.581232,0.000000,116.832212,46.871970,1.170006,35.145950,0.000000,0.000000,55.935718,0.000000,0.000000,73.984772,173.609779,9.873775,0.000000,0.000000,5.168948,6.178904,0.000000,0.000000,0.000000,57.086511,0.000000,23.828090,90.983751,115.764000,365.621300,65.590803,40.660253,0.000000,33.601710,46.787784,122.808722,0.000000,8.046226,0.000000,0.000000,6.507398,1.649637,12.232396,8.831329,0.000000,36.552985,0.000000,14.904615,0,0,0,0,0

31,07:30-07:45,401.556375,28.704359,14.471802,5.388814,94.215303,12.814303,12.581232,0.000000,116.832212,46.871970,1.170006,35.145950,0.000000,0.000000,55.935718,0.000000,0.000000,75.105754,173.609779,9.873775,0.000000,0.000000,5.168948,11.739917,0.000000,0.000000,0.000000,57.086511,0.000000,23.828090,90.983751,115.764000,365.621300,65.590803,40.660253,0.000000,33.601710,46.787784,122.808722,0.000000,8.046226,0.000000,0.000000,6.507398,1.649637,12.232396,4.121287,0.000000,36.552985,0.000000,14.904615,0,0,0,0,0

32,07:45:08:00,401.556375,28.704359,14.471802,6.239680,94.215303,12.814303,12.581232,0.000000,116.832212,46.871970,1.170006,35.145950,0.000000,0.000000,55.935718,0.000000,0.000000,75.105754,173.609779,9.873775,0.000000,0.000000,5.168948,11.739917,0.000000,0.000000,0.000000,57.086511,0.000000,23.828090,90.983751,115.764000,365.621300,65.590803,40.660253,0.000000,33.601710,46.787784,122.808722,0.000000,8.046226,0.000000,0.000000,6.507398,1.649637,12.232396,16.190769,0.000000,36.552985,0.000000,14.904615,0,0,0,0,0

33,08:00-08:15,403.836154,28.704359,14.471802,6.239680,123.309498,12.814303,12.581232,0.000000,116.832212,46.871970,1.170006,35.145950,0.000000,0.000000,55.935718,0.000000,0.000000,75.105754,173.609779,9.873775,0.000000,0.000000,5.168948,11.739917,0.000000,0.000000,0.000000,57.086511,0.000000,23.828090,90.983751,115.764000,365.621300,65.590803,40.660253,0.000000,33.601710,46.787784,122.808722,0.000000,8.046226,0.000000,0.000000,6.507398,1.649637,12.232396,17.662658,0.000000,36.552985,0.000000,14.904615,0,0,0,0,0

34,08:15-08:30,403.987419,28.704359,14.471802,6.239680,123.309498,12.814303,12.581232,0.000000,116.832212,46.871970,1.170006,35.145950,0.000000,0.000000,55.935718,0.000000,0.000000,75.105754,173.609779,9.873775,0.000000,0.000000,5.168948,6.796794,0.000000,0.000000,0.000000,57.086511,0.000000,23.828090,90.983751,115.764000,365.621300,65.590803,40.660253,0.000000,33.601710,46.787784,122.808722,0.000000,8.046226,0.000000,0.000000,6.507398,1.649637,12.232396,17.662658,0.000000,36.552985,0.000000,14.904615,0,0,0,0,0

35,08:30-08:45,403.987419,34.583530,14.471802,6.239680,142.584204,12.814303,12.581232,0.000000,116.832212,46.871970,1.170006,39.938580,0.000000,0.000000,55.935718,0.000000,0.000000,75.105754,173.609779,9.873775,0.000000,0.000000,5.168948,6.796794,0.000000,0.000000,0.000000,57.086511,0.000000,23.828090,90.983751,115.764000,365.621300,65.590803,40.660253,0.000000,33.601710,46.787784,122.808722,0.000000,8.046226,0.000000,0.000000,6.507398,1.649637,12.232396,17.662658,0.000000,36.552985,0.000000,14.904615,0,0,0,0,0

36,08:45:09:00,403.987419,34.583530,14.471802,6.239680,142.584204,12.814303,12.581232,0.000000,116.832212,46.871970,1.170006,39.938580,0.000000,0.000000,55.935718,0.000000,0.000000,75.105754,173.609779,9.873775,0.000000,0.000000,5.168948,11.739917,0.000000,0.000000,0.000000,57.086511,0.000000,23.828090,90.983751,115.764000,365.621300,65.590803,40.660253,0.000000,33.601710,46.787784,122.808722,0.000000,8.046226,0.000000,0.000000,6.507398,1.649637,12.232396,17.662658,0.000000,36.552985,0.000000,14.904615,0,0,0,0,0

37,09:00:09:15,403.987419,34.583530,14.471802,6.239680,113.514513,12.814303,12.581232,0.000000,116.832212,46.871970,1.170006,39.938580,0.000000,0.000000,55.935718,0.000000,0.000000,75.105754,173.609779,9.873775,0.000000,0.000000,5.168948,11.739917,0.000000,0.000000,0.000000,57.086511,0.000000,23.828090,60.965181,115.764000,365.621300,65.590803,40.660253,0.000000,33.601710,46.787784,122.808722,0.000000,8.046226,0.000000,0.000000,6.507398,1.649637,12.232396,17.662658,0.000000,36.552985,0.000000,14.904615,0,0,0,0,0

38,09:15-09:30,403.987419,34.583530,14.471802,6.239680,113.514513,12.814303,12.581232,0.000000,116.832212,46.871970,1.170006,39.938580,0.000000,0.000000,55.935718,0.000000,0.000000,75.105754,173.609779,9.873775,0.000000,0.000000,5.168948,11.739917,0.000000,0.000000,0.000000,57.086511,0.000000,23.828090,60.965181,115.764000,365.621300,65.590803,40.660253,0.000000,33.601710,46.787784,122.808722,0.000000,8.046226,0.000000,0.000000,6.507398,1.649637,12.232396,17.662658,0.000000,36.552985,0.000000,14.904615,0,0,0,0,0

39,09:30-09:45,403.987419,34.583530,14.471802,6.523301,113.514513,12.814303,12.581232,0.000000,116.832212,46.871970,1.170006,39.938580,0.000000,0.000000,55.935718,0.000000,0.000000,71.742810,173.609779,9.873775,0.000000,0.000000,5.168948,6.796794,0.000000,0.000000,0.000000,57.086511,0.000000,23.828090,60.965181,115.764000,365.621300,65.590803,40.660253,0.000000,33.601710,46.787784,122.808722,0.000000,8.046226,0.000000,0.000000,6.507398,1.649637,12.232396,17.662658,0.000000,36.552985,0.000000,14.904615,0,0,0,0,0

40,09:45-10:00,403.987419,34.583530,14.471802,6.523301,113.514513,12.814303,12.581232,0.000000,116.832212,46.871970,1.170006,39.938580,0.000000,0.000000,55.935718,0.000000,0.000000,71.742810,173.609779,9.873775,0.000000,0.000000,5.168948,9.886246,0.000000,0.000000,0.000000,57.086511,0.000000,23.828090,60.965181,115.764000,365.621300,65.590803,40.660253,0.000000,33.601710,46.787784,122.808722,0.000000,8.046226,0.000000,0.000000,6.507398,1.649637,12.232396,17.662658,0.000000,36.552985,0.000000,14.904615,0,0,0,0,0

41,10:00-10:15,403.987419,34.583530,14.471802,5.672436,113.514513,12.814303,12.581232,0.000000,106.969120,46.871970,1.170006,46.861267,0.000000,0.000000,45.145452,0.000000,0.000000,71.742810,173.609779,9.873775,0.000000,0.000000,5.168948,9.886246,0.000000,0.000000,0.000000,57.086511,0.000000,23.828090,60.965181,115.764000,365.621300,65.590803,40.660253,0.000000,33.601710,46.787784,88.416684,0.000000,8.046226,0.000000,0.000000,6.507398,1.649637,12.232396,17.662658,0.000000,36.552985,0.000000,14.904615,0,0,0,0,0

42,10:15-10:30,403.987419,34.583530,14.471802,5.672436,113.514513,12.814303,12.581232,0.000000,106.969120,46.871970,1.170006,46.861267,0.000000,0.000000,45.145452,0.000000,0.000000,71.742810,173.609779,9.873775,0.000000,0.000000,5.168948,9.886246,0.000000,0.000000,0.000000,57.086511,0.000000,23.828090,60.965181,115.764000,365.621300,65.590803,40.660253,0.000000,33.601710,46.787784,88.416684,0.000000,8.046226,0.000000,0.000000,6.507398,1.649637,12.232396,17.662658,0.000000,36.552985,0.000000,14.904615,0,0,0,0,0

43,10:30-10:45,403.987419,34.583530,14.471802,7.232356,113.514513,12.814303,12.581232,0.000000,116.832212,46.871970,1.170006,46.861267,0.000000,0.000000,74.211187,0.000000,0.000000,71.742810,173.609779,9.873775,0.000000,0.000000,5.168948,9.886246,0.000000,0.000000,0.000000,57.086511,0.000000,24.619144,60.965181,115.764000,365.621300,65.590803,40.660253,0.000000,33.601710,46.787784,88.416684,0.000000,8.046226,0.000000,0.000000,6.507398,1.649637,12.232396,17.662658,0.000000,36.552985,0.000000,14.904615,0,0,0,0,0

44,10:45-11:00,403.987419,34.583530,14.471802,7.232356,113.514513,12.814303,12.581232,0.000000,116.832212,46.871970,1.170006,46.861267,0.000000,0.000000,77.620051,0.000000,0.000000,71.742810,173.609779,9.873775,0.000000,0.000000,5.168948,9.886246,0.000000,0.000000,0.000000,57.086511,0.000000,24.619144,60.965181,115.764000,365.621300,65.590803,40.660253,0.000000,33.601710,46.787784,88.416684,0.000000,8.046226,0.000000,0.000000,6.507398,1.649637,12.232396,17.662658,0.000000,36.552985,0.000000,14.904615,0,0,0,0,0

45,11:00-11:15,403.987419,34.583530,14.471802,6.239680,113.514513,12.814303,12.581232,0.000000,116.832212,46.871970,1.170006,46.861267,0.000000,0.000000,93.223013,0.000000,0.000000,49.323182,173.609779,9.873775,0.000000,0.000000,5.168948,10.380558,0.000000,0.000000,0.000000,57.086511,0.000000,24.619144,90.983751,115.764000,365.621300,65.590803,40.660253,0.000000,33.601710,46.787784,122.808722,0.000000,8.046226,0.000000,0.000000,6.507398,1.649637,12.232396,16.190769,0.000000,36.552985,0.000000,14.904615,0,0,0,0,0

46,11:15-11:30,403.987419,34.583530,14.471802,6.239680,113.514513,12.814303,12.581232,0.000000,116.832212,46.871970,1.170006,46.861267,0.000000,0.000000,93.223013,0.000000,0.000000,49.323182,173.609779,9.873775,0.000000,0.000000,5.168948,10.380558,0.000000,0.000000,0.000000,57.086511,0.000000,24.619144,91.077520,115.764000,365.621300,65.590803,40.660253,0.000000,33.601710,46.787784,122.808722,0.000000,8.046226,0.000000,0.000000,6.507398,1.649637,12.232396,16.190769,0.000000,36.552985,0.000000,14.904615,0,0,0,0,0

47,11:30-11:45,403.987419,34.583530,14.471802,6.239680,113.514513,11.045815,12.581232,0.000000,116.832212,46.871970,1.170006,29.820806,0.000000,0.000000,99.439154,0.000000,0.000000,49.323182,173.609779,9.873775,0.000000,0.000000,5.168948,10.380558,0.000000,0.000000,0.000000,57.086511,0.000000,24.619144,91.077520,115.764000,365.621300,65.590803,40.660253,0.000000,33.601710,46.787784,122.808722,0.000000,8.046226,0.000000,0.000000,6.507398,1.649637,12.232396,16.190769,0.000000,36.552985,0.000000,14.904615,0,0,0,0,0

48,11:45-12:00,403.987419,30.247493,14.471802,6.239680,96.855880,11.045815,12.581232,0.000000,116.832212,46.871970,1.170006,29.820806,0.000000,0.000000,105.655295,0.000000,0.000000,49.323182,173.609779,9.873775,0.000000,0.000000,5.168948,10.380558,0.000000,0.000000,0.000000,57.086511,0.000000,24.619144,91.077520,115.764000,365.621300,65.590803,40.660253,0.000000,33.601710,46.787784,122.808722,0.000000,8.046226,0.000000,0.000000,6.507398,1.649637,12.232396,0.000000,0.000000,36.552985,0.000000,14.904615,0,0,0,0,0

49,12:00-12:15,403.987419,24.715614,14.471802,6.239680,78.690579,11.045815,12.581232,0.000000,116.832212,46.871970,1.170006,29.820806,0.000000,0.000000,111.871436,0.000000,0.000000,49.323182,173.609779,9.873775,0.000000,0.000000,5.168948,10.380558,0.000000,0.000000,0.000000,57.086511,0.000000,24.619144,72.851687,115.764000,365.621300,65.590803,40.660253,0.000000,33.601710,46.787784,122.808722,0.000000,8.046226,0.000000,0.000000,6.507398,1.649637,12.232396,0.000000,0.000000,36.552985,0.000000,14.904615,0,0,0,0,0

50,12:15-12:30,403.987419,24.715614,14.471802,6.239680,78.690579,11.045815,12.581232,0.000000,116.832212,46.871970,1.170006,29.820806,0.000000,0.000000,117.145643,0.000000,0.000000,49.323182,173.609779,9.873775,0.000000,0.000000,5.168948,10.380558,0.000000,0.000000,0.000000,57.086511,0.000000,24.619144,60.993158,115.764000,365.621300,65.590803,40.660253,0.000000,33.601710,46.787784,122.808722,0.000000,8.046226,0.000000,0.000000,6.507398,1.649637,12.232396,0.000000,0.000000,36.552985,0.000000,14.904615,0,0,0,0,0

51,12:30-12:45,403.987419,25.082200,14.471802,6.239680,107.113921,11.576400,12.581232,0.000000,116.832212,46.871970,1.170006,29.820806,0.000000,0.000000,101.553969,0.000000,0.000000,49.323182,173.609779,9.873775,0.000000,0.000000,5.168948,10.380558,0.000000,0.000000,0.000000,57.086511,0.000000,24.117500,60.993158,115.764000,366.586000,65.590803,40.660253,0.000000,33.601710,46.787784,109.133896,0.000000,8.046226,0.000000,0.000000,6.507398,1.649637,12.541100,0.000000,0.000000,36.552985,0.000000,14.952850,0,0,0,0,0

52,12:45-13:00,403.987419,32.877941,14.471802,6.239680,107.113921,11.576400,12.581232,0.000000,116.832212,46.871970,1.170006,29.820806,0.000000,0.000000,101.553969,0.000000,0.000000,49.323182,173.609779,9.873775,0.000000,0.000000,5.168948,10.380558,0.000000,0.000000,0.000000,57.086511,0.000000,24.117500,91.077520,115.764000,366.586000,65.590803,40.660253,0.000000,33.601710,46.787784,98.062237,0.000000,8.046226,0.000000,0.000000,6.507398,1.649637,12.541100,0.000000,0.000000,36.552985,0.000000,14.952850,0,0,0,0,0

53,13:00-13:15,403.987419,32.877941,14.471802,6.239680,107.113921,11.576400,12.581232,0.000000,129.269800,46.871970,1.170006,29.820806,0.000000,0.000000,101.553969,0.000000,0.000000,62.774958,173.609779,9.873775,0.000000,0.000000,5.168948,10.380558,0.000000,0.000000,0.000000,57.086511,0.000000,24.117500,91.077520,115.764000,366.586000,65.590803,40.660253,0.000000,33.601710,46.787784,98.062237,0.000000,8.046226,0.000000,0.000000,6.507398,1.649637,12.541100,0.000000,0.000000,36.552985,0.000000,14.952850,0,0,0,0,0

54,13:15-13:30,403.987419,32.877941,14.471802,6.239680,107.113921,11.576400,12.581232,0.000000,129.269800,46.871970,1.170006,29.820806,0.000000,0.000000,101.553969,0.000000,0.000000,73.984772,173.609779,9.873775,0.000000,0.000000,5.168948,10.380558,0.000000,0.000000,0.000000,57.086511,0.000000,24.117500,91.077520,115.764000,366.586000,65.590803,40.660253,0.000000,33.601710,46.787784,98.062237,0.000000,8.046226,0.000000,0.000000,6.507398,1.649637,12.541100,0.000000,0.000000,36.552985,0.000000,14.952850,0,0,0,0,0

55,13:30-13:45,403.987419,32.877941,14.471802,6.239680,107.113921,11.576400,12.581232,0.000000,98.959891,46.871970,1.170006,29.820806,0.000000,0.000000,101.081266,0.000000,0.000000,73.984772,173.609779,9.873775,0.000000,0.000000,5.168948,10.380558,0.000000,0.000000,0.000000,57.086511,0.000000,24.117500,91.077520,115.764000,365.621300,65.590803,40.660253,0.000000,33.601710,46.787784,97.213301,0.000000,8.046226,0.000000,0.000000,6.507398,1.649637,12.541100,0.000000,0.000000,36.552985,0.000000,14.952850,0,0,0,0,0

56,13:45-14:00,403.987419,32.877941,14.471802,6.239680,107.113921,11.576400,12.581232,0.000000,99.296475,46.871970,1.170006,29.820806,0.000000,0.000000,101.081266,0.000000,0.000000,73.984772,173.609779,9.873775,0.000000,0.000000,5.168948,10.380558,0.000000,0.000000,0.000000,57.086511,0.000000,24.117500,91.077520,115.764000,365.621300,65.590803,40.660253,0.000000,33.601710,46.787784,97.213301,0.000000,8.046226,0.000000,0.000000,6.507398,1.649637,12.541100,0.000000,0.000000,36.552985,0.000000,14.952850,0,0,0,0,0

57,14:00-14:15,403.987419,38.310825,14.471802,6.239680,125.887109,14.495003,6.290616,0.000000,99.633058,46.871970,1.170006,29.820806,0.000000,0.000000,101.081266,0.000000,0.000000,80.710661,173.609779,9.873775,0.000000,0.000000,5.168948,10.380558,0.000000,0.000000,0.000000,57.086511,0.000000,24.117500,91.077520,115.764000,365.621300,65.590803,40.660253,0.000000,33.601710,46.787784,97.213301,0.000000,8.046226,0.000000,0.000000,6.507398,1.649637,12.541100,0.000000,0.000000,36.552985,0.000000,14.952850,0,0,0,0,0

58,14:15-14:30,403.987419,38.400173,14.471802,6.239680,126.271319,14.495003,6.290616,0.000000,99.633058,46.871970,1.170006,29.820806,0.000000,0.000000,101.081266,0.000000,0.000000,80.710661,173.609779,9.873775,0.000000,0.000000,5.168948,10.380558,0.000000,0.000000,0.000000,57.086511,0.000000,24.117500,91.077520,115.764000,365.621300,65.590803,40.660253,0.000000,33.601710,46.787784,97.213301,0.000000,8.046226,0.000000,0.000000,6.507398,1.649637,12.541100,0.000000,0.000000,36.552985,0.000000,14.952850,0,0,0,0,0

59,14:30-14:45,403.987419,38.400173,14.471802,6.239680,126.271319,17.757040,6.290616,0.000000,139.505363,46.871970,1.170006,29.820806,0.000000,0.000000,119.989386,0.000000,0.000000,80.710661,173.609779,9.873775,0.000000,0.000000,5.168948,10.380558,0.000000,0.000000,0.000000,57.086511,0.000000,28.840575,93.533397,115.764000,365.621300,65.590803,40.660253,0.000000,33.601710,46.787784,125.970622,0.000000,8.046226,0.000000,0.000000,6.507398,1.649637,14.640480,0.000000,0.000000,36.552985,0.000000,18.132308,0,0,0,0,0

60,14:45-15:00,403.987419,38.400173,14.471802,6.239680,126.271319,17.757040,6.290616,0.000000,139.505363,46.871970,1.170006,29.820806,0.000000,0.000000,119.989386,0.000000,0.000000,80.710661,173.609779,9.873775,0.000000,0.000000,5.168948,10.380558,0.000000,0.000000,0.000000,57.086511,0.000000,28.840575,93.533397,115.764000,365.621300,65.590803,40.660253,0.000000,33.601710,46.787784,125.970622,0.000000,8.046226,0.000000,0.000000,6.507398,1.649637,14.640480,0.000000,0.000000,36.552985,0.000000,18.132308,0,0,0,0,0

61,15:00-15:15,403.987419,38.400173,14.471802,6.239680,126.271319,17.757040,6.290616,0.000000,139.505363,46.871970,1.170006,29.820806,0.000000,0.000000,119.989386,0.000000,0.000000,80.710661,173.609779,9.873775,0.000000,0.000000,5.168948,5.561013,0.000000,0.000000,0.000000,57.086511,0.000000,37.454188,93.533397,115.764000,400.350500,65.590803,40.660253,0.000000,33.601710,46.787784,125.970622,0.000000,8.046226,0.000000,0.000000,6.507398,1.649637,18.970536,0.000000,0.000000,36.552985,0.000000,23.425135,0,0,0,0,0

62,15:15-15:30,403.987419,38.400173,14.471802,6.239680,126.271319,17.757040,6.290616,0.000000,139.505363,46.871970,1.170006,29.820806,0.000000,0.000000,119.989386,0.000000,0.000000,80.710661,173.609779,9.873775,0.000000,0.000000,5.168948,5.561013,0.000000,0.000000,0.000000,57.086511,0.000000,37.454188,93.533397,115.764000,438.938500,65.590803,40.660253,0.000000,33.601710,46.787784,125.970622,0.000000,8.046226,0.000000,0.000000,6.507398,1.649637,18.970536,0.000000,0.000000,36.552985,0.000000,23.425135,0,0,0,0,0

63,15:30-15:45,403.987419,42.745857,14.471802,6.097869,143.065010,17.757040,6.290616,0.000000,139.505363,46.871970,1.170006,29.820806,0.000000,0.000000,119.989386,0.000000,0.000000,73.984772,173.609779,9.873775,0.000000,0.000000,5.168948,5.561013,0.000000,0.000000,0.000000,57.086511,0.000000,37.454188,93.533397,115.764000,467.879500,65.590803,40.660253,0.000000,33.601710,46.787784,125.970622,0.000000,8.046226,0.000000,0.000000,6.507398,1.649637,18.970536,0.000000,0.000000,36.552985,0.000000,23.425135,0,0,0,0,0

64,15:45-16:00,403.987419,42.745857,14.471802,5.956058,143.065010,17.757040,6.290616,0.000000,139.505363,46.871970,1.170006,29.820806,0.000000,0.000000,119.989386,0.000000,0.000000,73.984772,173.609779,9.873775,0.000000,0.000000,5.168948,10.380558,0.000000,0.000000,0.000000,57.086511,0.000000,37.454188,93.533397,115.764000,477.526500,65.590803,40.660253,0.000000,33.601710,46.787784,125.970622,0.000000,8.046226,0.000000,0.000000,6.507398,1.649637,18.970536,0.000000,0.000000,36.552985,0.000000,23.425135,0,0,0,0,0

65,16:00-16:15,403.987419,31.620937,14.471802,5.956058,143.065010,17.757040,6.290616,0.000000,139.505363,46.871970,1.170006,40.471094,0.000000,0.000000,119.989386,0.000000,0.000000,73.984772,173.609779,9.873775,0.000000,0.000000,5.168948,10.380558,0.000000,0.000000,0.000000,57.086511,0.000000,37.454188,93.533397,115.764000,487.173500,65.590803,40.660253,0.000000,33.601710,46.787784,125.970622,0.000000,8.046226,0.000000,0.000000,6.507398,1.649637,18.970536,0.000000,0.000000,36.552985,0.000000,23.425135,0,0,0,0,0

66,16:15-16:30,403.987419,31.620937,14.471802,5.956058,143.065010,17.757040,6.290616,0.000000,139.505363,46.871970,1.170006,40.471094,0.000000,0.000000,119.989386,0.000000,0.000000,73.984772,173.609779,9.873775,0.000000,0.000000,5.168948,10.380558,0.000000,0.000000,0.000000,57.086511,0.000000,37.454188,93.533397,115.764000,496.820500,65.590803,40.660253,0.000000,33.601710,46.787784,125.970622,0.000000,8.046226,0.000000,0.000000,6.507398,1.649637,18.970536,0.000000,0.000000,36.552985,0.000000,23.425135,0,0,0,0,0

67,16:30-16:45,403.987419,31.620937,14.471802,5.956058,143.065010,17.757040,6.290616,0.000000,139.505363,46.871970,1.170006,40.471094,0.000000,0.000000,119.989386,0.000000,0.000000,73.984772,173.609779,9.873775,0.000000,0.000000,5.168948,10.380558,0.000000,0.000000,0.000000,57.086511,0.000000,37.454188,93.533397,115.764000,496.820500,65.590803,40.660253,0.000000,33.601710,46.787784,125.970622,0.000000,8.046226,0.000000,0.000000,6.507398,1.649637,18.970536,4.121287,0.000000,36.552985,0.000000,23.425135,0,0,0,0,0

68,16:45-17:00,403.987419,31.620937,14.471802,5.956058,143.065010,17.757040,6.290616,0.000000,139.505363,46.871970,1.170006,40.471094,0.000000,0.000000,119.989386,0.000000,0.000000,73.984772,173.609779,9.873775,0.000000,0.000000,5.168948,10.380558,0.000000,0.000000,0.000000,57.086511,0.000000,37.454188,93.533397,115.764000,487.173500,65.590803,40.660253,0.000000,33.601710,46.787784,125.970622,0.000000,8.046226,0.000000,0.000000,6.507398,1.649637,18.970536,16.190769,0.000000,36.552985,0.000000,23.425135,0,0,0,0,0

69,17:00-17:15,403.987419,31.620937,14.471802,5.956058,143.065010,17.757040,6.290616,0.000000,139.505363,46.871970,1.170006,46.861267,0.000000,0.000000,119.989386,0.000000,0.000000,73.984772,173.609779,9.873775,0.000000,0.000000,5.168948,10.380558,0.000000,0.000000,0.000000,57.086511,0.000000,31.805001,93.533397,115.764000,409.997500,65.590803,40.660253,0.000000,33.601710,46.787784,125.970622,0.000000,8.046226,0.000000,0.000000,6.507398,1.649637,16.070455,16.190769,0.000000,36.552985,0.000000,19.917679,0,0,0,0,0

70,17:15-17:30,403.987419,31.620937,14.471802,5.956058,143.065010,17.757040,6.290616,0.000000,139.505363,46.871970,1.170006,46.861267,0.000000,0.000000,119.989386,5.966103,0.000000,73.984772,173.609779,9.873775,0.000000,0.000000,5.168948,10.380558,0.000000,0.000000,0.000000,57.086511,0.000000,31.805001,93.533397,115.764000,365.621300,65.590803,40.660253,0.000000,33.601710,46.787784,125.970622,0.000000,8.046226,0.000000,0.000000,6.507398,1.649637,16.070455,16.190769,0.000000,36.552985,0.000000,19.917679,0,0,0,0,0

71,17:30-17:45,403.987419,31.620937,14.471802,5.956058,143.065010,17.757040,6.290616,0.000000,139.505363,46.871970,1.170006,46.861267,0.000000,0.000000,119.989386,5.966103,0.000000,73.984772,173.609779,9.873775,0.000000,0.000000,5.168948,10.380558,0.000000,0.000000,0.000000,57.086511,0.000000,31.805001,93.533397,115.764000,366.586000,65.590803,40.660253,0.000000,33.601710,46.787784,125.970622,0.000000,8.046226,0.000000,0.000000,6.507398,1.659284,16.070455,16.190769,0.000000,36.552985,0.000000,19.917679,0,0,0,0,0

72,17:45-18:00,403.987419,31.620937,14.471802,5.956058,143.065010,17.757040,6.290616,0.000000,139.505363,46.871970,1.170006,46.861267,0.000000,0.000000,119.989386,10.824654,0.000000,73.984772,173.609779,9.873775,0.000000,0.000000,5.168948,10.380558,0.000000,0.000000,0.000000,57.086511,0.000000,31.805001,93.533397,115.764000,366.586000,65.590803,40.660253,0.000000,33.601710,46.787784,125.970622,0.000000,8.046226,0.000000,0.000000,6.507398,1.659284,16.070455,22.078321,0.000000,36.552985,0.000000,19.917679,0,0,0,0,0

73,18:00-18:15,403.987419,31.620937,14.471802,4.679760,142.968540,17.757040,6.290616,0.000000,139.505363,46.871970,1.170006,46.861267,0.000000,0.000000,119.989386,18.173669,0.000000,73.984772,173.609779,9.873775,0.000000,0.000000,5.168948,10.380558,0.000000,0.000000,0.000000,57.086511,0.000000,24.117500,93.533397,115.764000,365.621300,65.590803,40.660253,0.000000,33.601710,46.787784,125.970622,0.000000,8.046226,0.000000,0.000000,6.507398,1.649637,12.541100,26.493986,0.000000,36.552985,0.000000,14.952850,0,0,0,0,0

74,18:15-18:30,403.987419,22.456287,14.471802,4.396138,142.968540,17.757040,6.290616,0.000000,139.505363,46.871970,1.170006,46.861267,0.000000,0.000000,119.989386,18.173669,0.000000,73.984772,173.609779,9.873775,0.000000,0.000000,5.168948,10.380558,0.000000,0.000000,0.000000,57.086511,0.000000,24.117500,93.533397,115.764000,365.621300,65.590803,40.660253,0.000000,33.601710,46.787784,125.970622,0.000000,8.046226,0.000000,0.000000,6.507398,1.649637,12.541100,76.538183,0.000000,36.552985,0.000000,14.952850,0,0,0,0,0

75,18:30-18:45,403.987419,22.456287,14.471802,3.828894,142.968540,17.583394,6.290616,0.000000,139.505363,46.871970,1.170006,40.471094,0.000000,0.000000,119.989386,18.173669,0.000000,73.984772,173.609779,9.873775,0.000000,0.000000,5.168948,10.380558,0.000000,0.000000,0.000000,57.086511,0.000000,24.117500,93.533397,136.987400,367.904359,65.590803,40.660253,0.000000,33.601710,46.787784,125.970622,0.000000,8.046226,0.000000,0.000000,6.507398,1.649637,12.541100,76.538183,0.000000,36.552985,0.000000,14.952850,0,0,0,0,0

76,18:45-19:00,403.987419,22.456287,14.471802,3.403462,142.968540,17.757040,18.967353,0.000000,139.505363,46.871970,1.170006,40.471094,0.000000,0.000000,119.989386,18.173669,0.000000,73.984772,175.598498,9.873775,0.000000,0.000000,5.168948,10.504136,0.000000,0.000000,0.000000,57.086511,0.000000,24.117500,93.533397,233.457400,367.904359,65.590803,40.660253,0.000000,33.601710,48.303178,125.970622,0.000000,8.192521,0.000000,0.000000,6.678255,1.649637,12.541100,76.538183,0.000000,38.076025,0.000000,14.952850,0,0,0,0,0

77,19:00-19:15,403.987419,22.456287,14.471802,2.694407,142.968540,20.065760,18.967353,0.000000,139.505363,46.871970,1.170006,40.471094,0.000000,0.000000,119.989386,18.173669,0.000000,73.984772,175.598498,9.873775,0.000000,0.000000,5.168948,5.561013,0.000000,0.000000,0.000000,57.086511,0.000000,29.722600,93.533397,293.150818,370.684528,65.590803,40.660253,0.000000,33.601710,48.303178,125.970622,0.000000,8.192521,0.000000,0.000000,6.678255,2.342774,14.942624,76.538183,0.000000,38.076025,0.000000,18.064483,0,0,0,0,0

78,19:15-19:30,403.987419,22.456287,14.471802,2.694407,142.968540,20.065760,18.967353,0.000000,139.505363,46.871970,1.170006,40.471094,0.000000,0.000000,119.989386,18.173669,0.000000,73.984772,175.598498,9.873775,0.000000,0.000000,5.168948,5.561013,0.000000,0.000000,0.000000,57.086511,0.000000,29.722600,93.533397,338.660636,370.684528,65.590803,40.660253,0.000000,33.601710,48.303178,125.970622,0.000000,8.192521,0.000000,0.000000,6.678255,2.342774,14.942624,76.538183,0.000000,38.076025,0.000000,18.626331,0,0,0,0,0

79,19:30-19:45,403.987419,22.456287,14.471802,3.261651,142.968540,20.065760,18.967353,0.000000,139.505363,46.871970,1.170006,40.471094,0.000000,0.000000,119.989386,18.173669,0.000000,73.984772,175.598498,9.873775,0.000000,0.000000,5.168948,5.561013,0.000000,0.000000,0.000000,57.086511,0.000000,30.812528,93.533397,338.660636,423.939506,65.590803,40.660253,0.000000,33.601710,48.303178,125.970622,0.000000,8.192521,0.000000,0.000000,6.678255,2.486738,18.029146,76.538183,0.000000,38.076025,0.000000,22.650841,0,0,0,0,0

80,19:45-20:00,403.987419,31.620937,14.471802,3.261651,142.968540,20.065760,18.967353,0.000000,139.505363,46.871970,1.170006,40.471094,0.000000,0.000000,119.989386,18.173669,0.000000,73.984772,175.598498,9.873775,0.000000,0.000000,5.168948,10.504136,0.000000,0.000000,0.000000,57.086511,0.000000,36.947355,93.533397,338.932682,513.460128,65.590803,40.660253,0.000000,33.601710,48.303178,125.970622,0.000000,8.192521,0.000000,0.000000,6.678255,2.799684,21.440253,23.550210,0.000000,38.076025,0.000000,26.647237,0,0,0,0,0

81,20:00-20:15,403.987419,31.620937,14.471802,3.545272,142.968540,20.065760,18.967353,0.000000,139.505363,46.871970,1.170006,30.885835,0.000000,0.000000,119.989386,18.173669,0.000000,73.984772,175.598498,9.873775,0.000000,0.000000,5.168948,10.504136,0.000000,0.000000,0.000000,57.086511,0.000000,42.293679,93.533397,358.753504,592.395451,65.590803,40.660253,0.000000,33.601710,48.303178,125.970622,0.000000,8.192521,0.000000,0.000000,6.678255,2.980923,21.831161,16.190769,0.000000,38.076025,0.000000,26.663324,0,0,0,0,0

82,20:15-20:30,403.987419,31.620937,14.471802,3.687083,142.968540,20.065760,18.967353,0.000000,139.505363,46.871970,1.170006,30.885835,0.000000,0.000000,119.989386,18.173669,0.000000,73.984772,175.598498,9.873775,0.000000,0.000000,5.168948,10.504136,0.000000,0.000000,0.000000,57.086511,0.000000,42.742601,93.533397,358.753504,592.395451,65.590803,40.660253,0.000000,33.601710,48.303178,125.970622,0.000000,8.192521,0.000000,0.000000,6.678255,2.980923,21.831161,16.190769,0.000000,38.076025,0.000000,26.663324,0,0,0,0,0

83,20:30-20:45,403.987419,31.620937,14.471802,3.687083,142.968540,20.065760,18.967353,0.000000,139.505363,46.871970,1.170006,30.885835,0.000000,0.000000,119.989386,18.173669,0.000000,73.984772,175.598498,9.873775,0.000000,0.000000,5.168948,10.504136,0.000000,0.000000,0.000000,57.086511,0.000000,42.742601,93.533397,358.753504,592.395451,65.590803,40.660253,0.000000,33.601710,48.303178,125.970622,0.000000,8.192521,0.000000,0.000000,6.678255,2.980923,21.831161,16.190769,0.000000,38.076025,0.000000,26.663324,0,0,0,0,0

84,20:45-21:00,403.987419,31.620937,14.471802,3.970705,142.968540,20.065760,3.183510,0.000000,139.505363,46.871970,1.170006,30.885835,0.000000,0.000000,119.989386,18.136955,0.000000,73.984772,173.609779,9.873775,0.000000,0.000000,5.168948,10.504136,0.000000,0.000000,0.000000,57.086511,0.000000,42.742601,93.533397,367.541246,592.395451,65.590803,40.660253,0.000000,33.601710,46.787784,125.970622,0.000000,8.046226,0.000000,0.000000,6.507398,2.980923,21.831161,16.190769,0.000000,36.552985,0.000000,26.663324,0,0,0,0,0

85,21:00-21:15,403.987419,31.620937,14.471802,3.970705,142.968540,20.065760,3.183510,0.000000,139.505363,46.871970,1.170006,30.885835,0.000000,0.000000,119.989386,18.136955,0.000000,73.984772,173.609779,9.873775,0.000000,0.000000,5.168948,10.504136,0.000000,0.000000,0.000000,57.086511,0.000000,42.742601,93.533397,367.541246,656.296504,65.590803,40.660253,0.000000,33.601710,46.787784,125.970622,0.000000,8.046226,0.000000,0.000000,6.507398,2.980923,21.831161,16.190769,0.000000,36.552985,0.000000,26.663324,0,0,0,0,0

86,21:15-21:30,403.987419,31.620937,14.471802,3.970705,142.968540,20.065760,3.183510,0.000000,139.505363,46.871970,1.170006,30.885835,0.000000,0.000000,119.989386,18.136955,0.000000,73.984772,173.609779,9.873775,0.000000,0.000000,5.168948,10.504136,0.000000,0.000000,0.000000,57.086511,0.000000,42.742601,93.533397,367.541246,663.825455,65.590803,40.660253,0.000000,33.601710,46.787784,125.970622,0.000000,8.046226,0.000000,0.000000,6.507398,2.980923,21.831161,16.190769,0.000000,36.552985,0.000000,26.663324,0,0,0,0,0

87,21:30-21:45,403.987419,31.620937,14.471802,3.119840,142.968540,20.065760,3.183510,0.000000,139.505363,46.871970,1.170006,30.885835,0.000000,0.000000,119.989386,18.136955,0.000000,72.863791,173.609779,9.873775,0.000000,0.000000,5.168948,10.504136,0.000000,0.000000,0.000000,57.086511,0.000000,42.742601,93.533397,396.830696,663.825455,65.590803,40.660253,0.000000,33.601710,46.787784,125.970622,0.000000,8.046226,0.000000,0.000000,6.507398,2.980923,21.831161,16.190769,0.000000,36.552985,0.000000,26.663324,0,0,0,0,0

88,21:45-22:00,403.987419,31.620937,14.471802,3.119840,142.968540,20.065760,18.967353,0.000000,139.505363,46.871970,1.170006,30.885835,0.000000,0.000000,119.989386,18.173669,0.000000,72.863791,175.598498,9.873775,0.000000,0.000000,5.168948,10.504136,0.000000,0.000000,0.000000,57.086511,0.000000,42.742601,93.533397,396.830696,663.825455,65.590803,40.660253,0.000000,33.601710,48.303178,125.970622,0.000000,8.192521,0.000000,0.000000,6.678255,2.980923,21.831161,16.190769,0.000000,38.076025,0.000000,26.663324,0,0,0,0,0

89,22:00-22:15,403.987419,31.620937,14.471802,3.119840,142.968540,20.065760,18.967353,0.000000,139.505363,46.871970,1.170006,30.885835,0.000000,0.000000,119.989386,18.173669,0.000000,72.863791,175.598498,9.873775,0.000000,0.000000,5.168948,10.504136,0.000000,0.000000,0.000000,57.086511,0.000000,42.742601,93.533397,396.830696,663.825455,65.590803,40.660253,0.000000,33.601710,48.303178,125.970622,0.000000,8.192521,0.000000,0.000000,6.678255,2.980923,21.831161,16.190769,0.000000,38.076025,0.000000,26.663324,0,0,0,0,0

90,22:15-22:30,403.987419,31.620937,14.471802,3.119840,142.968540,20.065760,18.967353,0.000000,139.505363,46.871970,1.170006,30.885835,0.000000,0.000000,119.989386,18.173669,0.000000,72.863791,175.598498,9.873775,0.000000,0.000000,5.168948,10.504136,0.000000,0.000000,0.000000,57.086511,0.000000,42.742601,93.533397,396.830696,663.825455,65.590803,40.660253,0.000000,33.601710,48.303178,125.970622,0.000000,8.192521,0.000000,0.000000,6.678255,2.980923,21.831161,16.190769,0.000000,38.076025,0.000000,26.663324,0,0,0,0,0

91,22:30-22:45,403.987419,31.620937,14.471802,4.254327,142.968540,20.065760,18.967353,0.000000,139.505363,46.871970,1.170006,30.885835,0.000000,0.000000,119.989386,18.173669,0.000000,72.863791,175.598498,9.873775,0.000000,0.000000,5.168948,10.504136,0.000000,0.000000,0.000000,57.086511,0.000000,42.742601,93.533397,396.830696,663.825455,65.590803,40.660253,0.000000,33.601710,48.303178,125.970622,0.000000,8.192521,0.000000,0.000000,6.678255,2.980923,21.831161,16.190769,0.000000,38.076025,0.000000,26.663324,0,0,0,0,0

92,22:45-23:00,403.987419,31.620937,14.471802,4.254327,142.968540,20.065760,6.290616,0.000000,139.505363,46.871970,1.170006,30.885835,0.000000,0.000000,119.989386,12.085184,0.000000,72.863791,173.609779,9.873775,0.000000,0.000000,5.168948,10.504136,0.000000,0.000000,0.000000,57.086511,0.000000,42.742601,93.533397,396.830696,663.825455,65.590803,40.660253,0.000000,33.601710,46.787784,125.970622,0.000000,8.046226,0.000000,0.000000,6.507398,2.980923,21.831161,16.190769,0.000000,36.552985,0.000000,26.663324,0,0,0,0,0

93,23:00-23:15,403.987419,31.620937,14.471802,4.254327,142.968540,20.065760,6.290616,0.000000,139.505363,46.871970,1.170006,30.885835,0.000000,0.000000,119.989386,12.085184,0.000000,72.863791,173.609779,9.873775,0.000000,0.000000,5.168948,10.504136,0.000000,0.000000,0.000000,57.086511,0.000000,42.742601,93.533397,396.830696,663.825455,65.590803,40.660253,0.000000,33.601710,46.787784,125.970622,0.000000,8.046226,0.000000,0.000000,6.507398,2.980923,21.831161,18.840168,0.000000,36.552985,0.000000,26.663324,0,0,0,0,0

94,23:15-23:30,403.987419,31.620937,14.471802,4.254327,142.968540,20.065760,6.290616,0.000000,139.505363,46.871970,1.170006,30.885835,0.000000,0.000000,119.989386,12.085184,0.000000,72.863791,173.609779,9.873775,0.000000,0.000000,5.168948,10.504136,0.000000,0.000000,0.000000,57.086511,0.000000,42.742601,93.533397,396.830696,663.825455,65.590803,40.660253,0.000000,33.601710,46.787784,125.970622,0.000000,8.046226,0.000000,0.000000,6.507398,2.980923,21.831161,18.840168,0.000000,36.552985,0.000000,26.663324,0,0,0,0,0

95,23:30-23:45,403.987419,31.620937,14.471802,4.254327,142.968540,20.065760,6.290616,0.000000,139.505363,46.871970,1.170006,30.885835,0.000000,0.000000,119.989386,12.085184,0.000000,72.863791,173.609779,9.873775,0.000000,0.000000,5.168948,10.504136,0.000000,0.000000,0.000000,57.086511,0.000000,42.742601,93.533397,396.830696,663.825455,65.590803,40.660253,0.000000,33.601710,46.787784,125.970622,0.000000,8.046226,0.000000,0.000000,6.507398,2.980923,21.831161,18.840168,0.000000,36.552985,0.000000,26.663324,0,0,0,0,0

96,23:45-24:00,403.987419,31.620937,14.471802,4.254327,142.968540,20.065760,6.290616,0.000000,139.505363,46.871970,1.170006,30.885835,0.000000,0.000000,119.989386,12.085184,0.000000,72.863791,173.609779,9.873775,0.000000,0.000000,5.168948,10.504136,0.000000,0.000000,0.000000,57.086511,0.000000,42.742601,93.533397,396.830696,663.825455,65.590803,40.660253,0.000000,33.601710,46.787784,125.970622,0.000000,8.046226,0.000000,0.000000,6.507398,2.980923,21.831161,18.840168,0.000000,36.552985,0.000000,26.663324,0,0,0,0,0

