Column1,Block,GNARE/NR/2024/12/20/3668,NR/2025/33621/C,NR/2025/32599/A/96805,NR/2025/33233/A/96819,NR/2025/32004/A/97073,NR/2025/32554/A/97054,NR/2025/33469/A/96778,NR/2025/29440/A/96595,NR/2025/32455/A/97134,NR/2025/31421/A/97125,NR/2025/31041/A/97060,NR/2025/31042/A/97061,NR/2025/32375/A/97122,NR/2025/31046/A/97063,NR/2025/31047/A/97062,NR/2025/32559/A/97067,NR/2025/32556/A/97068,NR/2025/32610/A/97066,NR/2025/32262/A/96610,NR/2025/32397/A/96552,NR/2025/29992/A/96690,NR/2025/32598/A/96823,GNA/NR/2025/08/01/2414,NR/01082024/19092033/Chanju/TPDDL/01082024,NR/30092023/31122025/SH-07,NR/2025/33573/C,NR/2025/33624/C,NR/2025/33604/C,NR/2025/33558/C,NR/2025/33600/C,NR/2025/33602/C,NR/2025/33618/C,NR/2025/33619/C,NR/2025/33527/C,NR/2025/33595/C,NR/2025/33574/C,GNA/NR/2025/08/01/4125,GNA/NR/2025/08/01/1196,GNA/NR/2025/08/01/5784,GNA/NR/2025/08/01/5126,GNA/NR/2025/08/01/4452,GNA/NR/2025/08/01/6475,GNA/NR/2025/08/01/6209,GNA/NR/2025/08/01/3698,GNA/NR/2025/08/01/6187,NR/30092023/26122029/SH-06,GNA/NR/2025/08/01/6452,NR/2025/32534/A/97026,NR/2025/32857/A/96591,NR/2025/32534/A/97027,NR/2025/32532/A/97024,NR/2025/32652/A/96568,NR/2025/32535/A/97028,NR/2025/32532/A/97025,NR/2025/32653/A/96571,NR/2025/32535/A/97029,Total
,,SECI_Trader,MES_Delhi,BRPL,PTC,APPCPL,PowerPulse,DIAPL,ITCLH,MANIKARAN,NVVNL,PowerPulse,PowerPulse,NVVNL,PowerPulse,PowerPulse,APPCPL,APPCPL,APPCPL,TPTCL,IEXL,BYPL,PTC,MANIKARAN,DELHI,BAWANA_GAS,PowerPulse,NVVNL,APPCPL,PowerPulse,APPCPL,APPCPL,NVVNL,NVVNL,BYPL,APPCPL,PowerPulse,NDMC,APPCPL,PowerPulse,MANIKARAN,APPCPL,MANIKARAN,MANIKARAN,NDMC,NDMC,PUNJAB,NVVNL,OIDLWM2_AEROCITY,GMRETL,OIDLWM2_AEROCITY,ABLWM1_AEROCITY,GMRETL,OIDLWM3_AEROCITY,ABLWM1_AEROCITY,GMRETL,OIDLWM3_AEROCITY,
,,NA,NA,NA,GoHP_NJPC_STATE,MSEB_State,NA,HIMACHAL_STATE,ANDHRA_PRADESH_STATE,NA,NA,NA,NA,MP_State,NA,NA,NA,NA,NA,MSEB_State,MSEB_State,KERALA_State,GoHP_NJPC_STATE,NA,HIMACHAL_STATE,DELHI_UT,NA,NA,NA,NA,NA,NA,MP_State,NA,KERALA_State,MSEB_State,NA,NA,GOA_State,MSEB_State,MP_State,GOA_State,MSEB_State,NA,NA,NA,DELHI_UT,NA,NA,NA,NA,NA,NA,NA,NA,NA,NA,
,,APSEPL_FTG,NTPCREL_PSS2_KPS2_S,TS1PL_BKN,GoHP_NJPC,AEML,APL_Raipur_TPP,GBHHPL,ITCWIND,MBMP,JPNIGRIE_JNSTPP,MAHAN_ENERGEN,MAHAN_ENERGEN,JP_BINA,APL_Raigarh_TPP,APL_Raigarh_TPP,RKM_POWER,JPL2,RKM_POWER,TPC_MSEB,A_A_Energy_MH_Bio,KSEB,GoHP_NJPC,DBPL,CHANJUII,BAWANA_GAS,MAHAN_ENERGEN,Kameng,RKM_POWER,APL_Raipur_TPP,RKM_POWER,JPL2,JP_BINA,JPNIGRIE_JNSTPP,KSEB,AEML,APL_Raigarh_TPP,SKS_Raigarh,GOA_Beneficiary,Vidarbha_Industry_MH,BLAPOWER_MP,GOA_Beneficiary,AEML,MBMP,TRN_ENERGY,JIPL,BAWANA_GAS,JHABUA_IPP,TESPL_BKN2,JGCPL_BKN2,TCSPL_BKN2,TESPL_BKN2,JGCPL_BKN2,TESPL_BKN2,TCSPL_BKN2,JGCPL_BKN2,TCSPL_BKN2,
,,DELHI_UT,DELHI_UT,DELHI_UT,DELHI_UT,DELHI_UT,DELHI_UT,DELHI_UT,DELHI_UT,DELHI_UT,DELHI_UT,DELHI_UT,DELHI_UT,DELHI_UT,DELHI_UT,DELHI_UT,DELHI_UT,DELHI_UT,DELHI_UT,DELHI_UT,DELHI_UT,DELHI_UT,DELHI_UT,DELHI_UT,DELHI_UT,HARYANA_STATE,DELHI_UT,DELHI_UT,DELHI_UT,DELHI_UT,DELHI_UT,DELHI_UT,DELHI_UT,DELHI_UT,DELHI_UT,DELHI_UT,DELHI_UT,DELHI_UT,DELHI_UT,DELHI_UT,DELHI_UT,DELHI_UT,DELHI_UT,DELHI_UT,DELHI_UT,DELHI_UT,PUNJAB_STATE,DELHI_UT,DELHI_UT,DELHI_UT,DELHI_UT,DELHI_UT,DELHI_UT,DELHI_UT,DELHI_UT,DELHI_UT,DELHI_UT,
,,TPDDL,MES_Delhi,BRPL,BRPL,BYPL,BRPL,DIAPL,ITCLH,BRPL,TPDDL,TPDDL,TPDDL,TPDDL,TPDDL,TPDDL,NDMC,NDMC,NDMC,BYPL,MES_Delhi,BYPL,BRPL,BRPL,TPDDL,HARYANA,TPDDL,TPDDL,NDMC,BRPL,NDMC,NDMC,TPDDL,TPDDL,BYPL,BYPL,TPDDL,NDMC,BRPL,BRPL,BRPL,BRPL,BRPL,BRPL,NDMC,NDMC,PUNJAB,BRPL,OIDLWM2_AEROCITY,MAX_HPTL,OIDLWM2_AEROCITY,ABLWM1_AEROCITY,BLKMH,OIDLWM3_AEROCITY,ABLWM1_AEROCITY,DTCP,OIDLWM3_AEROCITY,
,,North-North,West-North,North-North,North-North,West-North,West-North,North-North,South-West-North,West-North,West-North,West-North,West-North,West-North,West-North,West-North,West-North,West-North,West-North,West-North,West-North,South-West-North,North-North,West-North,North-North,North-North,West-North,North East-East-North,West-North,West-North,West-North,West-North,West-North,West-North,South-West-North,West-North,West-North,West-North,West-North,West-North,West-North,West-North,West-North,West-North,West-North,East-North,North-North,West-North,North-North,North-North,North-North,North-North,North-North,North-North,North-North,North-North,North-North,
1,00:00-00:15,0,0,0,14.45,105.98,163.8,12.53,0.87,48.18,48.18,96.35,0,48.18,96.35,0,26.27,26.27,26.27,54.2,8.67,44.32,81.9,43.7,19.37,0,0,192.7,0,28.9,0,0,0,0,0,0,0,8.76,19.27,96.35,24.09,15.27,20.79,48.18,8.76,17.38,30.5,24.09,0,0,0,0,0,0,0,0,0,1500.8799999999999

2,00:15-00:30,0,0,0,14.45,105.98,163.8,12.53,0.87,48.18,48.18,96.35,0,48.18,96.35,0,26.27,26.27,26.27,54.2,8.67,44.32,81.9,43.7,19.37,0,0,192.7,0,28.9,0,0,0,0,0,0,0,8.76,19.27,96.35,24.09,15.27,20.79,48.18,8.76,17.38,30.5,24.09,0,0,0,0,0,0,0,0,0,1500.8799999999999

3,00:30-00:45,0,0,0,14.45,105.98,163.8,12.53,0.87,48.18,48.18,96.35,0,48.18,96.35,0,26.27,26.27,26.27,54.2,8.67,44.32,81.9,43.7,19.37,26.5,0,192.7,0,28.9,0,0,0,0,0,0,0,8.76,19.27,96.35,24.09,15.27,20.79,48.18,8.76,17.38,30.5,24.09,0,0,0,0,0,0,0,0,0,1527.3799999999999

4,00:45-01:00,0,0,0,14.45,105.98,163.8,12.53,0.87,48.18,48.18,96.35,0,48.18,96.35,0,26.27,26.27,26.27,54.2,8.67,44.32,81.9,43.7,19.37,26.5,0,192.7,0,28.9,0,0,0,0,0,0,0,8.76,19.27,96.35,24.09,15.27,20.79,48.18,8.76,17.38,30.5,24.09,0,0,0,0,0,0,0,0,0,1527.3799999999999

5,01:00-01:15,0,0,0,14.45,105.98,163.8,12.53,0.63,48.18,48.18,96.35,0,48.18,96.35,0,26.27,26.27,26.27,54.2,8.67,44.32,81.9,43.7,19.37,26.5,0,192.7,0,28.9,0,0,0,0,0,0,0,8.76,19.27,96.35,24.09,15.27,20.79,48.18,8.76,17.38,30.5,24.09,0,0,0,0,0,0,0,0,0,1527.1399999999999

6,01:15-01:30,0,0,0,14.45,105.98,163.8,12.53,0.63,48.18,48.18,96.35,0,48.18,96.35,0,26.27,26.27,26.27,54.2,8.67,44.32,81.9,43.7,19.37,26.5,0,192.7,0,28.9,0,0,0,0,0,0,0,8.76,19.27,96.35,24.09,15.27,20.79,48.18,8.76,17.38,30.5,24.09,0,0,0,0,0,0,0,0,0,1527.1399999999999

7,01:30-01:45,0,0,0,14.45,105.98,163.8,12.53,0.63,48.18,48.18,96.35,0,48.18,96.35,0,26.27,26.27,26.27,54.2,8.67,44.32,81.9,43.7,19.37,26.93,0,192.7,0,28.9,0,0,0,0,0,0,0,8.76,19.27,96.35,24.09,15.27,20.79,48.18,8.76,17.38,26.93,24.09,0,0,0,0,0,0,0,0,0,1524

8,01:45-02:00,0,0,0,14.45,105.98,163.8,12.53,0.63,48.18,48.18,96.35,0,48.18,96.35,0,26.27,26.27,26.27,54.2,8.67,44.32,81.9,43.7,19.37,26.93,0,192.7,0,28.9,0,0,0,0,0,0,0,8.76,19.27,96.35,24.09,15.27,20.79,48.18,8.76,17.38,26.93,24.09,0,0,0,0,0,0,0,0,0,1524

9,02:00-02:15,0,0,0,14.45,105.98,163.8,12.53,0.63,0,48.18,96.35,0,48.18,96.35,0,26.27,26.27,26.27,54.2,8.67,44.32,81.9,43.7,19.37,26.93,0,192.7,0,28.9,0,0,0,0,0,0,0,8.76,19.27,96.35,24.09,15.27,20.79,96.35,8.76,17.38,26.93,24.09,0,0,0,0,0,0,0,0,0,1523.9899999999998

10,02:15-02:30,0,0,0,14.45,105.98,163.8,12.53,0.63,0,48.18,96.35,0,48.18,96.35,0,26.27,26.27,26.27,54.2,8.67,44.32,81.9,43.7,19.37,26.93,0,192.7,0,28.9,0,0,0,0,0,0,0,8.76,19.27,96.35,24.09,15.27,20.79,96.35,8.76,17.38,26.93,24.09,0,0,0,0,0,0,0,0,0,1523.9899999999998

11,02:30-02:45,0,0,0,14.45,105.98,163.8,12.53,0.63,0,48.18,96.35,0,48.18,96.35,0,26.27,26.27,26.27,54.2,8.67,44.32,81.9,43.7,19.37,26.93,0,192.7,0,28.9,0,0,0,0,0,0,0,8.76,19.27,96.35,0,15.27,20.79,96.35,8.76,17.38,26.93,24.09,0,0,0,0,0,0,0,0,0,1499.8999999999999

12,02:45-03:00,0,0,0,14.45,105.98,163.8,12.53,0.63,0,48.18,96.35,0,48.18,96.35,0,26.27,26.27,26.27,54.2,8.67,44.32,81.9,43.7,19.37,26.93,0,192.7,0,28.9,0,0,0,0,0,0,0,8.76,19.27,96.35,0,15.27,20.79,96.35,8.76,17.38,26.93,24.09,0,0,0,0,0,0,0,0,0,1499.8999999999999

13,03:00-03:15,0,0,0,14.45,76.71,163.8,12.53,0.53,0,48.18,96.35,0,48.18,96.35,0,26.27,26.27,26.27,54.2,8.67,44.32,81.9,43.7,19.37,26.93,0,192.7,0,28.9,0,0,0,0,0,0,0,8.76,19.27,96.35,0,15.27,20.79,96.35,8.76,17.38,26.93,24.09,0,0,0,0,0,0,0,0,0,1470.5299999999997

14,03:15-03:30,0,0,0,14.45,76.71,163.8,12.53,0.53,0,48.18,96.35,0,48.18,96.35,0,26.27,26.27,26.27,54.2,8.67,44.32,81.9,43.7,19.37,26.93,0,192.7,0,28.9,0,0,0,0,0,0,0,8.76,19.27,96.35,0,15.27,20.79,96.35,8.76,17.38,26.93,24.09,0,0,0,0,0,0,0,0,0,1470.5299999999997

15,03:30-03:45,0,0,0,14.45,76.71,163.8,12.53,0.53,0,48.18,96.35,0,48.18,96.35,0,26.27,26.27,26.27,54.2,8.67,44.32,81.9,43.7,19.37,26.93,0,192.7,0,28.9,0,0,0,0,0,0,0,8.76,19.27,96.35,0,15.27,20.79,96.35,8.76,17.38,26.93,24.09,0,0,0,0,0,0,0,0,0,1470.5299999999997

16,03:45-04:00,0,0,0,14.45,76.71,163.8,12.53,0.53,0,48.18,96.35,0,48.18,96.35,0,26.27,26.27,26.27,54.2,8.67,44.32,81.9,43.7,19.37,26.93,0,192.7,0,28.9,0,0,0,0,0,0,0,8.76,19.27,96.35,0,15.27,20.79,96.35,8.76,17.38,26.93,24.09,0,0,0,0,0,0,0,0,0,1470.5299999999997

17,04:00-04:15,0,0,0,14.45,76.71,163.8,12.53,0.53,0,48.18,0,0,48.18,0,0,26.27,26.27,26.27,0,8.67,44.32,81.9,43.7,19.37,26.93,0,192.7,0,28.9,0,0,0,0,0,0,0,8.76,19.27,96.35,0,15.27,20.79,96.35,8.76,17.38,26.93,24.09,0,0,0,0,0,0,0,0,0,1223.6299999999999

18,04:15-04:30,0,0,0,14.45,76.71,163.8,12.53,0.53,0,48.18,0,0,48.18,0,0,26.27,26.27,26.27,0,8.67,44.32,81.9,43.7,19.37,26.93,0,192.7,0,28.9,0,0,0,0,0,0,0,8.76,19.27,96.35,0,15.27,20.79,96.35,8.76,17.38,26.93,24.09,0,0,0,0,0,0,0,0,0,1223.6299999999999

19,04:30-04:45,0,0,0,14.45,76.71,163.8,12.53,0.53,0,48.18,0,0,48.18,0,0,26.27,26.27,26.27,0,8.67,44.32,81.9,43.7,19.37,26.93,0,192.7,0,28.9,0,0,0,0,0,0,0,8.76,19.27,96.35,0,15.27,20.79,96.35,8.76,17.38,26.93,24.09,0,0,0,0,0,0,0,0,0,1223.6299999999999

20,04:45-05:00,0,0,0,14.45,76.71,163.8,12.53,0.53,0,48.18,0,0,48.18,0,0,26.27,26.27,26.27,0,8.67,44.32,81.9,43.7,19.37,26.93,0,192.7,0,28.9,0,0,0,0,0,0,0,8.76,19.27,96.35,0,15.27,20.79,96.35,8.76,17.38,26.93,24.09,0,0,0,0,0,0,0,0,0,1223.6299999999999

21,05:00-05:15,0,0,0,14.45,76.71,163.8,0,0.53,0,48.18,0,0,48.18,0,0,26.27,26.27,26.27,0,8.67,44.32,81.9,43.7,19.37,26.93,0,192.7,0,28.9,0,0,0,0,0,0,0,8.76,19.27,96.35,0,15.27,20.79,96.35,8.76,17.38,26.93,24.09,0,0,0,0,0,0,0,0,0,1211.1

22,05:15-05:30,0,0,0,14.45,76.71,163.8,0,0.53,0,48.18,0,0,48.18,0,0,26.27,26.27,26.27,0,8.67,44.32,81.9,43.7,19.37,26.93,0,192.7,0,28.9,0,0,0,0,0,0,0,8.76,19.27,96.35,0,15.27,20.79,96.35,8.76,17.38,26.93,24.09,0,0,0,0,0,0,0,0,0,1211.1

23,05:30-05:45,0,0,0,14.45,76.71,163.8,0,0.53,0,48.18,0,0,48.18,0,0,26.27,26.27,26.27,0,8.67,44.32,81.9,43.7,19.37,26.93,0,192.7,0,28.9,0,0,0,0,0,0,0,8.76,19.27,96.35,0,15.27,20.79,96.35,8.76,17.38,26.93,24.09,0,0,0,0,0,0,0,0,0,1211.1

24,05:45-06:00,0.08,0,0,14.45,76.71,163.8,0,0.53,0,48.18,0,0,48.18,0,0,26.27,26.27,26.27,0,8.67,44.32,81.9,43.7,19.37,26.93,0,192.7,0,28.9,0,0,0,0,0,0,0,8.76,19.27,96.35,0,15.27,20.79,96.35,8.76,17.38,26.93,24.09,0,0,0,0,0,0,0,0,0,1211.1799999999998

25,06:00-06:15,0.56,0,1,14.45,76.71,163.8,0,0.82,0,48.18,0,0,48.18,0,0,26.27,26.27,26.27,0,0,44.32,81.9,43.7,19.37,26.93,0,192.7,0,28.9,0,0,0,0,0,0,0,8.76,19.27,96.35,24.09,15.27,20.79,96.35,8.76,17.38,26.93,24.09,0,0,0,0,0,0,0,0,0,1228.37

26,06:15-06:30,1.4,0,4,14.45,76.71,163.8,0,0.82,0,48.18,0,0,48.18,0,0,26.27,26.27,26.27,0,0,44.32,81.9,43.7,19.37,26.93,0,192.7,0,28.9,0,0,0,0,0,0,0,8.76,19.27,96.35,24.09,15.27,20.79,96.35,8.76,17.38,26.93,24.09,0,0,0,0,0,0,0,0,0,1232.21

27,06:30-06:45,2.75,0.84,8,14.45,76.71,163.8,0,0.82,0,48.18,0,0,48.18,0,0,26.27,26.27,26.27,0,0,44.32,81.9,43.7,19.37,26.93,0,192.7,0,28.9,0,0,0,0,0,0,0,8.76,19.27,96.35,24.09,15.27,20.79,96.35,8.76,17.38,26.93,24.09,0,0,0,0,0,0,0,0,0,1238.3999999999999

28,06:45-07:00,4.67,1.38,14,14.45,76.71,163.8,0,0.82,0,48.18,0,0,48.18,0,0,26.27,26.27,26.27,0,0,44.32,81.9,43.7,19.37,26.93,0,192.7,0,28.9,0,0,0,0,0,0,0,8.76,19.27,96.35,24.09,15.27,20.79,96.35,8.76,17.38,26.93,24.09,0.03,0,0,0.06,0,0.01,0,0,0,1246.9599999999996

29,07:00-07:15,7.09,1.98,18,14.45,76.71,163.8,0,0.87,0,48.18,0,0,48.18,0,0,26.27,26.27,26.27,0,0,44.32,81.9,43.7,19.37,26.93,0,192.7,0,28.9,0,0,0,0,0,0,0,8.76,19.27,96.35,24.09,15.27,20.79,96.35,8.76,17.38,26.93,24.09,0.08,0,0,0.15,0,0.08,0,0,0,1254.2399999999998

30,07:15-07:30,10.05,2.98,25,14.45,76.71,163.8,0,0.87,0,48.18,0,0,48.18,0,0,26.27,26.27,26.27,0,0,44.32,81.9,43.7,19.37,26.93,0,192.7,0,28.9,0,0,0,0,0,0,0,8.76,19.27,96.35,24.09,15.27,20.79,96.35,8.76,17.38,26.93,24.09,0.13,0,0,0.27,0,0.13,0,0,0,1265.42

31,07:30-07:45,13.8,3.86,28,14.45,76.71,163.8,0,0.87,0,48.18,0,0,48.18,0,0,26.27,26.27,26.27,0,0,44.32,81.9,43.7,19.37,26.93,0,192.7,0,28.9,0,0,0,0,0,0,0,8.76,19.27,96.35,24.09,15.27,20.79,96.35,8.76,17.38,26.93,24.09,0.19,0,0,0.39,0,0.19,0,0,0,1273.29

32,07:45-08:00,18,5.26,35,14.45,76.71,163.8,0,0.87,0,48.18,0,0,48.18,0,0,26.27,26.27,26.27,0,0,44.32,81.9,43.7,19.37,26.93,0,192.7,0,28.9,0,0,0,0,0,0,0,8.76,19.27,96.35,24.09,15.27,20.79,96.35,8.76,17.38,26.93,24.09,0.29,0,0.03,0.48,0,0.19,0.04,0,0.02,1286.1699999999998

33,08:00-08:15,22.45,6.2,42,14.45,76.71,163.8,11.56,0.96,0,48.18,0,0,48.18,0,0,26.27,26.27,26.27,0,0,44.32,81.9,48.18,19.37,26.93,0,192.7,0,28.9,0,0,0,0,0,0,0,8.76,19.27,96.35,24.09,15.27,20.79,96.35,8.76,17.38,26.93,24.09,0.29,1.16,0.13,0.48,1.64,0.19,0.16,0,0.11,1317.8

34,08:15-08:30,27.3,8.55,49,14.45,76.71,163.8,11.56,0.96,0,48.18,0,0,48.18,0,0,26.27,26.27,26.27,0,0,44.32,81.9,48.18,19.37,26.93,0,192.7,0,28.9,0,0,0,0,0,0,0,8.76,19.27,96.35,24.09,15.27,20.79,96.35,8.76,17.38,26.93,24.09,0.29,1.16,0.23,0.48,1.64,0.19,0.3,0,0.19,1332.32

35,08:30-08:45,32.15,5.89,56,14.45,76.71,163.8,13.49,0.96,0,48.18,0,0,48.18,0,0,26.27,26.27,26.27,0,0,44.32,81.9,48.18,19.37,26.93,0,192.7,0,28.9,0,0,0,0,0,0,0,8.76,19.27,96.35,24.09,15.27,20.79,96.35,8.76,17.38,26.93,24.09,0.29,1.16,0.3,0.48,1.64,0.19,0.39,0,0.26,1343.67

36,08:45-09:00,37.35,5.89,63,14.45,76.71,163.8,13.49,0.96,0,48.18,0,0,48.18,0,0,26.27,26.27,26.27,0,0,44.32,81.9,48.18,19.37,26.93,0,192.7,0,28.9,0,0,0,0,0,0,0,8.76,19.27,96.35,24.09,15.27,20.79,96.35,8.76,17.38,26.93,24.09,0.29,1.16,0.33,0.48,1.64,0.19,0.47,0,0.33,1356.05

37,09:00-09:15,42.69,5.89,84,14.45,0,0,13.49,0.96,0,0,0,0,0,0,0,0,0,0,0,0,26.23,81.9,48.18,19.37,26.94,0,192.7,37.23,192.7,43.79,43.79,48.18,48.18,18.09,76.71,0,8.76,19.27,96.35,24.09,15.27,20.79,96.35,8.76,17.38,26.94,24.09,0.29,1.16,0.4,0.48,1.64,0.19,0.5,0,0.35,1428.5299999999997

38,09:15-09:30,47.59,6.87,91,14.45,0,0,13.49,0.96,0,0,0,0,0,0,0,0,0,0,0,0,26.23,81.9,48.18,19.37,26.94,0,192.7,37.23,192.7,43.79,43.79,48.18,48.18,18.09,76.71,0,8.76,19.27,96.35,24.09,15.27,20.79,96.35,8.76,17.38,26.94,24.09,0.29,1.16,0.41,0.48,1.64,0.19,0.52,0,0.37,1441.4599999999998

39,09:30-09:45,46.47,6.87,91,14.45,0,0,13.49,0.96,0,0,0,0,0,0,0,0,0,0,0,0,26.23,81.9,48.18,19.37,26.94,0,192.7,37.23,192.7,43.79,43.79,48.18,48.18,18.09,76.71,0,8.76,19.27,96.35,24.09,15.27,20.79,96.35,8.76,17.38,26.94,24.09,0.29,1.16,0.43,0.48,1.64,0.19,0.54,0,0.38,1440.3899999999999

40,09:45-10:00,50.53,7.84,98,14.45,0,0,13.49,0.96,0,0,0,0,0,0,0,0,0,0,0,0,26.23,81.9,48.18,19.37,26.94,0,192.7,37.23,192.7,43.79,43.79,48.18,48.18,18.09,76.71,0,8.76,19.27,96.35,24.09,15.27,20.79,96.35,8.76,17.38,26.94,24.09,0.29,1.16,0.47,0.48,1.64,0.19,0.6,0,0.41,1452.5499999999997

41,10:00-10:15,72.97,7.84,98,14.45,0,0,13.49,0.96,0,0,0,0,0,0,0,0,0,0,0,0,26.23,81.9,48.18,19.37,26.94,0,192.7,37.23,192.7,43.79,43.79,48.18,48.18,18.09,76.71,0,8.76,19.27,96.35,24.09,15.27,20.79,96.35,8.76,17.38,26.94,24.09,0.29,1.16,0.61,0.48,1.64,0.19,0.75,1.45,0.53,1476.8499999999997

42,10:15-10:30,76,7.84,105,14.45,0,0,13.49,0.96,0,0,0,0,0,0,0,0,0,0,0,0,26.23,81.9,48.18,19.37,26.94,0,192.7,37.23,192.7,43.79,43.79,48.18,48.18,18.09,76.71,0,8.76,19.27,96.35,24.09,15.27,20.79,96.35,8.76,17.38,26.94,24.09,0.29,1.16,0.76,0.48,1.64,0.19,0.95,1.45,0.66,1487.36

43,10:30-10:45,79.02,11.55,112,14.45,0,0,13.49,0.96,0,0,0,0,0,0,0,0,0,0,0,0,26.23,81.9,48.18,19.37,26.94,0,192.7,37.23,192.7,43.79,43.79,48.18,48.18,18.09,76.71,0,8.76,19.27,96.35,24.09,15.27,20.79,96.35,8.76,17.38,26.94,24.09,0.29,1.16,0.48,0.48,1.64,0.19,0.67,1.45,0.39,1500.26

44,10:45-11:00,82.04,12.83,119,14.45,0,0,13.49,0.96,0,0,0,0,0,0,0,0,0,0,0,0,26.23,81.9,48.18,19.37,26.94,0,192.7,37.23,192.7,43.79,43.79,48.18,48.18,18.09,76.71,0,8.76,19.27,96.35,24.09,15.27,20.79,96.35,8.76,17.38,26.94,24.09,0.29,1.16,0.48,0.48,1.64,0.19,0.67,1.45,0.39,1511.56

45,11:00-11:15,83.24,14.11,119,14.45,0,0,13.49,0.96,0,0,0,0,0,0,0,0,0,0,0,0,26.23,81.9,48.18,19.37,26.94,0,192.7,37.23,192.7,43.79,43.79,48.18,48.18,18.09,76.71,0,8.76,19.27,96.35,24.09,15.27,20.79,96.35,8.76,17.38,26.94,24.09,0.29,1.16,0.48,0.48,1.64,0.19,0.67,1.45,0.39,1514.04

46,11:15-11:30,84.07,15.55,119,14.45,0,0,13.49,0.96,0,0,0,0,0,0,0,0,0,0,0,0,26.23,81.9,48.18,19.37,26.94,0,192.7,37.23,192.7,43.79,43.79,48.18,48.18,18.09,76.71,0,8.76,19.27,96.35,24.09,15.27,20.79,96.35,8.76,17.38,26.94,24.09,0.29,1.16,0.48,0.48,1.64,0.19,0.67,1.45,0.39,1516.31

47,11:30-11:45,81.67,16.93,84,14.45,0,0,13.49,0.96,0,0,0,0,0,0,0,0,0,0,0,0,26.23,81.9,48.18,19.37,26.94,0,192.7,37.23,192.7,43.79,43.79,48.18,48.18,18.09,76.71,0,8.76,19.27,96.35,24.09,15.27,20.79,96.35,8.76,17.38,26.94,24.09,0.29,1.16,0.48,0.48,1.64,0.19,0.67,1.45,0.39,1480.29

48,11:45-12:00,83.33,18.21,84,14.45,0,0,13.49,0.96,0,0,0,0,0,0,0,0,0,0,0,0,26.23,81.9,48.18,19.37,26.94,0,192.7,37.23,192.7,43.79,43.79,48.18,48.18,18.09,76.71,0,8.76,19.27,96.35,24.09,15.27,20.79,96.35,8.76,17.38,26.94,24.09,0.29,1.16,0.48,0.48,1.64,0.19,0.67,1.45,0.39,1483.23

49,12:00-12:15,83.58,19.4,77,14.45,0,0,13.49,0.96,0,0,0,0,0,0,0,0,0,0,0,0,26.23,81.9,48.18,14.57,26.95,0,192.7,37.23,192.7,43.79,43.79,48.18,48.18,18.09,76.71,0,8.76,19.27,96.35,24.09,15.27,20.79,96.35,8.76,17.38,26.95,24.09,0.29,1.16,0,0.18,1.64,0.08,0.67,1.45,0.39,1471.9999999999998

50,12:15-12:30,83.72,19.69,81,14.45,0,0,13.49,0.96,0,0,0,0,0,0,0,0,0,0,0,0,26.23,81.9,48.18,14.57,26.95,0,192.7,37.23,192.7,43.79,43.79,48.18,48.18,18.09,76.71,0,8.76,19.27,96.35,24.09,15.27,20.79,96.35,8.76,17.38,26.95,24.09,0.29,1.16,0,0.2,1.64,0.09,0.67,1.45,0.39,1476.4599999999998

51,12:30-12:45,81.67,19.95,91,14.45,0,0,13.49,0.96,0,0,0,0,0,0,0,0,0,0,0,0,26.23,81.9,48.18,14.57,26.95,0,192.7,37.23,192.7,43.79,43.79,48.18,48.18,18.09,76.71,0,8.76,19.27,96.35,24.09,15.27,20.79,96.35,8.76,17.38,26.95,24.09,0.29,1.16,0,0.24,1.64,0.1,0.67,1.45,0.39,1484.7199999999998

52,12:45-13:00,83.33,20.23,91,14.45,0,0,13.49,0.96,0,0,0,0,0,0,0,0,0,0,0,0,26.23,81.9,48.18,14.57,26.95,0,192.7,37.23,192.7,43.79,43.79,48.18,48.18,18.09,76.71,0,8.76,19.27,96.35,24.09,15.27,20.79,96.35,8.76,17.38,26.95,24.09,0.29,1.16,0,0.28,1.64,0.11,0.67,1.45,0.39,1486.7099999999998

53,13:00-13:15,78.2,8.83,102,14.45,0,0,13.49,0.96,0,0,0,0,0,0,0,0,0,0,0,0,26.23,81.9,48.18,14.57,26.95,0,192.7,37.23,192.7,43.79,43.79,48.18,48.18,18.09,76.71,0,14.6,19.27,96.35,24.09,15.27,20.79,96.35,14.6,28.97,26.95,24.09,0.29,1.16,0,0.33,1.64,0.13,0.67,1.45,0.39,1504.5199999999998

54,13:15-13:30,79.73,8.83,98,14.45,0,0,13.49,0.96,0,0,0,0,0,0,0,0,0,0,0,0,26.23,81.9,48.18,14.57,26.95,0,192.7,37.23,192.7,43.79,43.79,48.18,48.18,18.09,76.71,0,14.6,19.27,96.35,24.09,15.27,20.79,96.35,14.6,28.97,26.95,24.09,0.29,1.16,0.1,0.36,1.64,0.14,0.67,1.45,0.39,1502.1899999999996

55,13:30-13:45,79.73,8.83,119,14.45,0,0,13.49,0.96,0,0,0,0,0,0,0,0,0,0,0,0,26.23,81.9,48.18,14.57,26.95,0,192.7,37.23,192.7,43.79,43.79,48.18,48.18,18.09,76.71,0,14.6,19.27,96.35,24.09,15.27,20.79,96.35,14.6,28.97,26.95,24.09,0.29,1.16,0.45,0.44,1.64,0.17,0.63,1.45,0.36,1523.5799999999997

56,13:45-14:00,79.73,8.83,119,14.45,0,0,13.49,0.96,0,0,0,0,0,0,0,0,0,0,0,0,26.23,81.9,48.18,14.57,26.95,0,192.7,37.23,192.7,43.79,43.79,48.18,48.18,18.09,76.71,0,14.6,19.27,96.35,24.09,15.27,20.79,96.35,14.6,28.97,26.95,24.09,0.29,1.16,0.45,0.45,1.64,0.18,0.63,1.45,0.36,1523.5999999999997

57,14:00-14:15,72.59,8.83,126,14.45,0,0,13.49,0.96,0,0,0,0,0,0,0,0,0,0,0,0,26.23,81.9,48.18,0,26.95,96.35,192.7,37.23,192.7,43.79,43.79,48.18,48.18,18.09,76.71,96.35,14.6,19.27,96.35,24.09,15.27,20.79,96.35,14.6,28.97,26.95,24.09,0.28,1.16,0.45,0.47,1.64,0.19,0.63,1.45,0.36,1701.61

58,14:15-14:30,71.86,8.83,123,14.45,0,0,13.49,0.96,0,0,0,0,0,0,0,0,0,0,0,0,26.23,81.9,48.18,0,26.95,96.35,192.7,37.23,192.7,43.79,43.79,48.18,48.18,18.09,76.71,96.35,14.6,19.27,96.35,24.09,15.27,20.79,96.35,14.6,28.97,26.95,24.09,0.28,1.16,0.45,0.47,1.64,0.19,0.63,1.45,0.36,1697.8799999999999

59,14:30-14:45,68.59,8.83,105,14.45,0,0,13.49,0.96,0,0,0,0,0,0,0,0,0,0,0,0,26.23,81.9,48.18,0,26.95,96.35,192.7,37.23,192.7,43.79,43.79,48.18,48.18,18.09,76.71,96.35,14.6,19.27,96.35,24.09,15.27,20.79,96.35,14.6,28.97,26.95,24.09,0.27,1.16,0.77,0.45,1.64,0.18,0.73,1.45,0.51,1677.1399999999999

60,14:45-15:00,67.05,8.83,102,14.45,0,0,13.49,0.96,0,0,0,0,0,0,0,0,0,0,0,0,26.23,81.9,48.18,0,26.95,96.35,192.7,37.23,192.7,43.79,43.79,48.18,48.18,18.09,76.71,96.35,14.6,19.27,96.35,24.09,15.27,20.79,96.35,14.6,28.97,26.95,24.09,0.27,1.16,0.77,0.45,1.64,0.18,0.53,1.45,0.38,1672.2699999999998

61,15:00-15:15,64.05,10.78,95,14.45,0,0,13.49,0.96,0,0,0,0,0,0,0,0,0,0,0,0,26.23,81.9,48.18,0,26.95,96.35,192.7,37.23,192.7,43.79,43.79,48.18,48.18,18.09,76.71,96.35,14.6,19.27,96.35,24.09,15.27,20.79,96.35,14.6,28.97,26.95,24.09,0.28,1.16,0.77,0.47,1.64,0.18,0.4,1.45,0.29,1664.0299999999997

62,15:15-15:30,60.79,10.78,91,14.45,0,0,13.49,0.96,0,0,0,0,0,0,0,0,0,0,0,0,26.23,81.9,48.18,0,26.95,96.35,192.7,37.23,192.7,43.79,43.79,48.18,48.18,18.09,76.71,96.35,14.6,19.27,96.35,24.09,15.27,20.79,96.35,14.6,28.97,26.95,24.09,0.29,1.16,0.77,0.48,1.64,0.19,0.35,1.45,0.24,1656.6999999999996

63,15:30-15:45,57.47,10.78,98,14.45,0,0,13.49,0.96,0,0,0,0,0,0,0,0,0,0,0,0,26.23,81.9,48.18,0,26.95,96.35,192.7,37.23,192.7,43.79,43.79,48.18,48.18,18.09,76.71,96.35,14.6,19.27,96.35,24.09,15.27,20.79,96.35,14.6,28.97,26.95,24.09,0.27,1.16,0.77,0.44,1.64,0.17,0.34,1.45,0.23,1660.2799999999997

64,15:45-16:00,54.12,10.78,91,14.45,0,0,13.49,0.96,0,0,0,0,0,0,0,0,0,0,0,0,26.23,81.9,48.18,0,26.95,96.35,192.7,37.23,192.7,43.79,43.79,48.18,48.18,18.09,76.71,96.35,14.6,19.27,96.35,24.09,15.27,20.79,96.35,14.6,28.97,26.95,24.09,0.26,1.16,0.77,0.44,1.64,0.17,0.33,1.45,0.23,1649.9099999999994

65,16:00-16:15,54.01,10.78,88,14.45,76.71,163.8,13.49,0.87,0,48.18,0,96.35,48.18,0,96.35,43.79,43.79,37.23,0,0,44.32,81.9,48.18,0,26.95,0,192.7,0,28.9,0,0,0,0,0,0,0,14.6,19.27,96.35,24.09,15.27,20.79,96.35,14.6,28.97,26.95,24.09,0.16,0,0.77,0.27,0,0.11,0.1,0,0.07,1641.7399999999993

66,16:15-16:30,48.97,10.78,84,14.45,76.71,163.8,13.49,0.87,0,48.18,0,96.35,48.18,0,96.35,43.79,43.79,37.23,0,0,44.32,81.9,48.18,0,26.95,0,192.7,0,28.9,0,0,0,0,0,0,0,14.6,19.27,96.35,24.09,15.27,20.79,96.35,14.6,28.97,26.95,24.09,0.18,0,0.77,0.31,0,0.13,0.03,0,0.02,1632.6599999999996

67,16:30-16:45,43.7,10.78,77,14.45,76.71,163.8,13.49,0.87,0,48.18,0,96.35,48.18,0,96.35,43.79,43.79,37.23,0,0,44.32,81.9,48.18,0,26.95,0,192.7,0,28.9,0,0,0,0,0,0,0,14.6,19.27,96.35,24.09,15.27,20.79,96.35,14.6,28.97,26.95,24.09,0.23,0,0.77,0.39,0,0.15,0,0,0,1620.4899999999998

68,16:45-17:00,38.06,8.83,67,14.45,76.71,163.8,13.49,0.87,0,48.18,0,96.35,48.18,0,96.35,43.79,43.79,37.23,0,0,44.32,81.9,48.18,0,26.95,0,192.7,0,28.9,0,0,0,0,0,0,0,14.6,19.27,96.35,24.09,15.27,20.79,96.35,14.6,28.97,26.95,24.09,0.24,0,0.77,0.4,0,0.15,0,0,0,1602.9199999999996

69,17:00-17:15,32.23,8.17,60,14.45,76.71,163.8,13.49,0.87,0,48.18,0,96.35,48.18,0,96.35,43.79,43.79,37.23,0,8.67,44.32,81.9,48.18,0,26.95,0,192.7,0,28.9,0,0,0,0,0,0,0,14.6,19.27,96.35,24.09,15.27,20.79,96.35,14.6,28.97,26.95,24.09,0.24,0,0.77,0.4,0,0.16,0,0,0,1598.1099999999997

70,17:15-17:30,29.57,7.89,49,14.45,76.71,163.8,13.49,0.87,0,48.18,0,96.35,48.18,0,96.35,43.79,43.79,37.23,0,8.67,44.32,81.9,48.18,0,26.95,0,192.7,0,28.9,0,0,0,0,0,0,0,14.6,19.27,96.35,24.09,15.27,20.79,96.35,14.6,28.97,26.95,24.09,0.25,0,0.77,0.41,0,0.16,0,0,0,1584.1899999999996

71,17:30-17:45,21.43,7.71,39,14.45,76.71,163.8,13.49,0.87,0,48.18,0,96.35,48.18,0,96.35,43.79,43.79,37.23,0,8.67,44.32,81.9,48.18,0,26.95,0,192.7,0,28.9,0,0,0,0,0,0,0,14.6,19.27,96.35,24.09,15.27,20.79,96.35,14.6,28.97,26.95,24.09,0.22,0,0,0.38,0,0.14,0,0,0,1565.0199999999998

72,17:45-18:00,16.39,7.78,32,14.45,76.71,163.8,13.49,0.87,0,48.18,0,96.35,48.18,0,96.35,43.79,43.79,37.23,0,8.67,44.32,81.9,48.18,0,26.95,0,192.7,0,28.9,0,0,0,0,0,0,0,14.6,19.27,96.35,24.09,15.27,20.79,96.35,14.6,28.97,26.95,24.09,0.17,0,0,0.29,0,0.12,0,0,0,1552.8899999999994

73,18:00-18:15,12.85,8.59,25,14.45,76.71,163.8,13.49,0.87,48.18,48.18,0,96.35,48.18,0,96.35,43.79,43.79,37.23,0,8.67,44.32,81.9,48.18,0,26.58,0,192.7,0,28.9,0,0,0,0,0,0,0,14.6,0,96.35,24.09,0,20.79,48.18,14.6,28.97,30,24.09,0.13,0,0,0.21,0,0.09,0,0,0,1511.1599999999996

74,18:15-18:30,8.78,6.24,18,14.45,76.71,163.8,13.49,0.87,48.18,48.18,0,96.35,48.18,0,96.35,43.79,43.79,37.23,0,8.67,44.32,81.9,48.18,0,26.58,0,192.7,0,28.9,0,0,0,0,0,0,0,14.6,0,96.35,24.09,0,20.79,48.18,14.6,28.97,30,24.09,0.09,0,0,0.14,0,0.06,0,0,0,1497.5999999999997

75,18:30-18:45,3.17,4.08,11,14.45,76.71,163.8,13.49,0.87,48.18,48.18,0,96.35,48.18,0,96.35,43.79,43.79,37.23,0,8.67,44.32,81.9,48.18,0,26.58,0,192.7,0,28.9,0,0,0,0,0,0,0,14.6,0,96.35,24.09,0,20.79,48.18,14.6,28.97,30,24.09,0.05,0,0,0.09,0,0.04,0,0,0,1482.7199999999996

76,18:45-19:00,1.24,2.61,6,14.45,76.71,163.8,13.49,0.87,48.18,48.18,0,96.35,48.18,0,96.35,43.79,43.79,37.23,0,8.67,44.32,81.9,48.18,0,24.51,0,192.7,0,28.9,0,0,0,0,0,0,0,14.6,0,96.35,24.09,0,20.79,48.18,14.6,28.97,30,24.09,0.02,0,0,0.04,0,0.02,0,0,0,1472.1499999999994

77,19:00-19:15,0.76,0,1,14.45,76.71,163.8,13.49,0.92,48.18,48.18,0,96.35,48.18,0,96.35,43.79,43.79,37.23,0,8.67,44.32,81.9,40.3,0,16.26,0,192.7,0,28.9,0,0,0,0,0,0,0,14.6,0,96.35,24.09,0,20.79,48.18,14.6,28.97,30,24.09,0,0,0,0,0,0,0,0,0,1447.8999999999996

78,19:15-19:30,0.28,0,0,14.45,76.71,163.8,13.49,0.92,48.18,48.18,0,96.35,48.18,0,96.35,43.79,43.79,37.23,0,8.67,44.32,81.9,40.3,0,16.26,0,192.7,0,28.9,0,0,0,0,0,0,0,14.6,0,96.35,24.09,0,20.79,48.18,14.6,28.97,30,24.09,0,0,0,0,0,0,0,0,0,1446.4199999999996

79,19:30-19:45,0.07,0,0,14.45,76.71,163.8,13.49,0.92,48.18,48.18,0,96.35,48.18,0,96.35,43.79,43.79,37.23,0,8.67,44.32,81.9,40.3,0,2.87,0,192.7,0,28.9,0,0,0,0,0,0,0,14.6,0,96.35,24.09,0,20.79,48.18,14.6,28.97,30,24.09,0,0,0,0,0,0,0,0,0,1432.8199999999995

80,19:45-20:00,0,0,0,14.45,76.71,163.8,13.49,0.92,48.18,48.18,0,96.35,48.18,0,96.35,43.79,43.79,37.23,0,8.67,44.32,81.9,40.3,0,2.87,0,192.7,0,28.9,0,0,0,0,0,0,0,14.6,0,96.35,24.09,0,20.79,48.18,14.6,28.97,30,24.09,0,0,0,0,0,0,0,0,0,1432.7499999999995

81,20:00-20:15,0,0,0,14.45,76.71,163.8,13.49,0.92,48.18,48.18,0,96.35,48.18,0,96.35,43.79,43.79,37.23,54.2,8.67,44.32,81.9,40.3,0,30,0,192.7,0,28.9,0,0,0,0,0,0,0,14.6,0,96.35,24.09,0,20.79,48.18,14.6,28.97,30,24.09,0,0,0,0,0,0,0,0,0,1514.0799999999997

82,20:15-20:30,0,0,0,14.45,76.71,163.8,13.49,0.92,48.18,48.18,0,96.35,48.18,0,96.35,43.79,43.79,37.23,54.2,8.67,44.32,81.9,40.3,0,30,0,192.7,0,28.9,0,0,0,0,0,0,0,14.6,0,96.35,24.09,0,20.79,48.18,14.6,28.97,30,24.09,0,0,0,0,0,0,0,0,0,1514.0799999999997

83,20:30-20:45,0,0,0,14.45,76.71,163.8,13.49,0.92,48.18,48.18,0,96.35,48.18,0,96.35,43.79,43.79,37.23,54.2,8.67,44.32,81.9,40.3,0,30,0,192.7,0,28.9,0,0,0,0,0,0,0,14.6,0,96.35,24.09,0,20.79,48.18,14.6,28.97,30,24.09,0,0,0,0,0,0,0,0,0,1514.0799999999997

84,20:45-21:00,0,0,0,14.45,76.71,163.8,13.49,0.92,48.18,48.18,0,96.35,48.18,0,96.35,43.79,43.79,37.23,54.2,8.67,44.32,81.9,40.3,0,30,0,192.7,0,28.9,0,0,0,0,0,0,0,14.6,0,96.35,24.09,0,20.79,48.18,14.6,28.97,30,24.09,0,0,0,0,0,0,0,0,0,1514.0799999999997

85,21:00-21:15,0,0,0,14.45,105.98,163.8,13.49,0.92,48.18,48.18,0,96.35,48.18,0,96.35,43.79,43.79,37.23,54.2,8.67,44.32,81.9,40.3,0,30,0,192.7,0,28.9,0,0,0,0,0,0,0,14.6,0,96.35,24.09,0,20.79,48.18,14.6,28.97,30,24.09,0,0,0,0,0,0,0,0,0,1543.3499999999997

86,21:15-21:30,0,0,0,14.45,105.98,163.8,13.49,0.92,48.18,48.18,0,96.35,48.18,0,96.35,43.79,43.79,37.23,54.2,8.67,44.32,81.9,40.3,0,30,0,192.7,0,28.9,0,0,0,0,0,0,0,14.6,0,96.35,24.09,0,20.79,48.18,14.6,28.97,30,24.09,0,0,0,0,0,0,0,0,0,1543.3499999999997

87,21:30-21:45,0,0,0,14.45,105.98,163.8,13.49,0.92,48.18,48.18,0,96.35,48.18,0,96.35,43.79,43.79,37.23,54.2,8.67,44.32,81.9,40.3,0,11.12,0,192.7,0,28.9,0,0,0,0,0,0,0,14.6,0,96.35,24.09,0,20.79,48.18,14.6,28.97,30,24.09,0,0,0,0,0,0,0,0,0,1524.4699999999996

88,21:45-22:00,0,0,0,14.45,105.98,163.8,13.49,0.92,48.18,48.18,0,96.35,48.18,0,96.35,43.79,43.79,37.23,54.2,8.67,44.32,81.9,40.3,0,11.12,0,192.7,0,28.9,0,0,0,0,0,0,0,14.6,0,96.35,24.09,0,20.79,48.18,14.6,28.97,30,24.09,0,0,0,0,0,0,0,0,0,1524.4699999999996

89,22:00-22:15,0,0,0,14.45,105.98,163.8,13.49,0.92,48.18,48.18,0,96.35,48.18,0,96.35,43.79,43.79,37.23,54.2,8.67,44.32,81.9,40.3,0,24.51,0,192.7,0,28.9,0,0,0,0,0,0,0,14.6,0,96.35,24.09,0,20.79,48.18,14.6,28.97,30,24.09,0,0,0,0,0,0,0,0,0,1537.8599999999997

90,22:15-22:30,0,0,0,14.45,105.98,163.8,13.49,0.92,48.18,48.18,0,96.35,48.18,0,96.35,43.79,43.79,37.23,54.2,8.67,44.32,81.9,40.3,0,24.51,0,192.7,0,28.9,0,0,0,0,0,0,0,14.6,0,96.35,24.09,0,20.79,48.18,14.6,28.97,30,24.09,0,0,0,0,0,0,0,0,0,1537.8599999999997

91,22:30-22:45,0,0,0,14.45,105.98,163.8,12.53,0.92,48.18,48.18,0,96.35,48.18,0,96.35,43.79,43.79,37.23,54.2,8.67,44.32,81.9,40.3,0,24.51,0,192.7,0,28.9,0,0,0,0,0,0,0,14.6,0,96.35,24.09,0,20.79,48.18,14.6,28.97,30,24.09,0,0,0,0,0,0,0,0,0,1536.8999999999996

92,22:45-23:00,0,0,0,14.45,105.98,163.8,12.53,0.92,48.18,48.18,0,96.35,48.18,0,96.35,43.79,43.79,37.23,54.2,8.67,44.32,81.9,40.3,0,24.51,0,192.7,0,28.9,0,0,0,0,0,0,0,14.6,0,96.35,24.09,0,20.79,48.18,14.6,28.97,30,24.09,0,0,0,0,0,0,0,0,0,1536.8999999999996

93,23:00-23:15,0,0,0,14.45,105.98,163.8,12.53,0.87,48.18,48.18,0,96.35,48.18,0,96.35,43.79,43.79,37.23,54.2,8.67,44.32,81.9,40.3,0,24.51,0,192.7,0,28.9,0,0,0,0,0,0,0,14.6,0,96.35,24.09,0,20.79,48.18,14.6,28.97,30,24.09,0,0,0,0,0,0,0,0,0,1536.8499999999997

94,23:15-23:30,0,0,0,14.45,105.98,163.8,12.53,0.87,48.18,48.18,0,96.35,48.18,0,96.35,43.79,43.79,37.23,54.2,8.67,44.32,81.9,40.3,0,24.51,0,192.7,0,28.9,0,0,0,0,0,0,0,14.6,0,96.35,24.09,0,20.79,48.18,14.6,28.97,30,24.09,0,0,0,0,0,0,0,0,0,1536.8499999999997

95,23:30-23:45,0,0,0,14.45,105.98,163.8,12.53,0.87,48.18,48.18,0,96.35,48.18,0,96.35,43.79,43.79,37.23,54.2,8.67,44.32,81.9,40.3,0,26.58,0,192.7,0,28.9,0,0,0,0,0,0,0,14.6,0,96.35,24.09,0,20.79,48.18,14.6,28.97,30,24.09,0,0,0,0,0,0,0,0,0,1538.9199999999996

96,23:45-24:00,0,0,0,14.45,105.98,163.8,12.53,0.87,48.18,48.18,0,96.35,48.18,0,96.35,43.79,43.79,37.23,54.2,8.67,44.32,81.9,40.3,0,26.58,0,192.7,0,28.9,0,0,0,0,0,0,0,14.6,0,96.35,24.09,0,20.79,48.18,14.6,28.97,30,24.09,0,0,0,0,0,0,0,0,0,1538.9199999999996

